time,symbol,timeframe,low,high,open,close,volume,id
2023-08-07 00:00:00,BTC/USD,1d,29011.8,29215.2,29081.3,29194.8,17870.0,11f5123b34948310432f14c3ae3b2b00
2023-08-06 00:00:00,BTC/USD,1d,28987.4,29198.9,29067.9,29081.3,16030.0,5e38aa9497a1e6f1c7ca103e2f26986e
2023-08-05 00:00:00,BTC/USD,1d,28983.0,29139.3,29105.6,29068.1,14550.0,f08f07202c2a544011e99a879ae78d6a
2023-08-04 00:00:00,BTC/USD,1d,28875.8,29319.1,29189.1,29105.5,31430.0,2dfe993ebe714d89c1cba753487d7815
2023-08-03 00:00:00,BTC/USD,1d,28981.0,29409.8,29180.9,29189.3,36080.0,1cd9049d32fed4f02c6c41495e37ff8e
2023-08-02 00:00:00,BTC/USD,1d,28961.6,30025.9,29711.8,29173.7,67410.0,f867cce82d9ebe7b3ecef730d02e4618
2023-08-01 00:00:00,BTC/USD,1d,28611.0,29712.2,29232.3,29712.2,64010.0,92cffd07b185fd89e41e593f72e4aff7
2023-07-31 00:00:00,BTC/USD,1d,29128.3,29502.3,29282.0,29232.4,31840.0,483d963fb24c9eb4f75e3f878a3e1816
2023-07-30 00:00:00,BTC/USD,1d,29054.5,29446.6,29354.2,29281.7,20580.0,f3c80bc3dfd0dbc18721fc8e8b728de9
2023-07-29 00:00:00,BTC/USD,1d,29256.9,29400.1,29315.0,29353.5,13900.0,5068e03dc35a09076518b345e2da24be
2023-07-28 00:00:00,BTC/USD,1d,29125.1,29533.0,29222.7,29315.0,31420.0,72879e49b3024ba689c4aa6d04b54983
2023-07-27 00:00:00,BTC/USD,1d,29094.0,29568.8,29352.9,29222.7,30420.0,ed5329a4fbd17fb554f4a3b3c4be93f9
2023-07-26 00:00:00,BTC/USD,1d,29109.7,29681.8,29228.8,29352.2,44330.0,ec4ddfe4ab68152f1c49eb7ddf3f3467
2023-07-25 00:00:00,BTC/USD,1d,29058.7,29365.4,29178.3,29228.6,29050.0,dcf55cf9a273b5c97f8d624e071ea7a9
2023-07-24 00:00:00,BTC/USD,1d,28890.7,30098.2,30085.9,29178.1,55730.0,a59e625aaefa0a4d70b47440884fa6ba
2023-07-23 00:00:00,BTC/USD,1d,29735.7,30337.0,29788.9,30085.9,23320.0,163368531e18c7684390faea11717f5e
2023-07-22 00:00:00,BTC/USD,1d,29657.3,29988.0,29904.5,29788.9,18470.0,dad31e8a7c81f08831950bd2eae3a9fa
2023-07-21 00:00:00,BTC/USD,1d,29739.9,30058.9,29801.0,29903.1,32590.0,d4dd1dc8a90a1bdb48544ec5086e9341
2023-07-20 00:00:00,BTC/USD,1d,29621.4,30408.0,29909.7,29801.0,50330.0,4fe60dccda3a41d5b031df77d76dd6d4
2023-07-19 00:00:00,BTC/USD,1d,29789.3,30185.5,29866.7,29909.7,34960.0,21ba19514f7cb88737b3d0a108ef3363
2023-07-18 00:00:00,BTC/USD,1d,29624.6,30242.4,30139.7,29866.8,42400.0,3ec71a1ad35e99f3434c885f007ba5be
2023-07-17 00:00:00,BTC/USD,1d,29693.3,30335.9,30235.5,30139.7,42840.0,df6acccc890b5fac3c5c123accab9e6b
2023-07-16 00:00:00,BTC/USD,1d,30075.4,30435.0,30291.8,30235.5,20310.0,aef0c5d58644a9c2cf4e0ed3e4ef899e
2023-07-15 00:00:00,BTC/USD,1d,30246.9,30395.4,30316.8,30291.4,17060.0,691e665592e506a525f4c82c40ef050c
2023-07-14 00:00:00,BTC/USD,1d,29944.3,31602.6,31465.4,30317.4,82420.0,68d0e9e1adf29d63ef9c5ea15486b97f
2023-07-13 00:00:00,BTC/USD,1d,30260.0,31764.5,30387.3,31466.1,99810.0,c9f4e3c9cf5eef914570352d85817fbd
2023-07-12 00:00:00,BTC/USD,1d,30231.7,30951.3,30623.3,30387.3,54060.0,698926a92893988ff20debae03eac50e
2023-07-11 00:00:00,BTC/USD,1d,30333.8,30782.2,30414.2,30623.3,39840.0,b20b187eef255955a1d850357c8d15c6
2023-07-10 00:00:00,BTC/USD,1d,29969.1,31019.6,30166.9,30415.3,55240.0,b27dd6276e758e50d247272030bc0b5b
2023-07-09 00:00:00,BTC/USD,1d,30071.9,30425.5,30288.8,30166.9,20050.0,61ce4c45f4f77e28836a0207d385e965
2023-07-08 00:00:00,BTC/USD,1d,30055.9,30379.9,30346.8,30288.8,17410.0,d9fb9509d942387da52efcf32e3ac631
2023-07-07 00:00:00,BTC/USD,1d,29757.4,30442.0,29912.7,30346.4,46420.0,eba89e52b5bd6fef2a0b073f7059bb4a
2023-07-06 00:00:00,BTC/USD,1d,29869.0,31463.6,30512.8,29913.1,90810.0,8580e0314280266147dcbd901b791b12
2023-07-05 00:00:00,BTC/USD,1d,30233.3,30875.6,30768.6,30512.8,43230.0,9a0c28a41cd003e6aa14234754117b78
2023-07-04 00:00:00,BTC/USD,1d,30657.8,31326.5,31152.0,30768.4,42120.0,1d10d00d2bdb92412a89741abd351ff4
2023-07-03 00:00:00,BTC/USD,1d,30581.5,31377.0,30617.5,31151.3,56490.0,8f19bd5b53ca1ecebd1bcef36b96c118
2023-07-02 00:00:00,BTC/USD,1d,30227.9,30769.0,30587.1,30617.7,28820.0,588f01e07c083bdbc63614001840406f
2023-07-01 00:00:00,BTC/USD,1d,30329.0,30649.9,30472.9,30586.8,22460.0,43b7fea75643ba4bae6d45b4b2d339ea
2023-06-30 00:00:00,BTC/USD,1d,29714.5,31275.5,30445.7,30472.9,118650.0,bbea0855c77256727dce73bb9597afaf
2023-06-29 00:00:00,BTC/USD,1d,30051.3,30823.1,30077.3,30445.7,49570.0,917ad482ff360a013f49510345cae59d
2023-06-28 00:00:00,BTC/USD,1d,29919.5,30703.4,30691.9,30078.6,51060.0,9f033265e173c25e13de9c3761abeafd
2023-06-27 00:00:00,BTC/USD,1d,30231.3,30993.7,30267.0,30689.1,55820.0,3981f0f710fffcf10396229125de6855
2023-06-26 00:00:00,BTC/USD,1d,29986.3,30645.9,30466.3,30267.0,58710.0,c9ce932b4b208ab8a4818625b63a7bfe
2023-06-25 00:00:00,BTC/USD,1d,30315.8,31040.2,30533.6,30465.3,37120.0,04dd0bd189a1f95b7197a17a33eb8dbc
2023-06-24 00:00:00,BTC/USD,1d,30269.4,30795.3,30680.7,30533.6,38150.0,e4d8c707028928176ab631b2bd27e0ef
2023-06-23 00:00:00,BTC/USD,1d,29822.6,31395.4,29890.2,30679.4,98850.0,8f67f7eecaad069af067ad4d7afda35c
2023-06-22 00:00:00,BTC/USD,1d,29590.4,30497.8,29992.8,29890.5,79220.0,d87debb202b63ce261b0bb96ad05e1d0
2023-06-21 00:00:00,BTC/USD,1d,28270.5,30769.5,28307.7,29996.9,143490.0,d47863eff2347217793194c524f4d8fa
2023-06-20 00:00:00,BTC/USD,1d,26665.5,28393.0,26845.9,28307.7,100550.0,adaff9dd3a74433bdc2eff0759eec98a
2023-06-19 00:00:00,BTC/USD,1d,26295.1,27029.7,26339.7,26845.9,46450.0,91a9f3bea8be607dbb5a2a0fdc470e2d
2023-06-18 00:00:00,BTC/USD,1d,26290.6,26679.3,26515.0,26339.7,27310.0,6ab0661eaec8e0d46522df63aa79c2c6
2023-06-17 00:00:00,BTC/USD,1d,26183.5,26767.3,26341.3,26515.0,35860.0,98ea3ec861676763378c46d9c0e1001d
2023-06-16 00:00:00,BTC/USD,1d,25276.0,26472.8,25591.9,26341.3,69240.0,4b0c9d8e0fdf7e085c1829583d394a46
2023-06-15 00:00:00,BTC/USD,1d,24838.0,25732.8,25129.5,25591.3,68380.0,2cce09e9ec489c68e94c6c0350ab8e12
2023-06-14 00:00:00,BTC/USD,1d,24847.4,26051.7,25929.0,25129.5,60820.0,09e28795a20f7fb069d05d910959490d
2023-06-13 00:00:00,BTC/USD,1d,25726.4,26428.9,25906.9,25929.4,56240.0,fece16a34b28958e70067cd68c67e3be
2023-06-12 00:00:00,BTC/USD,1d,25635.0,26080.7,25927.9,25906.8,40750.0,98b641345f74453035b44d7399ff9dbd
2023-06-11 00:00:00,BTC/USD,1d,25660.8,26190.1,25843.3,25928.4,39200.0,2bd64045fd4b6441f3aa28ab6aad5fb1
2023-06-10 00:00:00,BTC/USD,1d,25468.3,26525.1,26479.3,25844.0,83570.0,e36f0f4c8489f1fc76365811277e4a2c
2023-06-09 00:00:00,BTC/USD,1d,26326.7,26773.9,26501.1,26479.3,38960.0,49952b85871d6944686edf19697ca33e
2023-06-08 00:00:00,BTC/USD,1d,26231.3,26784.4,26341.8,26501.1,39950.0,4d8980b1c1d964f50bcf6f8801fb8088
2023-06-07 00:00:00,BTC/USD,1d,26141.0,27342.0,27230.2,26342.5,77480.0,f25743343ab709af55ffb559590de04f
2023-06-06 00:00:00,BTC/USD,1d,25425.6,27325.2,25745.6,27230.2,88610.0,01421332dfbd88241bb13a66f1e5d1da
2023-06-05 00:00:00,BTC/USD,1d,25437.5,27125.5,27122.3,25747.4,85420.0,8da34a69892dac210f2eaa1c4d6f4ecb
2023-06-04 00:00:00,BTC/USD,1d,26956.1,27410.2,27070.9,27122.3,23810.0,cd5c80f14a33d730d516b275e3e04761
2023-06-03 00:00:00,BTC/USD,1d,26931.4,27317.5,27246.0,27072.0,20620.0,d26cda29d71fc3e6874c8df30ad23d97
2023-06-02 00:00:00,BTC/USD,1d,26541.3,27299.4,26819.0,27244.7,49370.0,ad0f14bea9ba03a8467cf7d679a8a0ce
2023-06-01 00:00:00,BTC/USD,1d,26662.3,27340.9,27216.4,26819.0,51980.0,7c247d60d039dac48acf770d13d15f70
2023-05-31 00:00:00,BTC/USD,1d,26865.1,27825.0,27696.9,27216.1,63080.0,9a249fc2e187d678cf81c7b2df118d21
2023-05-30 00:00:00,BTC/USD,1d,27583.8,28033.6,27738.9,27698.2,45190.0,ab12f3669e3ac3084eec296c686beb61
2023-05-29 00:00:00,BTC/USD,1d,27548.8,28431.2,28068.4,27739.4,54560.0,91edb51c1f9566857a63a21636d1a7f3
2023-05-28 00:00:00,BTC/USD,1d,26788.5,28181.9,26855.3,28071.2,55230.0,9c0ea80b42687cf0b5e9af6fc8505b3a
2023-05-27 00:00:00,BTC/USD,1d,26591.2,26882.9,26711.2,26857.5,18680.0,34266ae983ad4e60b5bac6a3d59df5c6
2023-05-26 00:00:00,BTC/USD,1d,26330.0,26911.6,26475.5,26711.5,45880.0,f9c02220709b1c23b1abbab3f6dae3e6
2023-05-25 00:00:00,BTC/USD,1d,25892.5,26589.2,26327.1,26475.8,50170.0,5778c6c0d54b835aa6606c80cb6e0721
2023-05-24 00:00:00,BTC/USD,1d,26088.7,27220.7,27220.7,26328.4,72650.0,5c4bbccf82359dc722fec653d3d01535
2023-05-23 00:00:00,BTC/USD,1d,26804.1,27448.1,26851.6,27220.7,50890.0,c8d728491efe48a27c643a6d34762664
2023-05-22 00:00:00,BTC/USD,1d,26546.1,27048.9,26749.9,26847.3,35560.0,e19a430c9de0dba878b588152c17699f
2023-05-21 00:00:00,BTC/USD,1d,26677.6,27257.1,27116.2,26749.9,27420.0,5d52bfaee286701e22cfb97c576eff5a
2023-05-20 00:00:00,BTC/USD,1d,26831.3,27147.2,26883.0,27116.2,17720.0,9835bd92f7021c586ca9a902d4b42e58
2023-05-19 00:00:00,BTC/USD,1d,26711.3,27154.7,26828.2,26882.9,36670.0,f5971d920a7629317207c17aaf81d578
2023-05-18 00:00:00,BTC/USD,1d,26449.8,27467.0,27403.8,26828.0,63390.0,bb0da9208bb57aaa1d2111b5b8096006
2023-05-17 00:00:00,BTC/USD,1d,26597.7,27465.3,27035.5,27403.1,58140.0,656d53452cbe5542280ee1cad39741c4
2023-05-16 00:00:00,BTC/USD,1d,26881.9,27295.3,27183.9,27035.3,45290.0,e766378a4ce3890d8f6ad1915af6f099
2023-05-15 00:00:00,BTC/USD,1d,26752.1,27651.7,26920.4,27183.9,53270.0,e469df4ba7c179238ab8ea9f1741b24d
2023-05-14 00:00:00,BTC/USD,1d,26609.9,27176.1,26777.4,26920.0,26350.0,4f2865b271d2df797ca3b73341399ee4
2023-05-13 00:00:00,BTC/USD,1d,26695.6,27011.9,26798.7,26777.5,27950.0,e66e2486f4ca9a4a266f94ebfbfc984f
2023-05-12 00:00:00,BTC/USD,1d,25853.1,27044.0,26983.1,26799.2,87490.0,39fd5e4d60d8ac999f73d536ab1c90b3
2023-05-11 00:00:00,BTC/USD,1d,26766.2,27607.4,27604.3,26983.5,62850.0,908102d84608047b69a68fe100b917f7
2023-05-10 00:00:00,BTC/USD,1d,26885.7,28311.7,27634.3,27603.3,91450.0,d1afbabf29c929d65969e24056871821
2023-05-09 00:00:00,BTC/USD,1d,27366.3,27816.0,27670.5,27634.9,49750.0,b624769d2a37f1210c3ff3fddd5119b1
2023-05-08 00:00:00,BTC/USD,1d,27280.3,28627.8,28424.8,27670.5,85720.0,579b2e1202683430a91deddd29e6b13f
2023-05-07 00:00:00,BTC/USD,1d,28419.6,29122.0,28857.1,28424.8,36500.0,71a7edf6cada9cecc80e6a3de5640ffa
2023-05-06 00:00:00,BTC/USD,1d,28414.9,29816.4,29512.8,28857.1,58940.0,fcd554b467f306e44fd6139457915139
2023-05-05 00:00:00,BTC/USD,1d,28825.3,29653.9,28842.2,29513.2,74520.0,34be4c4a3263d962086b54ec178279fa
2023-05-04 00:00:00,BTC/USD,1d,28687.4,29352.7,29023.6,28842.1,53800.0,624a608f99b9a31a48e00536574bd690
2023-05-03 00:00:00,BTC/USD,1d,28164.4,29244.7,28669.1,29023.6,81220.0,e29e4f28493c4b73fd0488924b7011e6
2023-05-02 00:00:00,BTC/USD,1d,27913.2,28877.4,28079.0,28669.1,65330.0,79de95df839707ae40b9d917fb79aa7f
2023-05-01 00:00:00,BTC/USD,1d,27685.9,29329.6,29252.1,28077.6,84360.0,0637d273a007d732db197c0b7472c075
2023-04-30 00:00:00,BTC/USD,1d,29095.0,29941.3,29235.1,29252.1,47620.0,8352fbe110c5cfaa88e61886ec549518
2023-04-29 00:00:00,BTC/USD,1d,29058.5,29425.5,29318.4,29234.1,25720.0,888d54a10d8aadf38dfb8400928eb3d8
2023-04-28 00:00:00,BTC/USD,1d,28927.8,29587.2,29475.9,29321.8,69880.0,ee4c43c994521c45d6538c386623e003
2023-04-27 00:00:00,BTC/USD,1d,28392.4,29859.8,28424.5,29475.9,121630.0,f52e925ec53169dcf972d48dcce124a4
2023-04-26 00:00:00,BTC/USD,1d,27307.8,29995.7,28298.8,28424.6,164310.0,58e544662485e46a9dce793b3c16021a
2023-04-25 00:00:00,BTC/USD,1d,27201.1,28375.6,27510.1,28298.8,65310.0,cd1a4caab5c484b6336e5bbf7de1687a
2023-04-24 00:00:00,BTC/USD,1d,27054.3,27978.8,27591.4,27509.3,66740.0,e3ae3aacda11767dd3ee51b95b86a39e
2023-04-23 00:00:00,BTC/USD,1d,27388.5,27815.0,27813.8,27591.4,41770.0,5e8f9f03c4ab70aebedd735bacd214e8
2023-04-22 00:00:00,BTC/USD,1d,27165.7,27872.0,27264.8,27813.9,44300.0,e365d16e056e691ba03d6136a21ed973
2023-04-21 00:00:00,BTC/USD,1d,27171.1,28353.4,28240.5,27264.8,98720.0,9a960451443634862ebc15f7c1adcc93
2023-04-20 00:00:00,BTC/USD,1d,28032.4,29082.1,28813.7,28240.5,95450.0,fadae793e3379f9ce80ca433f6c2b140
2023-04-19 00:00:00,BTC/USD,1d,28641.1,30408.4,30382.2,28813.7,111270.0,ef2475df4473ad8e2ac2fd1aa1cd5f45
2023-04-18 00:00:00,BTC/USD,1d,29149.2,30470.1,29434.1,30382.2,76580.0,fe11c96b83d7d80b772effdd1c0ec738
2023-04-17 00:00:00,BTC/USD,1d,29274.0,30312.2,30310.8,29434.9,71900.0,601826d9ee13cf710dd8d62131d78887
2023-04-16 00:00:00,BTC/USD,1d,30134.6,30545.3,30299.2,30310.3,34480.0,bac73572ab2199290aeacd29b6acc117
2023-04-15 00:00:00,BTC/USD,1d,30208.8,30586.5,30472.6,30299.6,31710.0,ec024b49953a6392ded950b8f122a5fb
2023-04-14 00:00:00,BTC/USD,1d,30026.0,30964.9,30387.4,30472.5,98380.0,07c68e5e62693dc0d2b101f29900cff1
2023-04-13 00:00:00,BTC/USD,1d,29864.5,30524.1,29892.4,30387.4,65870.0,ad5c3928501d030ef1055047b6e8e0b1
2023-04-12 00:00:00,BTC/USD,1d,29679.5,30473.0,30209.8,29886.4,78690.0,33f8ce156a58bcb123f760be6680fbe9
2023-04-11 00:00:00,BTC/USD,1d,29597.8,30484.6,29641.0,30209.6,89380.0,e12eb96a45a24465d677b66ca8837917
2023-04-10 00:00:00,BTC/USD,1d,28182.9,29755.4,28326.5,29641.0,85730.0,eb405d7f5f497a089f55d24612c5294a
2023-04-09 00:00:00,BTC/USD,1d,27809.2,28522.7,27941.2,28326.6,39350.0,33d0e1ddb4f792c3cf6568d4ae397486
2023-04-08 00:00:00,BTC/USD,1d,27863.8,28153.1,27910.4,27941.2,23730.0,4a4ffc96681256b7a8ee9689b375513a
2023-04-07 00:00:00,BTC/USD,1d,27779.4,28102.5,28037.6,27910.4,30940.0,743e9dfff4ed80745b44bdfab5d89aad
2023-04-06 00:00:00,BTC/USD,1d,27734.5,28173.5,28173.5,28036.7,51290.0,b4734b2a3fe3809e558362257637065a
2023-04-05 00:00:00,BTC/USD,1d,27823.5,28744.4,28164.4,28173.5,77320.0,5aa5c9d5bc28e44a4e88271ebbe1252e
2023-04-04 00:00:00,BTC/USD,1d,27668.9,28429.1,27802.2,28164.4,64060.0,76288c9046c927403e9eb1edf36b0c0f
2023-04-03 00:00:00,BTC/USD,1d,27256.9,28458.4,28194.7,27802.1,98000.0,b307c1c206ee7d19a934196cd58238d8
2023-04-02 00:00:00,BTC/USD,1d,27871.7,28522.8,28456.1,28198.3,45040.0,dd4218dbc38a1dd2ae1c678ee1a1fe1c
2023-04-01 00:00:00,BTC/USD,1d,28285.6,28795.1,28473.7,28456.1,38090.0,b63cb49fee92cd339309abc3dbd3dd00
2023-03-31 00:00:00,BTC/USD,1d,27587.5,28646.3,28029.3,28473.7,98440.0,172f684238e3b1f15444bd671a589296
2023-03-30 00:00:00,BTC/USD,1d,27716.7,29160.4,28350.3,28029.5,122510.0,1ac5891ad25428da9b3e9f95c0157b6d
2023-03-29 00:00:00,BTC/USD,1d,27249.8,28627.4,27262.9,28350.4,109320.0,74d5e2005b8c2a046f228b14b2318a65
2023-03-28 00:00:00,BTC/USD,1d,26665.6,27465.0,27127.8,27262.2,94160.0,4a5cb18faa79ccded9180e7edf44de2b
2023-03-27 00:00:00,BTC/USD,1d,26611.5,28023.3,27974.8,27129.8,107240.0,29394de9053f9b19c5c650d40041bd89
2023-03-26 00:00:00,BTC/USD,1d,27429.1,28153.7,27474.9,27973.5,60640.0,e204fb835cf1f3e32827d6fe2be65b50
2023-03-25 00:00:00,BTC/USD,1d,27176.7,27761.9,27462.2,27475.6,61360.0,f1462ce1ee9c47dbda4ef231c79dc834
2023-03-24 00:00:00,BTC/USD,1d,27026.5,28374.5,28306.9,27462.2,110360.0,408687ec4313f395a44dc1ba0f0b1f89
2023-03-23 00:00:00,BTC/USD,1d,27144.6,28734.1,27262.8,28310.7,158460.0,30394e7f39a40b5fe2a78c5944c879d7
2023-03-22 00:00:00,BTC/USD,1d,26668.7,28760.3,28114.2,27261.7,262030.0,a3544d07181b1e8fc233cb128aadba75
2023-03-21 00:00:00,BTC/USD,1d,27350.6,28437.8,27719.8,28114.0,438780.0,5e94a7d4d5e13e5dffca338bea05e75d
2023-03-20 00:00:00,BTC/USD,1d,27157.0,28457.8,27958.9,27720.5,503900.0,7b0a1a78a1c61cfbac35a3e5606755e9
2023-03-19 00:00:00,BTC/USD,1d,26844.6,28347.3,26914.5,27958.7,393270.0,4cc939213c8ab7c7d51d4f6a7717e685
2023-03-18 00:00:00,BTC/USD,1d,26688.7,27659.1,27391.9,26914.5,392470.0,51ba44c4598fc17d873923423fc3b1b6
2023-03-17 00:00:00,BTC/USD,1d,24900.1,27742.2,25004.4,27391.8,674960.0,d7bb87fc41e7fb82e573feb56ea5168f
2023-03-16 00:00:00,BTC/USD,1d,24147.9,25139.0,24283.2,25004.1,462580.0,b1450c9cbdb77a0c9a569ebd5154f113
2023-03-15 00:00:00,BTC/USD,1d,23932.4,25108.9,24699.6,24282.7,614310.0,937d890e6ccda004a259c2dfb0d9b5ff
2023-03-14 00:00:00,BTC/USD,1d,23994.6,26365.9,24121.5,24699.7,753060.0,46357ae1cb8c50e29a984c0aa518b963
2023-03-13 00:00:00,BTC/USD,1d,21859.6,24406.2,21994.8,24114.4,733630.0,a2e048e3b72b749d367caa1a8920bb99
2023-03-12 00:00:00,BTC/USD,1d,20294.2,22028.6,20465.0,21994.8,455690.0,f9447c4a0ea690a960e34e44a97ffa63
2023-03-11 00:00:00,BTC/USD,1d,19796.7,20669.5,20156.5,20467.5,453460.0,d9c0693a7a146765643d97f39604af9a
2023-03-10 00:00:00,BTC/USD,1d,19591.8,20362.6,20362.0,20156.7,655270.0,f87a81fc97b362ec869f42827f41c822
2023-03-09 00:00:00,BTC/USD,1d,20079.6,21826.5,21710.8,20361.8,468760.0,c8f7d40b7edfa4ef5804b5f3b8cdb5fe
2023-03-08 00:00:00,BTC/USD,1d,21661.3,22274.3,22197.8,21710.8,316510.0,bf97392c43692698b3f336b235c296d8
2023-03-07 00:00:00,BTC/USD,1d,21968.6,22535.1,22410.1,22197.8,304750.0,400a2ec3851fae735fff509957ce5761
2023-03-06 00:00:00,BTC/USD,1d,22320.1,22595.4,22428.2,22410.0,215310.0,2dce2eb2c44f0d48bcfe7a50be620c00
2023-03-05 00:00:00,BTC/USD,1d,22213.5,22636.7,22347.1,22428.3,160570.0,7733951e9ca4d8d0d2dcce3bf4b43eed
2023-03-04 00:00:00,BTC/USD,1d,22167.4,22403.7,22354.7,22347.1,123930.0,e4ce6408a1bb850906892619095183d9
2023-03-03 00:00:00,BTC/USD,1d,22051.9,23473.4,23465.6,22354.4,344630.0,792620132ef88dec6ad02ad299f56b56
2023-03-02 00:00:00,BTC/USD,1d,23208.7,23780.5,23642.2,23465.4,249260.0,010dd05d8721721ba6d1284a6b3e17ac
2023-03-01 00:00:00,BTC/USD,1d,23025.3,23914.1,23130.6,23642.2,328770.0,82121cc825e21fa7a8570b3435475c1d
2023-02-28 00:00:00,BTC/USD,1d,23033.8,23595.0,23494.0,23130.5,275100.0,ef3c8c59dfdaa25b31195e41e373ebf8
2023-02-27 00:00:00,BTC/USD,1d,23166.8,23876.2,23558.7,23494.1,297650.0,af8824e3bf9b53dd3f5dfd5ede13b05e
2023-02-26 00:00:00,BTC/USD,1d,23066.0,23671.8,23166.1,23558.7,209120.0,c1f929c8ac67bd61eff3d2d3b6ebfa23
2023-02-25 00:00:00,BTC/USD,1d,22777.4,23215.3,23191.3,23166.1,198350.0,0f1c02c64ba0d88668053cc0a6fc7fbd
2023-02-24 00:00:00,BTC/USD,1d,22970.3,24123.4,23936.4,23191.5,367990.0,9e95c0fbfb5211d14343bbea781c0e92
2023-02-23 00:00:00,BTC/USD,1d,23637.9,24590.4,24186.6,23936.3,417460.0,ac5305ed6746f564db90c767e53a7fc6
2023-02-22 00:00:00,BTC/USD,1d,23593.4,24474.3,24450.7,24186.6,400240.0,fe84bb6ae589d3980c4710f7eadd117c
2023-02-21 00:00:00,BTC/USD,1d,24160.8,25236.8,24839.5,24450.7,395970.0,cfc37cfd2587af473f5d348c854ff3c5
2023-02-20 00:00:00,BTC/USD,1d,23868.6,25085.4,24302.8,24839.5,363020.0,818a935e95e40dc5fa59327337fb1b58
2023-02-19 00:00:00,BTC/USD,1d,24273.7,25175.2,24631.3,24302.9,312640.0,d0006df9fd3b720d3eb66d469f48ecef
2023-02-18 00:00:00,BTC/USD,1d,24457.0,24838.9,24573.5,24631.4,223770.0,b40735b6918ee2179c895e9bcc30ac46
2023-02-17 00:00:00,BTC/USD,1d,23373.0,24984.7,23538.2,24573.5,523850.0,85cf2f6ce86bf9d352de6cf8f81b046b
2023-02-16 00:00:00,BTC/USD,1d,23525.9,25233.8,24328.1,23539.6,484500.0,8c0a09efc06e8e9d9a3b8ab7ec6b2eca
2023-02-15 00:00:00,BTC/USD,1d,22050.8,24330.9,22198.5,24327.9,401530.0,598ef33e9b7b79c79ae7860249279a3e
2023-02-14 00:00:00,BTC/USD,1d,21556.2,22308.6,21776.9,22198.5,378390.0,c15a6408e6d2e86f352dd37d13c48b25
2023-02-13 00:00:00,BTC/USD,1d,21418.7,21887.5,21782.7,21772.6,312040.0,3c90f7db9265e923ef8d3156d77f8731
2023-02-12 00:00:00,BTC/USD,1d,21653.1,22080.7,21859.9,21786.8,211650.0,55134c97bf6cc829f4d49dd7c191c804
2023-02-11 00:00:00,BTC/USD,1d,21605.3,21902.9,21627.4,21859.8,182070.0,0e44a676dfb4c6791ca8173da72a4abd
2023-02-10 00:00:00,BTC/USD,1d,21491.7,21933.6,21792.5,21635.0,352790.0,de4074355fdfe3c84ee4f0b2d9aaef95
2023-02-09 00:00:00,BTC/USD,1d,21744.6,23003.6,22964.6,21792.5,425440.0,e0bb68b8882a32edd3b9d63333d523e4
2023-02-08 00:00:00,BTC/USD,1d,22691.7,23425.1,23251.7,22964.6,289120.0,d53d6916513343843154a3a4c644ed50
2023-02-07 00:00:00,BTC/USD,1d,22748.2,23338.8,22761.8,23251.7,318980.0,a9a217d844ac85ed10f40e978f221ecd
2023-02-06 00:00:00,BTC/USD,1d,22633.7,23130.6,22936.0,22761.8,278580.0,6858e15a48b4f27854c419b12ead7b96
2023-02-05 00:00:00,BTC/USD,1d,22766.5,23423.4,23326.9,22936.0,217260.0,eda744a68f2af827b5412391b06ebbef
2023-02-04 00:00:00,BTC/USD,1d,23269.8,23571.8,23431.2,23323.8,170270.0,ed2e4c623f1a635455d35d6569a1d59b
2023-02-03 00:00:00,BTC/USD,1d,23233.8,23694.1,23429.1,23431.2,349360.0,8a01523de4e64353314f659fba2cd9ba
2023-02-02 00:00:00,BTC/USD,1d,23398.1,24207.2,23726.2,23427.6,382860.0,e496369c8cc9334724bf2070561101f5
2023-02-01 00:00:00,BTC/USD,1d,22809.6,23784.5,23124.7,23725.6,333180.0,b07f65255cefeb27e25ff71072961114
2023-01-31 00:00:00,BTC/USD,1d,22724.9,23262.9,22832.2,23125.1,289380.0,b738181f36b1f79f059ed5e38f44b631
2023-01-30 00:00:00,BTC/USD,1d,22560.0,23794.0,23746.0,22832.2,339620.0,27248f004b96557e7570ea3cace32f44
2023-01-29 00:00:00,BTC/USD,1d,22973.3,23952.9,23023.5,23753.1,320860.0,cab1d9c881a02f48ec37929fe8bd5ea7
2023-01-28 00:00:00,BTC/USD,1d,22889.8,23182.3,23074.6,23027.9,156960.0,6025da7484dd07f65a8542a05c89eaf0
2023-01-27 00:00:00,BTC/USD,1d,22602.9,23480.3,23016.0,23074.6,310360.0,4f50e403c9821aec92b4d82a67dcaca9
2023-01-26 00:00:00,BTC/USD,1d,22869.0,23259.5,23055.2,23016.0,320970.0,7b45244b6e186ae6057df67a336fcc99
2023-01-25 00:00:00,BTC/USD,1d,22366.3,23779.0,22632.5,23055.1,388180.0,9534e071e39cd4e61871b26e9e66085d
2023-01-24 00:00:00,BTC/USD,1d,22517.1,23156.1,22916.3,22632.5,334170.0,6ed24bb90164d870c3a540a430b9fab1
2023-01-23 00:00:00,BTC/USD,1d,22527.9,23161.8,22709.0,22915.5,327850.0,0d5e0e6248a4ecb27cb4ba1b2402fbbd
2023-01-22 00:00:00,BTC/USD,1d,22323.0,23068.7,22775.7,22707.8,280640.0,40a76b7000fccb11ce3e8e620f2f2230
2023-01-21 00:00:00,BTC/USD,1d,22461.1,23304.5,22677.5,22775.7,382690.0,529321c506cab5aa9d06df851a50c718
2023-01-20 00:00:00,BTC/USD,1d,20879.3,22718.5,21074.9,22677.2,373740.0,45034c50725ce36079a77ab9b83682e9
2023-01-19 00:00:00,BTC/USD,1d,20669.7,21169.4,20670.6,21081.2,275760.0,8ac89e02f74973ad2ef38409a8ca459a
2023-01-18 00:00:00,BTC/USD,1d,20448.3,21584.1,21137.1,20670.6,388670.0,5189c91826d169e1325407b518b45cb9
2023-01-17 00:00:00,BTC/USD,1d,20926.2,21506.4,21184.4,21137.1,310040.0,8f8fd1e1557895c714542c787c1a1e60
2023-01-16 00:00:00,BTC/USD,1d,20698.9,21416.8,20880.1,21184.2,337460.0,9c5efacdf5254eedb8ff99bcf2a45bd5
2023-01-15 00:00:00,BTC/USD,1d,20585.7,21032.2,20956.0,20879.8,205800.0,5a7b487bf23cbd3945d2b6b106cecff5
2023-01-14 00:00:00,BTC/USD,1d,19898.6,21185.6,19926.9,20958.2,458210.0,231223b08f5299c82a856b6af46e7f56
2023-01-13 00:00:00,BTC/USD,1d,18723.8,19981.6,18850.8,19927.0,426670.0,95d9293d382d7e3a7b61791640772e62
2023-01-12 00:00:00,BTC/USD,1d,17915.5,19055.3,17941.0,18851.3,522010.0,4819f0a6758755f980710c7f9d4154c7
2023-01-11 00:00:00,BTC/USD,1d,17323.9,17989.8,17440.5,17942.3,291530.0,89b24c1e9fc09bef2036885d18737d2a
2023-01-10 00:00:00,BTC/USD,1d,17151.7,17491.0,17180.1,17439.1,247140.0,5152e3b702b462961ad33336a695c148
2023-01-09 00:00:00,BTC/USD,1d,17107.1,17390.8,17119.0,17180.1,301240.0,6f63e5cce525883dd45680d1b04c8a37
2023-01-08 00:00:00,BTC/USD,1d,16913.8,17119.0,16943.6,17119.0,144840.0,cc04dad0deb1ca1a179fd8eb89b43a7c
2023-01-07 00:00:00,BTC/USD,1d,16909.7,16979.6,16950.9,16943.6,110480.0,bde68fe5c406d81ff81a35a0a159f823
2023-01-06 00:00:00,BTC/USD,1d,16707.6,17012.3,16829.8,16950.9,233470.0,d2c2764c34c9cc89ec9cab49ec49534c
2023-01-05 00:00:00,BTC/USD,1d,16772.3,16877.9,16852.2,16829.8,178960.0,a91136b54d2eb10c8c7f836781c0abde
2023-01-04 00:00:00,BTC/USD,1d,16656.5,16976.5,16674.2,16852.1,247390.0,3fac3cb838e16c76d82a5592141af488
2023-01-03 00:00:00,BTC/USD,1d,16607.2,16773.2,16673.1,16674.2,178730.0,84e2908dd071017ae2547943409d220e
2023-01-02 00:00:00,BTC/USD,1d,16551.0,16766.9,16618.4,16674.3,136030.0,ae44c9d78de8d8958b374ba645ab13d9
2023-01-01 00:00:00,BTC/USD,1d,16499.7,16621.9,16537.5,16618.4,107840.0,ed60e0562c303116b5e2f3228ab2a54d
2022-12-31 00:00:00,BTC/USD,1d,16487.3,16635.9,16607.2,16537.4,130440.0,71a33aa0c4eef58c29b9d20f1a03cc26
2022-12-30 00:00:00,BTC/USD,1d,16360.0,16644.4,16636.4,16607.2,192760.0,da9775d76ad8aa97a4cf16503951ac00
2022-12-29 00:00:00,BTC/USD,1d,16496.6,16659.1,16546.2,16636.4,181470.0,4055a2fbda17fa7c4e52caebeeaedee6
2022-12-28 00:00:00,BTC/USD,1d,16474.2,16781.1,16705.9,16546.2,217960.0,a4ef3f9ac2a92aada8f720e005c655e2
2022-12-27 00:00:00,BTC/USD,1d,16610.1,16964.0,16918.2,16706.1,192180.0,3b964d734c9d88cb868918e30222d0e8
2022-12-26 00:00:00,BTC/USD,1d,16799.4,16936.1,16831.8,16918.1,133360.0,34ddf695c654b752a00c6447619933a5
2022-12-25 00:00:00,BTC/USD,1d,16733.0,16852.9,16835.7,16831.8,132890.0,9e416ab856fc5956c60d6146d4b7f4bc
2022-12-24 00:00:00,BTC/USD,1d,16777.8,16855.8,16778.6,16837.2,110120.0,0422d3169090fab9d1dd92e6de995b7e
2022-12-23 00:00:00,BTC/USD,1d,16768.0,16910.7,16820.5,16779.1,184120.0,84a3142b76324f540d5845e5f10761b2
2022-12-22 00:00:00,BTC/USD,1d,16566.1,16862.2,16831.8,16820.6,198280.0,1ae9b80d897098f5d978a764935198fa
2022-12-21 00:00:00,BTC/USD,1d,16735.0,16919.4,16902.7,16831.8,174340.0,ea60e1483e00ecb697c8ab5302e6fdb1
2022-12-20 00:00:00,BTC/USD,1d,16400.7,17031.3,16441.3,16902.8,284570.0,7ce65ecbad64c335b9f47971d52a8408
2022-12-19 00:00:00,BTC/USD,1d,16331.2,16809.5,16741.1,16441.3,207930.0,8d267350442d41d73d457929a5390766
2022-12-18 00:00:00,BTC/USD,1d,16666.5,16825.7,16777.0,16741.1,124290.0,f5339fce5e65eac726a00e05f149d38a
2022-12-17 00:00:00,BTC/USD,1d,16587.0,16794.4,16629.0,16777.1,164490.0,f2610680e104f8f43020d673c5496ef9
2022-12-16 00:00:00,BTC/USD,1d,16542.4,17518.5,17356.7,16629.6,303560.0,7b2627de4c3ab32140814a111edc2afd
2022-12-15 00:00:00,BTC/USD,1d,17298.2,17846.1,17796.4,17356.1,263440.0,79f2c95b5a74fb40f313a706815d5f8e
2022-12-14 00:00:00,BTC/USD,1d,17682.1,18351.8,17778.6,17796.4,318980.0,50b08e3da359ed5424e9aea6f962d2c9
2022-12-13 00:00:00,BTC/USD,1d,17094.5,17951.6,17210.9,17778.6,328710.0,ff1a0ac16d58a288021dcbe09c23d247
2022-12-12 00:00:00,BTC/USD,1d,16878.5,17232.5,17093.2,17210.4,249390.0,002465cabfe275833c5aec97324980c9
2022-12-11 00:00:00,BTC/USD,1d,17080.6,17262.9,17127.0,17093.3,167200.0,7fa5f310c954a83967889bf2c557c73e
2022-12-10 00:00:00,BTC/USD,1d,17105.7,17220.5,17125.7,17127.2,148810.0,815d6ce68cdbecbfb8f44386e4918585
2022-12-09 00:00:00,BTC/USD,1d,17082.1,17288.6,17225.6,17125.7,260840.0,8ec5baa5bd99e23e4b1f893454c963d8
2022-12-08 00:00:00,BTC/USD,1d,16765.8,17294.2,16835.2,17225.7,261640.0,a34de1555fe0626bcc5771509df9462a
2022-12-07 00:00:00,BTC/USD,1d,16715.3,17126.7,17089.4,16835.2,244360.0,26fef9017a3f0032739db4d184f445fe
2022-12-06 00:00:00,BTC/USD,1d,16914.9,17101.1,16966.3,17089.3,246190.0,e8492096d3f0b67006857d8bd83a0b80
2022-12-05 00:00:00,BTC/USD,1d,16886.9,17395.2,17106.9,16966.5,268720.0,058c0bcf719305b6f2d1fe84a29e1a1a
2022-12-04 00:00:00,BTC/USD,1d,16881.6,17198.1,16884.8,17112.6,197120.0,c9b872db7fcd340e7077a9d5fe1d90f6
2022-12-03 00:00:00,BTC/USD,1d,16862.1,17132.6,17093.4,16884.5,169290.0,0c40781d19e91caca2fe59de130f5b40
2022-12-02 00:00:00,BTC/USD,1d,16799.9,17096.2,16972.2,17093.6,227010.0,a0bedac9a2735aab9749a5544082b1c9
2022-12-01 00:00:00,BTC/USD,1d,16868.9,17244.7,17163.4,16972.0,266140.0,83dbb8fcc6d6958f4167bc35b8bb97bb
2022-11-30 00:00:00,BTC/USD,1d,16433.2,17215.5,16440.8,17163.9,348220.0,4181de410c60637d1a93beca896cbb60
2022-11-29 00:00:00,BTC/USD,1d,16100.1,16531.4,16211.9,16440.4,271580.0,56d8c1876e5a57f44a47292d68faa36f
2022-11-28 00:00:00,BTC/USD,1d,16013.5,16481.4,16426.1,16211.7,284840.0,741a56e8f4111d6263a28f72f5943597
2022-11-27 00:00:00,BTC/USD,1d,16414.6,16595.4,16456.4,16425.6,173250.0,e42a43c41863cfd3d5f265dac863779f
2022-11-26 00:00:00,BTC/USD,1d,16387.9,16686.3,16512.3,16456.5,194940.0,22b69eb2cecd968e00802591d342e4c8
2022-11-25 00:00:00,BTC/USD,1d,16360.9,16611.8,16600.6,16512.3,204070.0,4a12563529218aff2e906a2a4d87479a
2022-11-24 00:00:00,BTC/USD,1d,16472.0,16785.6,16604.9,16601.2,229590.0,adba9c75259062279a82f159616b3385
2022-11-23 00:00:00,BTC/USD,1d,16162.3,16677.6,16216.9,16623.9,305080.0,faf8ab6d8d30094164de08d59632ffa5
2022-11-22 00:00:00,BTC/USD,1d,15620.4,16274.6,15776.6,16212.9,287210.0,689d8dd409345a3d82e6d40f54038cb0
2022-11-21 00:00:00,BTC/USD,1d,15504.2,16287.9,16278.6,15776.2,372150.0,9ac84f1e1c0e070002a8da0e47fc1975
2022-11-20 00:00:00,BTC/USD,1d,16209.2,16749.3,16699.3,16286.7,172830.0,dbb14b754de3e5064c4971414ec7a030
2022-11-19 00:00:00,BTC/USD,1d,16608.9,16814.9,16652.2,16699.2,114890.0,903bcb9a23ceaedeedd4b28deeb4275b
2022-11-18 00:00:00,BTC/USD,1d,16553.0,16846.3,16715.4,16638.3,241960.0,0b103aed0093fdb6829e4c5ca9497514
2022-11-17 00:00:00,BTC/USD,1d,16425.8,16739.7,16540.5,16691.2,257000.0,42224978408f3349a13a17b2661cdaba
2022-11-16 00:00:00,BTC/USD,1d,16408.2,16993.4,16895.4,16540.5,295730.0,263e9e87d0fa003ee3669839639eb748
2022-11-15 00:00:00,BTC/USD,1d,16543.9,17112.0,16615.0,16895.1,337150.0,ca25ae20064195f04c7c00d7db49861b
2022-11-14 00:00:00,BTC/USD,1d,15834.0,17158.4,16325.0,16613.7,442460.0,4d3d5ceff9121aae80d131ec13d38467
2022-11-13 00:00:00,BTC/USD,1d,16274.9,16946.5,16803.9,16324.5,210800.0,b41ec0d5d1a87ed9b2242924db035d85
2022-11-12 00:00:00,BTC/USD,1d,16633.9,17100.8,17049.9,16795.2,192910.0,eb25b4c576c394dcd9190a25ad625a92
2022-11-11 00:00:00,BTC/USD,1d,16435.5,17679.4,17589.1,17049.9,466350.0,145468c1ec91deb58f3dc8da42cae62e
2022-11-10 00:00:00,BTC/USD,1d,15799.3,18138.2,15887.0,17589.1,720740.0,e7431c67fa54fcd63fdd3fe690cd97f8
2022-11-09 00:00:00,BTC/USD,1d,15603.3,18583.8,18538.9,15886.9,869570.0,0234b5984f8fb1c891f3d7a00bf54cbf
2022-11-08 00:00:00,BTC/USD,1d,17260.0,20667.5,20589.0,18527.4,865100.0,f90cee77c097c3bb426be8eb2ebb6c43
2022-11-07 00:00:00,BTC/USD,1d,20410.5,21055.4,20916.3,20589.0,414240.0,4d641623434a9eefd1e80dd003d9807e
2022-11-06 00:00:00,BTC/USD,1d,20901.0,21360.4,21298.7,20916.3,242260.0,dbe2d886960cadb4877ebc50d69b44ea
2022-11-05 00:00:00,BTC/USD,1d,21084.1,21464.7,21145.7,21301.6,261230.0,f478cb1be3bcdb724aaf3c640aeae913
2022-11-04 00:00:00,BTC/USD,1d,20184.6,21281.9,20206.4,21145.9,499500.0,13f30faab46520cdcc94cb6b01147f02
2022-11-03 00:00:00,BTC/USD,1d,20066.6,20384.5,20154.0,20206.4,347230.0,ca84e1cbb33dccc0b0c21f27759f67ee
2022-11-02 00:00:00,BTC/USD,1d,20065.8,20778.3,20482.9,20154.4,420230.0,b48eab43c25fdb429b3449e9c39735d8
2022-11-01 00:00:00,BTC/USD,1d,20348.1,20676.6,20496.1,20483.5,302720.0,784833611f567011747ea776ba1a5da1
2022-10-31 00:00:00,BTC/USD,1d,20260.0,20822.4,20626.0,20496.3,327470.0,c3435a36efab81a02b0752fb85dbdcce
2022-10-30 00:00:00,BTC/USD,1d,20522.5,20922.3,20809.4,20626.3,207630.0,11cc0ed1fcea89757f02c9f918fe71a4
2022-10-29 00:00:00,BTC/USD,1d,20561.9,21038.1,20594.2,20809.8,276540.0,0c8e73b4dbd8c3c8c398a8e907599dc2
2022-10-28 00:00:00,BTC/USD,1d,20058.2,20744.0,20293.0,20594.4,318900.0,bfd42e83bbdbaff4a6a350210f0590f8
2022-10-27 00:00:00,BTC/USD,1d,20231.6,20867.9,20769.5,20292.9,365490.0,789fd9ab6f648f19861fc49748f8dee2
2022-10-26 00:00:00,BTC/USD,1d,20062.9,20981.5,20086.8,20769.5,427990.0,1c85045e656d7e6d1a7fac6f38b60761
2022-10-25 00:00:00,BTC/USD,1d,19249.0,20406.9,19331.8,20082.7,371540.0,f30490393b8192f495d8b901c4e51541
2022-10-24 00:00:00,BTC/USD,1d,19177.2,19588.6,19571.2,19331.5,286940.0,676b234dac352a7480c8717d0e65bb71
2022-10-23 00:00:00,BTC/USD,1d,19092.5,19680.9,19204.8,19571.2,180630.0,99d2d8bf261be11dcd797f90e9cbc30b
2022-10-22 00:00:00,BTC/USD,1d,19116.1,19249.9,19162.6,19204.8,118240.0,95c9267e8a33400f9d70f3caa3cb255d
2022-10-21 00:00:00,BTC/USD,1d,18703.3,19245.5,19042.9,19162.6,294660.0,c79e93d7c631b886ee229120af3a925f
2022-10-20 00:00:00,BTC/USD,1d,18935.6,19334.5,19125.1,19042.9,253200.0,96830c3a5d3e47d10dc0f6ead8980cd8
2022-10-19 00:00:00,BTC/USD,1d,19101.2,19358.6,19328.2,19123.9,209280.0,a8b55615f1f9ca298b468b34efa84767
2022-10-18 00:00:00,BTC/USD,1d,19102.8,19692.9,19548.4,19328.2,290070.0,54d1b86ceff838a18b1c659ea8152ee6
2022-10-17 00:00:00,BTC/USD,1d,19163.6,19663.5,19262.2,19548.2,248400.0,27725551ffbe746ff2fb61063f780aff
2022-10-16 00:00:00,BTC/USD,1d,19066.0,19411.9,19068.8,19261.9,140950.0,5a06eba606bd6818b6913d8a5ce662e3
2022-10-15 00:00:00,BTC/USD,1d,19000.8,19218.7,19181.7,19068.7,123660.0,b34300f6e71c6e473a5857e386f566ed
2022-10-14 00:00:00,BTC/USD,1d,19098.6,19933.9,19379.8,19181.8,400450.0,166694266555c31e09a314c24fe47117
2022-10-13 00:00:00,BTC/USD,1d,18207.9,19494.4,19154.6,19379.8,455130.0,4d6a98454e340ba1d26cea264e52a2cc
2022-10-12 00:00:00,BTC/USD,1d,19010.6,19212.6,19058.5,19154.8,242180.0,0435332207360dc450b0507ead458500
2022-10-11 00:00:00,BTC/USD,1d,18868.7,19261.3,19134.3,19059.1,288570.0,73e0627f5ffba77ac2787adb0c5aa3c6
2022-10-10 00:00:00,BTC/USD,1d,19057.0,19520.7,19441.7,19134.6,243770.0,2e58f7c48a292c6ea2430a8c7722a918
2022-10-09 00:00:00,BTC/USD,1d,19329.6,19552.1,19416.3,19441.0,127530.0,f8d3fefe187239f6fad9b757bb13fcba
2022-10-08 00:00:00,BTC/USD,1d,19274.7,19612.2,19530.2,19415.0,113500.0,3538edc4c39c4a42913f4787da98c393
2022-10-07 00:00:00,BTC/USD,1d,19352.1,20051.4,19962.4,19531.3,263500.0,933bfb7c06c5187976a16f4dd94f3227
2022-10-06 00:00:00,BTC/USD,1d,19873.7,20436.7,20157.5,19956.7,370600.0,c283342c5d41258f2c4b72689818b682
2022-10-05 00:00:00,BTC/USD,1d,19761.7,20353.8,20340.5,20157.5,352760.0,cc2512e2b5cfb7d092235abf1edf29e3
2022-10-04 00:00:00,BTC/USD,1d,19506.4,20436.1,19629.7,20340.2,368170.0,24df77aef4c46a23ec364251ce5d853d
2022-10-03 00:00:00,BTC/USD,1d,19001.3,19676.0,19057.6,19628.3,333030.0,95da3aa701089ecdab451b29247e816d
2022-10-02 00:00:00,BTC/USD,1d,18937.3,19389.9,19311.9,19052.2,222820.0,8ca52a420a81315221559ee401ffc724
2022-10-01 00:00:00,BTC/USD,1d,19172.6,19480.3,19422.9,19311.9,173910.0,bd1996a1260d9c19ac09df54d5be763d
2022-09-30 00:00:00,BTC/USD,1d,19208.9,20174.9,19593.4,19423.0,490290.0,3b8c2608276681ec74171ee2c860b33f
2022-09-29 00:00:00,BTC/USD,1d,18877.9,19631.5,19420.2,19593.0,449570.0,8c07359b23430b46eda914b5f585cfe9
2022-09-28 00:00:00,BTC/USD,1d,18505.3,19757.8,19083.4,19411.0,581190.0,ce8effc78ef74ee1222e92756390c45a
2022-09-27 00:00:00,BTC/USD,1d,18850.4,20361.2,19228.8,19081.0,660120.0,1cbd352ff47dd19904a391060baa3a9b
2022-09-26 00:00:00,BTC/USD,1d,18695.2,19304.8,18803.1,19225.7,516030.0,530b52d69b4c152b770a0aa9a819fe10
2022-09-25 00:00:00,BTC/USD,1d,18659.6,19125.1,18925.1,18803.2,209710.0,c6e2763b13dbe6eb128c294b7d76f0e5
2022-09-24 00:00:00,BTC/USD,1d,18812.0,19310.6,19288.4,18925.2,258500.0,9ee41b971fe490367df84223fc5c4683
2022-09-23 00:00:00,BTC/USD,1d,18554.8,19477.3,19404.1,19293.5,431150.0,432ee4be1ae4ef2f2c50911db8d9290a
2022-09-22 00:00:00,BTC/USD,1d,18371.0,19490.9,18488.1,19404.0,448630.0,f7a19fcd0743b6d19ba4706db32f65f5
2022-09-21 00:00:00,BTC/USD,1d,18191.8,19758.4,18875.1,18489.0,446850.0,4826aaa39459b4cd30648633f6076bb6
2022-09-20 00:00:00,BTC/USD,1d,18742.6,19626.3,19538.9,18872.4,361180.0,3a580040f62c0556c0d34c9831b628e2
2022-09-19 00:00:00,BTC/USD,1d,18277.8,19666.6,19417.4,19538.9,423430.0,4c2a10aeeb17d15580ac76754e2f750f
2022-09-18 00:00:00,BTC/USD,1d,19347.7,20113.9,20113.9,19418.8,273110.0,d7197b63eb36a7e9850864999cd91d36
2022-09-17 00:00:00,BTC/USD,1d,19761.0,20178.6,19802.8,20113.5,204580.0,07ac856950c95b048ec141173a59bf9f
2022-09-16 00:00:00,BTC/USD,1d,19352.9,19883.0,19701.9,19802.4,315590.0,8d0f7a053aa2c2749cac10f8c2858308
2022-09-15 00:00:00,BTC/USD,1d,19532.3,20321.4,20222.3,19701.7,358420.0,41fa098e9a5883a5f47400417d035777
2022-09-14 00:00:00,BTC/USD,1d,19654.2,20503.7,20175.5,20222.5,374220.0,b546c92b75d22aafa7af284177c37fe9
2022-09-13 00:00:00,BTC/USD,1d,19909.6,22702.5,22395.3,20175.5,485320.0,928f1035a830c65764e8386cfada3d13
2022-09-12 00:00:00,BTC/USD,1d,21581.6,22465.4,21836.6,22395.3,431980.0,3659ac85c064593936cf09c7815f78a1
2022-09-11 00:00:00,BTC/USD,1d,21363.0,21836.4,21650.4,21834.9,297120.0,bec45efdeda003c736c0aa7db67631b3
2022-09-10 00:00:00,BTC/USD,1d,21139.9,21790.6,21363.8,21650.4,331120.0,3b986e53a7108622558c59512281e44b
2022-09-09 00:00:00,BTC/USD,1d,19294.1,21545.7,19318.8,21365.2,480370.0,83054fb5664f584ee4ccea4a70331b5e
2022-09-08 00:00:00,BTC/USD,1d,19034.5,19444.7,19281.5,19317.4,291430.0,9c85cdd6a28259087882ca4cb8f00bd9
2022-09-07 00:00:00,BTC/USD,1d,18548.4,19445.9,18786.3,19281.5,319100.0,6459c093fb9c6e960addfe385fd7c0f9
2022-09-06 00:00:00,BTC/USD,1d,18723.3,20169.3,19793.4,18786.4,402430.0,b5aff9deb04161eb00486ef13505bf5f
2022-09-05 00:00:00,BTC/USD,1d,19650.7,20042.9,19999.9,19793.1,238710.0,b719e319f67e52c28ff024927162213e
2022-09-04 00:00:00,BTC/USD,1d,19594.7,20017.8,19832.2,19999.9,158270.0,bc642b6abf048eef1140aa558afa4e4d
2022-09-03 00:00:00,BTC/USD,1d,19660.7,20043.8,19952.8,19831.4,157850.0,39a448b485049d6e14972acb443743aa
2022-09-02 00:00:00,BTC/USD,1d,19764.7,20428.2,20131.6,19952.7,272220.0,32e35a2964bf6b9b6c7d85cdc8c2cf77
2022-09-01 00:00:00,BTC/USD,1d,19584.4,20202.7,20049.9,20126.1,275080.0,821c42605aa65f8fc899477081859316
2022-08-31 00:00:00,BTC/USD,1d,19793.4,20469.1,19793.4,20043.9,318170.0,fabf1aab5fd0c7d4809e4f810c5a58f6
2022-08-30 00:00:00,BTC/USD,1d,19559.7,20558.2,20295.6,19792.6,308410.0,1d18f4820efd5a5a63cf5b8b2ef2997f
2022-08-29 00:00:00,BTC/USD,1d,19551.2,20394.5,19551.3,20295.8,248040.0,00a985056744463bb23e2c4a6bb6e012
2022-08-28 00:00:00,BTC/USD,1d,19542.9,20150.8,20034.2,19550.2,159600.0,9c1372ae68a90534a648c9f3c038eae4
2022-08-27 00:00:00,BTC/USD,1d,19849.8,20343.6,20249.9,20033.9,187340.0,3671703c0d579131adf9cbcccb83e5ba
2022-08-26 00:00:00,BTC/USD,1d,20122.4,21815.3,21564.2,20249.9,322160.0,00592fdd2d0628a1ed8848cc4de3add0
2022-08-25 00:00:00,BTC/USD,1d,21324.8,21801.2,21365.4,21565.4,190150.0,4703b311b436d0ebc272bb37733e527f
2022-08-24 00:00:00,BTC/USD,1d,21171.1,21832.3,21516.2,21365.2,202400.0,b5b4652d4ab21c4b870d91ea43308d05
2022-08-23 00:00:00,BTC/USD,1d,20919.6,21661.0,21416.5,21517.2,228650.0,3444eaacc3fdda2d85dd063907376e44
2022-08-22 00:00:00,BTC/USD,1d,20912.1,21517.4,21516.8,21416.3,251830.0,9a26bd0c85c7113b0311942a0d38542f
2022-08-21 00:00:00,BTC/USD,1d,21077.4,21692.4,21138.9,21517.2,177520.0,6e03a5e4cc16e876427e7c753f66ea61
2022-08-20 00:00:00,BTC/USD,1d,20784.8,21357.4,20830.7,21138.9,206940.0,49a698c874afc818e7d9c97516c3a0e7
2022-08-19 00:00:00,BTC/USD,1d,20807.8,23202.3,23201.6,20831.3,339470.0,33b8a918696773b3af4aa461b0eb4026
2022-08-18 00:00:00,BTC/USD,1d,23131.3,23578.0,23337.7,23203.6,160970.0,b319ba20a383a25eb2f446faec16e087
2022-08-17 00:00:00,BTC/USD,1d,23191.6,24423.5,23855.8,23338.0,239530.0,e25d512acdf9c427d5ed3d67c193e2f1
2022-08-16 00:00:00,BTC/USD,1d,23693.8,24240.8,24102.6,23856.8,201700.0,49ab03592ca8777cd984e650533c12e2
2022-08-15 00:00:00,BTC/USD,1d,23784.5,25205.7,24303.3,24101.7,279280.0,a8ece261631bf60e719f5e09ccf16a11
2022-08-14 00:00:00,BTC/USD,1d,24172.2,24997.3,24442.1,24302.8,177250.0,6065fb75406f4d3f1222ede10b300a57
2022-08-13 00:00:00,BTC/USD,1d,24318.7,24882.9,24398.9,24442.5,170590.0,b53867b65502eac44894435f5ffd2dea
2022-08-12 00:00:00,BTC/USD,1d,23616.4,24440.8,23935.3,24398.7,194960.0,87753041960ff1b5c3423d199a6c5851
2022-08-11 00:00:00,BTC/USD,1d,23864.0,24873.5,23963.3,23935.3,285360.0,7f5d47e1353cf76b31f8e94b4b023bfe
2022-08-10 00:00:00,BTC/USD,1d,22714.7,24209.9,23150.3,23962.9,243610.0,ac67cca629e7f67419502f7df1b90211
2022-08-09 00:00:00,BTC/USD,1d,22886.5,23912.0,23818.1,23146.7,169620.0,5b1d27bbafe7ab77dd0f9aabe20d3715
2022-08-08 00:00:00,BTC/USD,1d,23160.6,24234.1,23175.3,23816.3,197940.0,754b509a5074fc00dcf4bcd36dff433e
2022-08-07 00:00:00,BTC/USD,1d,22852.3,23387.7,22944.2,23175.3,99360.0,b78ad85cb06275e1924164fe8c576440
2022-08-06 00:00:00,BTC/USD,1d,22923.6,23344.4,23308.2,22944.2,94440.0,5938f1ffdd6e797c1c5bd4215b471ae2
2022-08-05 00:00:00,BTC/USD,1d,22593.5,23447.6,22613.3,23308.2,208900.0,a6fcc514f5ca1d406226d0d6aabe660d
2022-08-04 00:00:00,BTC/USD,1d,22438.7,23214.5,22822.2,22612.1,181190.0,e40a0d7ade36b4063aba6f387d0e09a4
2022-08-03 00:00:00,BTC/USD,1d,22698.6,23623.7,22988.7,22820.8,174660.0,18e69fc42c4b20fb0cfeb97bb9ade12a
2022-08-02 00:00:00,BTC/USD,1d,22670.8,23423.3,23271.1,22988.6,177300.0,c85df2aeb307d6807bcd537a5a892e13
2022-08-01 00:00:00,BTC/USD,1d,22863.8,23484.4,23303.4,23271.2,162330.0,ece581c87c8bbb38d37522544620b95f
2022-07-31 00:00:00,BTC/USD,1d,23236.2,24179.3,23634.2,23303.4,138840.0,fb5613eab42e7e1622078322061818d0
2022-07-30 00:00:00,BTC/USD,1d,23521.8,24605.3,23774.2,23634.2,168720.0,0bdeebac9b53ca2fbca2a063b1de0d7f
2022-07-29 00:00:00,BTC/USD,1d,23451.4,24340.0,23850.2,23774.3,221660.0,a9e2b8bbc334f42b2683aec00a63af0a
2022-07-28 00:00:00,BTC/USD,1d,22611.6,24190.5,22957.7,23850.0,268320.0,5508d275ae7d8c6c81867cdbf4f1bc16
2022-07-27 00:00:00,BTC/USD,1d,21047.5,23027.8,21248.0,22958.3,242660.0,25de6e15794ec687a9d5b233f5139f3a
2022-07-26 00:00:00,BTC/USD,1d,20737.3,21322.3,21301.6,21248.7,201570.0,0ce715122bb6b59e68f9de64275b94cb
2022-07-25 00:00:00,BTC/USD,1d,21275.4,22653.3,22582.3,21301.9,206930.0,367d4ae46fe3ad18ebaae8447d028291
2022-07-24 00:00:00,BTC/USD,1d,22281.3,22987.9,22449.8,22582.1,126660.0,f7cf7b575759c2f5151e1c666bb956c6
2022-07-23 00:00:00,BTC/USD,1d,21971.7,22991.0,22683.6,22460.4,137420.0,8834c722da22a4ef8f23ea4280d12f90
2022-07-22 00:00:00,BTC/USD,1d,22524.2,23741.4,23150.0,22675.2,197540.0,3809e1976f99c3258c04c9ac23bebf22
2022-07-21 00:00:00,BTC/USD,1d,22360.2,23403.8,23219.9,23153.0,217080.0,8a30cb858a72ff588109cb9c313b2785
2022-07-20 00:00:00,BTC/USD,1d,22944.4,24258.0,23412.0,23215.2,281310.0,a9ff51793f31ea1d475e1a308a9d92cc
2022-07-19 00:00:00,BTC/USD,1d,21581.8,23757.3,22529.3,23410.2,308910.0,e1ff1d8f189c78c8ac668ab309fe8ba3
2022-07-18 00:00:00,BTC/USD,1d,20770.6,22714.9,20785.6,22525.8,279720.0,2a347d158636e1e5772c2bd04a4e8476
2022-07-17 00:00:00,BTC/USD,1d,20755.2,21654.4,21209.8,20785.6,132810.0,1f71f19f0cbe606bece4a07132081116
2022-07-16 00:00:00,BTC/USD,1d,20484.4,21561.3,20825.2,21209.9,136890.0,b509eb49abbb96ce889f3c95948dc0b4
2022-07-15 00:00:00,BTC/USD,1d,20393.4,21178.1,20586.1,20825.1,164670.0,b9114cd5cb1e10436694ae03eea01a73
2022-07-14 00:00:00,BTC/USD,1d,19664.9,20862.2,20250.0,20586.0,205280.0,1bc023554085b1b532065e1b88b2b6b2
2022-07-13 00:00:00,BTC/USD,1d,18942.2,20250.8,19331.6,20250.0,249380.0,7d4a0262dff44a2b5e9a5d477a0a83e4
2022-07-12 00:00:00,BTC/USD,1d,19279.6,20051.7,19963.2,19330.9,167910.0,b291b98d9951c08c26d5dc8216dd2ca8
2022-07-11 00:00:00,BTC/USD,1d,19897.0,20855.0,20847.2,19963.2,160200.0,e7c4162f9162f9fc5a523ffec99d8cdd
2022-07-10 00:00:00,BTC/USD,1d,20689.7,21599.2,21587.4,20847.4,204680.0,a8462e0c52359052364c747c942d33e2
2022-07-09 00:00:00,BTC/USD,1d,21338.4,21944.1,21610.4,21587.5,190110.0,676cf6fdb0c112a2feb0591d99b2b119
2022-07-08 00:00:00,BTC/USD,1d,21207.0,22482.1,21637.1,21611.2,439900.0,168d6478788bfee1b8cea3c67b967c43
2022-07-07 00:00:00,BTC/USD,1d,20282.7,21817.8,20557.9,21637.8,115810.0,5aa57623423ad79f0a6c0a590a1b555f
2022-07-06 00:00:00,BTC/USD,1d,19785.3,20654.9,20180.4,20561.1,105240.0,12dbc1cc4f9955c5e7929c80fbfd85f8
2022-07-05 00:00:00,BTC/USD,1d,19315.4,20706.9,20215.8,20200.6,122430.0,15f36072dddadeb1a51238faba1f1db3
2022-07-04 00:00:00,BTC/USD,1d,19052.5,20303.8,19310.6,20215.8,92790.0,50a930af7102e724189c4374e1f0e327
2022-07-03 00:00:00,BTC/USD,1d,18794.4,19626.4,19243.4,19309.9,65270.0,37c4046d2f1703de83ca7decdf598e81
2022-07-02 00:00:00,BTC/USD,1d,19006.4,19425.4,19275.4,19243.2,58570.0,c8be67ad82020e8bfcb188ea58a904da
2022-07-01 00:00:00,BTC/USD,1d,18980.1,20785.6,19926.6,19262.9,150180.0,03749fb84962b2032b42f2f33d378791
2022-06-30 00:00:00,BTC/USD,1d,18682.7,20155.1,20111.3,19926.6,127730.0,7b0fe8b21f24ded001c5af064ed1a084
2022-06-29 00:00:00,BTC/USD,1d,19880.7,20415.8,20278.0,20111.3,98970.0,4eb5cd6c08ae6d8afabd4ed49fa30e47
2022-06-28 00:00:00,BTC/USD,1d,20210.5,21200.2,20727.9,20278.0,83830.0,840dc9dd8439e6f04492c89a329185c5
2022-06-27 00:00:00,BTC/USD,1d,20568.0,21497.5,21037.7,20730.2,84690.0,bd59cae40b64967848877581da1dfdba
2022-06-26 00:00:00,BTC/USD,1d,20989.7,21837.4,21489.9,21043.5,67210.0,a4122979048afdc1c5197b0183249af6
2022-06-25 00:00:00,BTC/USD,1d,20917.5,21553.4,21226.9,21489.9,66630.0,fcbafa78e3e12c461ffcbdeea7d0e187
2022-06-24 00:00:00,BTC/USD,1d,20743.9,21488.7,21100.9,21226.9,104560.0,8d459e995d7c030b4525f06fdf7dfdd1
2022-06-23 00:00:00,BTC/USD,1d,19907.5,21189.8,19967.3,21100.7,110700.0,891d34a176038cd8778f2cd71cccd61d
2022-06-22 00:00:00,BTC/USD,1d,19780.2,20864.3,20720.2,19965.8,125940.0,c2dffd97dc4f099e5b89f3603f9ac3b5
2022-06-21 00:00:00,BTC/USD,1d,20371.7,21689.3,20571.6,20720.4,136320.0,645e22234a44f22c1d1cd0262f980ea2
2022-06-20 00:00:00,BTC/USD,1d,19658.8,20996.8,20576.9,20572.3,140600.0,5947b3866c880f01bea19b1c075bd1f7
2022-06-19 00:00:00,BTC/USD,1d,17983.7,20763.5,18983.4,20577.2,169390.0,df03c12ac6990e5d850cb0dc0e6bcac1
2022-06-18 00:00:00,BTC/USD,1d,17630.5,20744.7,20446.4,18986.5,267250.0,cb12feb9a61a6314f709718b7bbab719
2022-06-17 00:00:00,BTC/USD,1d,20244.1,21315.4,20391.3,20444.6,136270.0,e0c2e78f4036e46fc236701188b5d5e1
2022-06-16 00:00:00,BTC/USD,1d,20231.1,22942.1,22577.9,20386.6,144000.0,80459052ae24adcaa6f604e9b1f4e4d9
2022-06-15 00:00:00,BTC/USD,1d,20125.8,22754.4,22137.5,22577.9,280410.0,c5eee018a7bcb8888dd43a0de35bade2
2022-06-14 00:00:00,BTC/USD,1d,20860.9,23200.3,22449.1,22157.3,251010.0,17dec9bd1b3e059da49e806d74c7d0c8
2022-06-13 00:00:00,BTC/USD,1d,22006.3,26857.6,26606.3,22448.0,379260.0,0b7b189b82edd6811bf00960c8b4b3c3
2022-06-12 00:00:00,BTC/USD,1d,26606.3,28534.8,28404.0,26606.3,120020.0,c3b65489a956660f8e225069c8f01706
2022-06-11 00:00:00,BTC/USD,1d,28161.8,29426.6,29083.3,28403.4,82920.0,8bebc1f5197dc27fb9273ce5e4c42721
2022-06-10 00:00:00,BTC/USD,1d,28884.9,30325.6,30097.4,29083.3,104260.0,2d5cb1a1ae56fae95cc6e44bf0c82fb6
2022-06-09 00:00:00,BTC/USD,1d,29953.8,30691.4,30202.1,30097.8,61720.0,15173622de9c1c32d6ef0366f9f7a67c
2022-06-08 00:00:00,BTC/USD,1d,29874.8,31312.1,31127.2,30201.6,87960.0,11baf6f071a33c34617ac8e3b1a8b225
2022-06-07 00:00:00,BTC/USD,1d,29235.0,31556.6,31370.3,31128.8,140320.0,3efa178161b52880ebafd06d70fcad97
2022-06-06 00:00:00,BTC/USD,1d,29888.6,31753.4,29911.2,31367.6,94010.0,c80f13b00a7c29003a93900309c744bf
2022-06-05 00:00:00,BTC/USD,1d,29539.0,30166.9,29865.1,29913.0,30330.0,c5cbd2e87227ed8dd814c00083419d53
2022-06-04 00:00:00,BTC/USD,1d,29489.5,29963.8,29700.9,29864.3,33510.0,27773f422811ba1eb8cec58622dd3ce9
2022-06-03 00:00:00,BTC/USD,1d,29330.8,30674.8,30455.7,29700.9,72130.0,76b9f00fac74b07ee7f1acbe7aa1b4e8
2022-06-02 00:00:00,BTC/USD,1d,29604.4,30638.5,29798.6,30455.5,81400.0,6f5c1b1e951cb2da3db2e1d2bc249e7d
2022-06-01 00:00:00,BTC/USD,1d,29396.6,31969.9,31793.1,29798.5,135090.0,e26b89e39418cd7cb578678e134f2531
2022-05-31 00:00:00,BTC/USD,1d,31221.2,32377.5,31730.2,31793.4,86600.0,8915792c6253005bae2f74a4743bd7c9
2022-05-30 00:00:00,BTC/USD,1d,29307.2,32185.6,29465.2,31723.3,129560.0,0651eb48ed804e7a0a9862cccecd3a08
2022-05-29 00:00:00,BTC/USD,1d,28838.7,29556.5,29027.1,29465.2,36870.0,116896505617e64680b4406246050a32
2022-05-28 00:00:00,BTC/USD,1d,28537.2,29194.4,28620.1,29027.1,43870.0,1b3b2c957b8ebc20f70b663c63a33387
2022-05-27 00:00:00,BTC/USD,1d,28282.2,29377.1,29194.0,28601.2,116410.0,911220a13f3608fe4c19e04888b7e0a5
2022-05-26 00:00:00,BTC/USD,1d,28077.9,29868.9,29537.9,29203.5,126710.0,fb640935a62af118db2f947b000b0ffa
2022-05-25 00:00:00,BTC/USD,1d,29353.5,30202.3,29648.7,29540.6,78850.0,0e838fdd2822219989c966d25a5ee42d
2022-05-24 00:00:00,BTC/USD,1d,28706.1,29810.8,29091.6,29648.7,79420.0,0874a99bfa7174e5804ad66eea1d725f
2022-05-23 00:00:00,BTC/USD,1d,28913.6,30644.8,30287.3,29093.3,92100.0,cfe7d3d37f6439cfc436e4f1e727dd71
2022-05-22 00:00:00,BTC/USD,1d,29260.1,30462.0,29433.0,30286.6,50600.0,8a0724b281e91d3d2f53c4512dc7a5ec
2022-05-21 00:00:00,BTC/USD,1d,28953.9,29623.2,29188.7,29434.6,32270.0,45ddb8f2887f5df9c3cfceae5194d1e4
2022-05-20 00:00:00,BTC/USD,1d,28738.5,30735.1,30305.9,29178.6,98780.0,371fbdb7f870ac6f19878033047caa8d
2022-05-19 00:00:00,BTC/USD,1d,28682.1,30525.1,28700.4,30305.9,101380.0,c4d58e2d2364ee1a3add7d083f63f75e
2022-05-18 00:00:00,BTC/USD,1d,28648.1,30687.9,30437.5,28683.7,92030.0,3b795009509ef9b990ff6ba5b02b1d6e
2022-05-17 00:00:00,BTC/USD,1d,29484.5,30720.1,29856.7,30437.5,79630.0,58c9d460d1aee68e9967912dde25142a
2022-05-16 00:00:00,BTC/USD,1d,29135.8,31312.4,31308.3,29849.0,100250.0,cb571fce31fdebe7761885b429e6883b
2022-05-15 00:00:00,BTC/USD,1d,29499.4,31383.8,30078.6,31308.7,65440.0,f8e1048825e37e98daca49ae7c4653e8
2022-05-14 00:00:00,BTC/USD,1d,28666.7,30277.4,29285.2,30080.4,70460.0,a1a8aabd97391d573d359639c3348a07
2022-05-13 00:00:00,BTC/USD,1d,28755.0,31002.7,28994.3,29284.4,141230.0,30b18133e7fda5212d07bde31aed6eba
2022-05-12 00:00:00,BTC/USD,1d,26500.5,30136.7,29073.4,28976.0,309480.0,1d5ec2753cbbf1280cad385e54bf1f81
2022-05-11 00:00:00,BTC/USD,1d,27835.5,32113.6,31008.0,29068.2,296900.0,a31c0c0dafc420ab1e9db12b280845f3
2022-05-10 00:00:00,BTC/USD,1d,29831.0,32621.2,30098.2,31007.5,235610.0,fa633ff55bcc4bb4336f5a03057df946
2022-05-09 00:00:00,BTC/USD,1d,30095.0,34227.0,34041.0,30095.0,268090.0,55e6eb5acb8dad7ec51991c38064d98a
2022-05-08 00:00:00,BTC/USD,1d,33727.0,35497.0,35468.0,34060.0,671050000.0,deaa3b8f114361be5fb17ef415a29212
2022-05-07 00:00:00,BTC/USD,1d,34773.0,36119.0,36003.0,35468.0,288860000.0,a00006622526cbc9a35cd5e3d5ee45fa
2022-05-06 00:00:00,BTC/USD,1d,35267.0,36646.0,36540.0,36009.0,752840000.0,3e2fcccd914585f4c391de698bf560ee
2022-05-05 00:00:00,BTC/USD,1d,36183.0,39833.0,39686.0,36544.0,1040000000.0,ff061896f06d99f32ff142a1dca3a293
2022-05-04 00:00:00,BTC/USD,1d,37660.0,40021.0,37717.0,39688.0,691490000.0,5e1a85ac14e014d2674ed11c007547d1
2022-05-03 00:00:00,BTC/USD,1d,37513.0,38647.0,38515.0,37718.0,367210000.0,78a5eaa4cb221919cb8fbf76ac3019a9
2022-05-02 00:00:00,BTC/USD,1d,38061.0,39134.0,38472.0,38514.0,580790000.0,03e0e49c7bbe5bfc1a1cef3961db6b32
2022-05-01 00:00:00,BTC/USD,1d,37397.0,38676.0,37642.0,38461.0,276990000.0,1d3bd3864fa2022a4c256054e54b8428
2022-04-30 00:00:00,BTC/USD,1d,37596.0,38776.0,38590.0,37650.0,248220000.0,75fa0bb969bfe11f7ba1d47cc3588cf4
2022-04-29 00:00:00,BTC/USD,1d,38175.0,39919.0,39748.0,38581.0,382900000.0,cb67ca90eb204430f177be565edd4e67
2022-04-28 00:00:00,BTC/USD,1d,38888.0,40382.0,39243.0,39748.0,542390000.0,64501923d682e6aa15611ac83c4f7736
2022-04-27 00:00:00,BTC/USD,1d,37869.0,39447.0,38113.0,39243.0,426830000.0,940dc5d8e68e0235f36fc0b03b5ebb09
2022-04-26 00:00:00,BTC/USD,1d,37708.0,40770.0,40443.0,38113.0,681470000.0,4bde53be369c8d6efce14cb5007eb1a0
2022-04-25 00:00:00,BTC/USD,1d,38233.0,40599.0,39464.0,40427.0,654600000.0,a07eb2f9660e2f787554033e79b64b2c
2022-04-24 00:00:00,BTC/USD,1d,39033.0,39929.0,39434.0,39464.0,283630000.0,c1dc72968703b5789b1534068f5f20b1
2022-04-23 00:00:00,BTC/USD,1d,39291.0,39973.0,39709.0,39418.0,190600000.0,77977596d65605c1486b95be5b256d3d
2022-04-22 00:00:00,BTC/USD,1d,39200.0,40792.0,40487.0,39709.0,421300000.0,29a0c9de81af2db49eb379596b664a7d
2022-04-21 00:00:00,BTC/USD,1d,39793.0,42969.0,41370.0,40482.0,493050000.0,41758702468be1d862e83c40fca95d10
2022-04-20 00:00:00,BTC/USD,1d,40915.0,42203.0,41499.0,41368.0,382840000.0,6d32e9821d779962f979331531275eed
2022-04-19 00:00:00,BTC/USD,1d,40585.0,41746.0,40809.0,41503.0,268280000.0,23b0bafd7c6eded99d080940986b167e
2022-04-18 00:00:00,BTC/USD,1d,38577.0,41095.0,39700.0,40803.0,484260000.0,8d06c81492bc5d8c003b5098705e944b
2022-04-17 00:00:00,BTC/USD,1d,39561.0,40599.0,40382.0,39703.0,210010000.0,ccde75e1c8685128574af62f82f438b7
2022-04-16 00:00:00,BTC/USD,1d,40003.0,40691.0,40571.0,40382.0,151310000.0,ddbb4d4866aad38fc8805bcb0ee9483e
2022-04-15 00:00:00,BTC/USD,1d,39781.0,40850.0,39936.0,40560.0,233090000.0,f39085dc2cacdef13e00cfeccfe99f28
2022-04-14 00:00:00,BTC/USD,1d,39585.0,41494.0,41133.0,39936.0,294290000.0,9395139631d7670bf650b32d389df639
2022-04-13 00:00:00,BTC/USD,1d,39581.0,41515.0,40072.0,41133.0,406700000.0,3cfc4ac92aef406001f9fddc5dbe38f1
2022-04-12 00:00:00,BTC/USD,1d,39265.0,40678.0,39507.0,40078.0,468270000.0,2fc2ed5b13b4f63d8ca57f8fad534559
2022-04-11 00:00:00,BTC/USD,1d,39202.0,42418.0,42144.0,39497.0,608380000.0,c370b8f36b2343aac0b644247f30124b
2022-04-10 00:00:00,BTC/USD,1d,41884.0,43421.0,42760.0,42138.0,255830000.0,ddd829c3b2200f01a3a08cedc7ed6539
2022-04-09 00:00:00,BTC/USD,1d,42129.0,42809.0,42275.0,42767.0,165160000.0,881ed4bb7fe5af75213a36ae02f323e0
2022-04-08 00:00:00,BTC/USD,1d,42113.0,43979.0,43450.0,42275.0,467830000.0,da7e6b251feb0465e4b16b8089259f46
2022-04-07 00:00:00,BTC/USD,1d,42747.0,43893.0,43166.0,43448.0,390850000.0,f4fb97ae8c62b9015982f1bcdf630a58
2022-04-06 00:00:00,BTC/USD,1d,43122.0,45519.0,45494.0,43173.0,649520000.0,02151069425e2bcda55db1a1f8ca4388
2022-04-05 00:00:00,BTC/USD,1d,45388.0,47201.0,46614.0,45506.0,421110000.0,8ccf8fc0a6a61bc471c17d46669acf11
2022-04-04 00:00:00,BTC/USD,1d,45152.0,46899.0,46407.0,46629.0,446120000.0,184767d1f58382701bc213587e236285
2022-04-03 00:00:00,BTC/USD,1d,45554.0,47435.0,45813.0,46407.0,398860000.0,01a080e04da3d765243c434358bf094b
2022-04-02 00:00:00,BTC/USD,1d,45641.0,47212.0,46299.0,45811.0,345930000.0,3ca3eacb5511cac9985cf08d9573e7d8
2022-04-01 00:00:00,BTC/USD,1d,44261.0,46728.0,45529.0,46297.0,632930000.0,46ed910bc6fda44abb5099c3016f5c0a
2022-03-31 00:00:00,BTC/USD,1d,45228.0,47624.0,47071.0,45525.0,520000000.0,39f5112ea072d422621ff5d65e7cc2dc
2022-03-30 00:00:00,BTC/USD,1d,46601.0,47714.0,47449.0,47075.0,467760000.0,cfd5fd96752e04cfe35193581c04f064
2022-03-29 00:00:00,BTC/USD,1d,47029.0,48127.0,47126.0,47449.0,478820000.0,6b811033c811cec4a0142024bcb03185
2022-03-28 00:00:00,BTC/USD,1d,46672.0,48199.0,46859.0,47105.0,610270000.0,e7eb77339d5fa990a6e46f8007abcf2e
2022-03-27 00:00:00,BTC/USD,1d,44445.0,46947.0,44542.0,46859.0,388790000.0,7077e3069a4b092c4b72aad8b280daf7
2022-03-26 00:00:00,BTC/USD,1d,44090.0,44818.0,44331.0,44548.0,196300000.0,66c2e9820991d0cc67fc8027dd1bfe81
2022-03-25 00:00:00,BTC/USD,1d,43622.0,45112.0,44013.0,44331.0,494090000.0,939be890f040c8b6669ae744ff05536a
2022-03-24 00:00:00,BTC/USD,1d,42658.0,44251.0,42911.0,44013.0,491660000.0,8371fd2fcb4739738fd55cf433c236ac
2022-03-23 00:00:00,BTC/USD,1d,41795.0,43027.0,42373.0,42912.0,433960000.0,561183b7df4602c02dfcf9f484138929
2022-03-22 00:00:00,BTC/USD,1d,40893.0,43327.9,41022.0,42373.0,537060000.0,567fb8942333d3904ad7aaa44eae54c7
2022-03-21 00:00:00,BTC/USD,1d,40530.0,41532.0,41282.0,41022.0,406620000.0,dced83ee9494e1d1996057b700c3c160
2022-03-20 00:00:00,BTC/USD,1d,40922.0,42301.0,42241.0,41276.0,308450000.0,6fd15c5730d1c976f82632ed572e6c85
2022-03-19 00:00:00,BTC/USD,1d,41529.6,42386.0,41768.0,42233.0,224590000.0,fc5640beb76ec0f88360eca9918c7aaf
2022-03-18 00:00:00,BTC/USD,1d,40234.8,42308.4,40914.6,41767.8,2310000000.0,6c1c1f31e9adbe74f8445df9df00569f
2022-03-17 00:00:00,BTC/USD,1d,40557.8,41406.0,41118.7,40914.8,1900000000.0,88801876b5643ea652773a93746b1f4c
2022-03-16 00:00:00,BTC/USD,1d,38953.2,41701.6,39282.5,41118.7,4470000000.0,ccb7406545b5fe0e6522cfaa97aeffe7
2022-03-15 00:00:00,BTC/USD,1d,38220.9,39854.7,39673.0,39285.7,2250000000.0,ec423a2e377081d3466799bb53de8774
2022-03-14 00:00:00,BTC/USD,1d,37613.6,39914.3,37789.5,39671.1,2330000000.0,da1d819ccc79a5547944a36a09af03f5
2022-03-13 00:00:00,BTC/USD,1d,37603.4,39272.3,38813.2,37792.4,1550000000.0,635f14391ce479194abbf052a3f487d7
2022-03-12 00:00:00,BTC/USD,1d,38666.5,39355.3,38730.2,38814.3,1110000000.0,ebec8748fd8462b21c34cb0b7fa6106b
2022-03-11 00:00:00,BTC/USD,1d,38236.4,40177.0,39422.5,38730.2,2790000000.0,1ff26f508bb4381edd4d60e7fb8f6268
2022-03-10 00:00:00,BTC/USD,1d,38603.5,42029.1,41933.9,39416.3,3620000000.0,932dc4106a4cf48a6bbd7d7e688a1944
2022-03-09 00:00:00,BTC/USD,1d,38663.3,42538.5,38731.5,41929.0,3600000000.0,874cca51784f0aa5519dce4e3446fbf7
2022-03-08 00:00:00,BTC/USD,1d,37886.6,39351.5,38020.6,38744.8,2670000000.0,41d16286fe17cf446715b50e8af87567
2022-03-07 00:00:00,BTC/USD,1d,37182.1,39532.0,38420.6,38024.8,3020000000.0,f925fed456eb3b72b5342016e81603f0
2022-03-06 00:00:00,BTC/USD,1d,38115.0,39668.1,39396.3,38403.1,1930000000.0,612c1bddca7aeb503a6bdbf669099bad
2022-03-05 00:00:00,BTC/USD,1d,38626.1,39600.2,39142.8,39395.8,1500000000.0,67165e346d1c1f50a165290431d76ee7
2022-03-04 00:00:00,BTC/USD,1d,38594.9,42848.7,42463.0,39142.7,3210000000.0,39f35994a9e40b9d5babcddc27647c40
2022-03-03 00:00:00,BTC/USD,1d,41840.8,44077.2,43912.8,42463.0,74110.0,99b00d2e1238f3765820f5820ea8d691
2022-03-02 00:00:00,BTC/USD,1d,43361.3,45294.2,44420.3,43912.8,80820.0,1fb118cf3acaeddad0a01a90f15d0f5e
2022-03-01 00:00:00,BTC/USD,1d,42876.6,44900.5,43187.2,44420.3,90670.0,ba09fa9f6d55ee1e878aaec3683957e3
2022-02-28 00:00:00,BTC/USD,1d,37458.9,43977.8,37707.2,43188.2,108070.0,20013b149fa937edbe355897bcd51de1
2022-02-27 00:00:00,BTC/USD,1d,37062.3,39838.5,39116.6,37689.1,66140.0,1cdbabe2a39210e0235b983d52cec3d7
2022-02-26 00:00:00,BTC/USD,1d,38639.1,40094.5,39221.6,39115.5,41550.0,7c8bccf0b60b38e85015d73bf063a463
2022-02-25 00:00:00,BTC/USD,1d,38042.6,39683.7,38339.2,39209.6,83780.0,11a3fdf948ebdc342d81d64176aad8e5
2022-02-24 00:00:00,BTC/USD,1d,34357.4,39351.6,37250.2,38339.2,180470.0,cfc1d18532a9a48b755510ff53b84b31
2022-02-23 00:00:00,BTC/USD,1d,37099.5,39194.5,38248.2,37224.6,64840.0,aa717538ad25ce428baca72897cf364a
2022-02-22 00:00:00,BTC/USD,1d,36399.6,38414.9,37018.3,38248.2,82750.0,918fe950de6b5f30be62f6ebfa4b9d2d
2022-02-21 00:00:00,BTC/USD,1d,36868.9,39444.1,38355.0,37017.7,91820.0,2d9920794f93adaaf35b42bac25e4c72
2022-02-20 00:00:00,BTC/USD,1d,38042.2,40120.3,40089.6,38355.0,47920.0,78976ad592cb4fda487e986981297cbd
2022-02-19 00:00:00,BTC/USD,1d,39666.6,40434.3,40000.1,40090.3,25780.0,85759c9443c0563be90bfdd16796eaa0
2022-02-18 00:00:00,BTC/USD,1d,39505.0,40935.5,40532.5,40000.1,64960.0,166e2bc386a07523ec91923eaffa245b
2022-02-17 00:00:00,BTC/USD,1d,40103.8,44167.1,43885.5,40552.8,72630.0,2f75e4919805d4bcc2dc73c2a8ae82d5
2022-02-16 00:00:00,BTC/USD,1d,43377.6,44552.9,44540.9,43883.6,41400.0,1d13e790856e01f4913e6e5affba460a
2022-02-15 00:00:00,BTC/USD,1d,42460.1,44722.6,42550.3,44544.4,56340.0,1f0bc6d277ecaa225ca5f3113f2ce027
2022-02-14 00:00:00,BTC/USD,1d,41591.3,42799.7,42061.1,42550.3,53600.0,f87fe11cd3e16b07e1e57a263770a825
2022-02-13 00:00:00,BTC/USD,1d,41880.1,42725.1,42205.5,42061.1,25880.0,30b0bfb35b9ce89b680267ffe69d58fa
2022-02-12 00:00:00,BTC/USD,1d,41776.8,43006.4,42388.4,42205.2,37880.0,3da699e9396144da4b3f250de066e25b
2022-02-11 00:00:00,BTC/USD,1d,42023.4,43915.1,43519.3,42388.4,69950.0,7d615ed199993dae194554bdc33ade25
2022-02-10 00:00:00,BTC/USD,1d,43242.5,45755.2,44388.9,43521.0,89690.0,29c7d3b6b0cfca5a75377ebae151fd09
2022-02-09 00:00:00,BTC/USD,1d,43163.0,44800.4,44038.2,44388.9,50920.0,96270476ed910542247bf00b86b6421e
2022-02-08 00:00:00,BTC/USD,1d,42705.0,45399.8,43833.9,44038.2,92880.0,2f09cdafbaf47a79a08a59c60e90ab3a
2022-02-07 00:00:00,BTC/USD,1d,41695.4,44468.3,42385.2,43833.9,76600.0,dac552170dea1cf850283f494d6f39d9
2022-02-06 00:00:00,BTC/USD,1d,41176.3,42614.8,41411.9,42392.2,31200.0,4cf1ea11adb530b9cd691f4510a46294
2022-02-05 00:00:00,BTC/USD,1d,40963.3,41899.8,41566.5,41412.1,46320.0,5c2328cc9836460cc30ad9126e437df9
2022-02-04 00:00:00,BTC/USD,1d,37041.1,41689.0,37287.8,41567.6,95490.0,a01da95df905f3c11ecde92fbed82cd1
2022-02-03 00:00:00,BTC/USD,1d,36297.3,37304.3,36890.2,37287.8,50350.0,48a94a1a3e6f708b3119f839d0500fb2
2022-02-02 00:00:00,BTC/USD,1d,36682.3,38853.8,38711.2,36890.2,53740.0,ccbecc3e2b03216dc6e34aeb6b4dbed9
2022-02-01 00:00:00,BTC/USD,1d,38037.9,39230.0,38475.6,38709.7,55200.0,cc4effe920d563f2c3fd042d82be224f
2022-01-31 00:00:00,BTC/USD,1d,36672.8,38701.4,37923.8,38498.6,61270.0,7cb1c059d8b4f9058420cb7151a9ef38
2022-01-30 00:00:00,BTC/USD,1d,37390.6,38313.3,38167.5,37917.7,34100.0,afd5c5484da55cb4a989c3a49925e58b
2022-01-29 00:00:00,BTC/USD,1d,37350.2,38663.7,37736.5,38170.8,42770.0,d5996a08a6d1923d612622e153b4f849
2022-01-28 00:00:00,BTC/USD,1d,36176.5,37995.9,37195.6,37745.1,69450.0,88ed70df678d485608d7d9387f8baf49
2022-01-27 00:00:00,BTC/USD,1d,35543.2,37215.4,36800.1,37164.3,83520.0,0c2d199d626e478cf7dab228c48df9ac
2022-01-26 00:00:00,BTC/USD,1d,36280.0,38862.6,36962.3,36800.4,107870.0,7cf00726321bc909964b3786e305fc93
2022-01-25 00:00:00,BTC/USD,1d,35729.3,37501.8,36691.3,36950.6,79680.0,0d1365a8210b8d72a6155ea1674c35ba
2022-01-24 00:00:00,BTC/USD,1d,32985.6,37424.0,36268.6,36686.3,153770.0,651e8d9ee844bda2591c8ec76fe3a3b7
2022-01-23 00:00:00,BTC/USD,1d,34655.2,36513.0,35072.9,36269.5,70430.0,3717552b2abe2eb2a597d172a518b20b
2022-01-22 00:00:00,BTC/USD,1d,34116.0,36749.8,36467.7,35075.2,138090.0,b2e0035011bfb57838122ad9c3603aa3
2022-01-21 00:00:00,BTC/USD,1d,35503.9,41104.6,40698.1,36475.5,155800.0,a3aed42ccb2f4d97cbe27c7479bc8d7b
2022-01-20 00:00:00,BTC/USD,1d,40568.3,43487.1,41683.6,40715.9,65280.0,6393fcb6b49826768df57c0641e3f084
2022-01-19 00:00:00,BTC/USD,1d,41160.9,42558.0,42365.3,41677.8,53770.0,c381c3286e2004940561e3e8f09eb2f4
2022-01-18 00:00:00,BTC/USD,1d,41300.7,42674.2,42209.9,42364.6,47320.0,8ca7df8d0b2d7528ded0bdf291b87cd9
2022-01-17 00:00:00,BTC/USD,1d,41559.4,43179.6,43080.5,42209.3,41440.0,381b7d93b07302c582b52bdc34f79d90
2022-01-16 00:00:00,BTC/USD,1d,42643.3,43462.0,43079.2,43079.1,28660.0,3186e49501039e94a455ea0d4ea9a218
2022-01-15 00:00:00,BTC/USD,1d,42586.1,43777.9,43073.6,43097.0,31440.0,cb31bba45a2b4b33ff2d2976c55a1941
2022-01-14 00:00:00,BTC/USD,1d,41848.7,43435.1,42562.2,43073.3,50500.0,a96ad925c69995390f731faffb864262
2022-01-13 00:00:00,BTC/USD,1d,42337.5,44404.7,43900.0,42560.0,53420.0,ed5cccee7e5de971be61241347457977
2022-01-12 00:00:00,BTC/USD,1d,42476.7,44243.6,42735.0,43901.0,53950.0,60d51c671914d67d911cf4b73f607c6f
2022-01-11 00:00:00,BTC/USD,1d,41287.6,43090.2,41829.1,42733.2,61780.0,61d2bac4b6b05cd4f050daba506a9711
2022-01-10 00:00:00,BTC/USD,1d,39697.0,42243.8,41848.9,41832.2,85500.0,aaf80fc62a8f7fc811e1e3f80350107c
2022-01-09 00:00:00,BTC/USD,1d,41260.9,42764.4,41681.2,41848.3,37510.0,5d28982dd1407dae894f1e5a21eab4d9
2022-01-08 00:00:00,BTC/USD,1d,40574.3,42304.4,41551.3,41672.0,52540.0,de61c9d8b70ef8c9afa2a74127c0c305
2022-01-07 00:00:00,BTC/USD,1d,40810.0,43127.7,43097.9,41546.7,88360.0,42b5b2bf5b2fe0c29bcd3cbab967751f
2022-01-06 00:00:00,BTC/USD,1d,42481.1,43772.3,43431.6,43097.5,63080.0,9d71e5ff9db8ef0ec7a0747759d24e1a
2022-01-05 00:00:00,BTC/USD,1d,42535.1,47019.4,45833.1,43425.9,83740.0,bf29b71211c32d9bf4f90f3f11536fd6
2022-01-04 00:00:00,BTC/USD,1d,45602.1,47505.4,46435.7,45837.3,55590.0,08382284694095307aa5cdbe9c551af1
2022-01-03 00:00:00,BTC/USD,1d,45704.0,47556.0,47293.9,46430.2,41060.0,feba52531335e57682f40f7ef3950afa
2022-01-02 00:00:00,BTC/USD,1d,46718.2,47944.9,47738.7,47311.8,27020.0,fbb4f85324a518e9dffc232b5a1d138c
2022-01-01 00:00:00,BTC/USD,1d,46217.5,47917.6,46217.5,47738.0,31240.0,e9851803bf2bde4019dfd0f48f4456f2
