/*
 Navicat Premium Data Transfer

 Source Server         : txy
 Source Server Type    : MySQL
 Source Server Version : 80022
 Source Host           : 110.40.157.36:3306
 Source Schema         : ezdata

 Target Server Type    : MySQL
 Target Server Version : 80022
 File Encoding         : 65001

 Date: 13/10/2023 17:31:09
*/

SET NAMES utf8mb4;
SET FOREIGN_KEY_CHECKS = 0;

-- ----------------------------
-- Table structure for alert
-- ----------------------------
DROP TABLE IF EXISTS `alert`;
CREATE TABLE `alert` (
  `description` text CHARACTER SET utf8mb4 COLLATE utf8mb4_general_ci COMMENT '简介',
  `sort_no` float DEFAULT NULL COMMENT '排序',
  `del_flag` smallint DEFAULT NULL COMMENT '软删除标记',
  `create_by` varchar(100) CHARACTER SET utf8mb4 COLLATE utf8mb4_general_ci DEFAULT NULL COMMENT '创建者',
  `create_time` timestamp NULL DEFAULT CURRENT_TIMESTAMP COMMENT '创建时间',
  `update_by` varchar(100) CHARACTER SET utf8mb4 COLLATE utf8mb4_general_ci DEFAULT NULL COMMENT '修改者',
  `update_time` timestamp NULL DEFAULT CURRENT_TIMESTAMP ON UPDATE CURRENT_TIMESTAMP COMMENT '修改时间',
  `id` varchar(36) CHARACTER SET utf8mb4 COLLATE utf8mb4_general_ci NOT NULL COMMENT 'id',
  `strategy_id` varchar(36) CHARACTER SET utf8mb4 COLLATE utf8mb4_general_ci DEFAULT NULL COMMENT '告警策略id',
  `title` varchar(500) CHARACTER SET utf8mb4 COLLATE utf8mb4_general_ci DEFAULT NULL COMMENT '告警标题',
  `content` text CHARACTER SET utf8mb4 COLLATE utf8mb4_general_ci COMMENT '告警内容',
  `level` int DEFAULT NULL COMMENT '告警等级',
  `status` smallint DEFAULT NULL COMMENT '告警状态',
  `rule_id` text CHARACTER SET utf8mb4 COLLATE utf8mb4_general_ci COMMENT '规则编码',
  `rule_name` text CHARACTER SET utf8mb4 COLLATE utf8mb4_general_ci COMMENT '规则名称',
  `biz` text CHARACTER SET utf8mb4 COLLATE utf8mb4_general_ci COMMENT '告警业务',
  `source` text CHARACTER SET utf8mb4 COLLATE utf8mb4_general_ci COMMENT '告警对象',
  `tags` text CHARACTER SET utf8mb4 COLLATE utf8mb4_general_ci COMMENT '告警标签',
  `metric` text CHARACTER SET utf8mb4 COLLATE utf8mb4_general_ci COMMENT '告警指标',
  `recover_time` timestamp NULL DEFAULT NULL COMMENT '恢复时间',
  `ext_params` text CHARACTER SET utf8mb4 COLLATE utf8mb4_general_ci COMMENT '额外参数',
  PRIMARY KEY (`id`)
) ENGINE=InnoDB DEFAULT CHARSET=utf8mb4 COLLATE=utf8mb4_general_ci;

-- ----------------------------
-- Records of alert
-- ----------------------------
BEGIN;
INSERT INTO `alert` VALUES ('', 1, 0, 'system', '2023-08-11 19:40:59', '', '2023-08-11 19:40:59', '1e1eb997-0c01-416e-8910-a55ed46fa5d9', '0af64e7c24d44c19908ee0034ddd10ec', '任务失败告警策略', '普通任务失败告警:失败任务示例 在重试2次后仍失败。任务报错：/Users/xuwei/Desktop/code/naivedata/naivedata/tasks/normal_task.py:48:division by zero', 3, 0, '0eff671433aafc70a2eb67bc89f7f2a2', '任务失败告警策略', 'scheduler', 'celery@localhost', '{\"task_uuid\": \"7fcbf07b-ce73-46b6-b7dd-929e9b8df224\", \"worker\": \"celery@localhost\", \"retries\": 2}', 'task_fail', NULL, '{}');
INSERT INTO `alert` VALUES ('', 1, 0, 'system', '2023-08-25 17:45:55', '', '2023-08-25 17:45:55', '491609bf-9f4a-4da8-adb4-b8b7974a0a98', '0af64e7c24d44c19908ee0034ddd10ec', '任务失败告警策略', '普通任务失败告警:失败任务示例 在重试2次后仍失败。任务报错：/opt/ezdata/tasks/normal_task.py:49:division by zero', 3, 0, 'fdabd11f2d30566940565aabb3950729', '任务失败告警策略', 'scheduler', 'celery@worker', '{\"task_uuid\": \"545cf165-3e20-4bc7-9793-2a4f1e538828\", \"worker\": \"celery@worker\", \"retries\": 2}', 'task_fail', NULL, '{}');
INSERT INTO `alert` VALUES ('', 1, 0, 'system', '2023-08-14 03:23:55', '', '2023-08-14 03:23:55', '7557252d-e5bb-492b-a5a8-b1ba8ed64844', '0af64e7c24d44c19908ee0034ddd10ec', '任务失败告警策略', '普通任务失败告警:失败任务示例 在重试2次后仍失败。任务报错：/Users/xuwei/Desktop/code/naivedata/naivedata/tasks/normal_task.py:48:division by zero', 3, 0, '5418786a8377ee7dad1d620c1e0eeaa3', '任务失败告警策略', 'scheduler', 'celery@localhost', '{\"task_uuid\": \"5eff9e79-8558-412a-845b-1f4acf23c806\", \"worker\": \"celery@localhost\", \"retries\": 2}', 'task_fail', NULL, '{}');
INSERT INTO `alert` VALUES ('', 1, 0, 'system', '2023-09-24 08:32:25', '', '2023-09-24 08:32:25', '82204c1a-793b-4311-831a-efb173e4d6be', '0af64e7c24d44c19908ee0034ddd10ec', '任务失败告警策略', '普通任务失败告警:失败任务示例 在重试2次后仍失败。任务报错：/opt/ezdata/tasks/normal_task.py:49:division by zero', 3, 0, '00a06002f58a2343be8864eaaa5a82b2', '任务失败告警策略', 'scheduler', 'celery@worker', '{\"task_uuid\": \"750d495c-420c-406f-b269-412948f0ba2a\", \"worker\": \"celery@worker\", \"retries\": 2}', 'task_fail', NULL, '{}');
INSERT INTO `alert` VALUES ('', 1, 0, 'system', '2023-08-12 02:09:59', '', '2023-08-12 02:09:59', 'ae264f60-fb84-4501-a522-4a1a9e7f51a1', '0af64e7c24d44c19908ee0034ddd10ec', '任务失败告警策略', '普通任务失败告警:失败任务示例 在重试2次后仍失败。任务报错：/Users/xuwei/Desktop/code/naivedata/naivedata/tasks/normal_task.py:48:division by zero', 3, 0, 'fe0f4f74c7e745513456563c782e2ca1', '任务失败告警策略', 'scheduler', 'celery@localhost', '{\"task_uuid\": \"f00933da-270b-4c25-9fbd-7dbabf38017e\", \"worker\": \"celery@localhost\", \"retries\": 2}', 'task_fail', NULL, '{}');
INSERT INTO `alert` VALUES ('', 1, 0, 'system', '2023-09-08 17:22:14', '', '2023-09-08 17:22:14', 'afc903a8-794f-489a-9f19-91965f9037cd', '0af64e7c24d44c19908ee0034ddd10ec', '任务失败告警策略', '普通任务失败告警:失败任务示例 在重试2次后仍失败。任务报错：/opt/ezdata/tasks/normal_task.py:49:division by zero', 3, 0, 'ebbf8a0ffa57a6d978fd63384319e52e', '任务失败告警策略', 'scheduler', 'celery@worker', '{\"task_uuid\": \"3969d8ae-576e-47e0-a9b4-f6e4901f10cd\", \"worker\": \"celery@worker\", \"retries\": 2}', 'task_fail', NULL, '{}');
INSERT INTO `alert` VALUES ('', 1, 0, 'system', '2023-08-12 02:08:31', '', '2023-08-12 02:08:31', 'b9c693c3-c436-47a9-b185-cf6ff76b1d38', '0af64e7c24d44c19908ee0034ddd10ec', '任务失败告警策略', '普通任务失败告警:失败任务示例 在重试2次后仍失败。任务报错：/Users/xuwei/Desktop/code/naivedata/naivedata/tasks/normal_task.py:48:division by zero', 3, 0, 'e568438e194fe593dfb732ee827be4d9', '任务失败告警策略', 'scheduler', 'celery@localhost', '{\"task_uuid\": \"8bd30653-3b65-4154-9213-40fe0a0df46e\", \"worker\": \"celery@localhost\", \"retries\": 2}', 'task_fail', NULL, '{}');
INSERT INTO `alert` VALUES ('', 1, 0, 'system', '2023-10-10 00:32:18', '', '2023-10-10 00:32:18', 'e65d0420-2e06-469f-8afc-ad8e64b00e8d', '0af64e7c24d44c19908ee0034ddd10ec', '任务失败告警策略', '普通任务失败告警:失败任务示例 在重试2次后仍失败。任务报错：/opt/ezdata/tasks/normal_task.py:49:division by zero', 3, 0, '4367193fa03030e2f27376f61f9122a6', '任务失败告警策略', 'scheduler', 'celery@worker', '{\"task_uuid\": \"0e8007de-ac87-4d52-9208-420639df1765\", \"worker\": \"celery@worker\", \"retries\": 2}', 'task_fail', NULL, '{}');
COMMIT;

-- ----------------------------
-- Table structure for alert_strategy
-- ----------------------------
DROP TABLE IF EXISTS `alert_strategy`;
CREATE TABLE `alert_strategy` (
  `description` text CHARACTER SET utf8mb4 COLLATE utf8mb4_general_ci COMMENT '简介',
  `sort_no` float DEFAULT NULL COMMENT '排序',
  `del_flag` smallint DEFAULT NULL COMMENT '软删除标记',
  `create_by` varchar(100) CHARACTER SET utf8mb4 COLLATE utf8mb4_general_ci DEFAULT NULL COMMENT '创建者',
  `create_time` timestamp NULL DEFAULT CURRENT_TIMESTAMP COMMENT '创建时间',
  `update_by` varchar(100) CHARACTER SET utf8mb4 COLLATE utf8mb4_general_ci DEFAULT NULL COMMENT '修改者',
  `update_time` timestamp NULL DEFAULT CURRENT_TIMESTAMP ON UPDATE CURRENT_TIMESTAMP COMMENT '修改时间',
  `id` varchar(36) CHARACTER SET utf8mb4 COLLATE utf8mb4_general_ci NOT NULL COMMENT '主键',
  `name` varchar(200) CHARACTER SET utf8mb4 COLLATE utf8mb4_general_ci DEFAULT NULL COMMENT '策略名称',
  `template_code` varchar(100) CHARACTER SET utf8mb4 COLLATE utf8mb4_general_ci DEFAULT NULL COMMENT '策略模版',
  `trigger_conf` text CHARACTER SET utf8mb4 COLLATE utf8mb4_general_ci COMMENT '触发条件',
  `forward_conf` text CHARACTER SET utf8mb4 COLLATE utf8mb4_general_ci COMMENT '转发条件',
  `status` smallint DEFAULT NULL COMMENT '状态',
  PRIMARY KEY (`id`)
) ENGINE=InnoDB DEFAULT CHARSET=utf8mb4 COLLATE=utf8mb4_general_ci;

-- ----------------------------
-- Records of alert_strategy
-- ----------------------------
BEGIN;
INSERT INTO `alert_strategy` VALUES ('', 1, 0, 'admin', '2023-08-11 19:39:35', 'admin', '2023-08-29 12:28:46', '0af64e7c24d44c19908ee0034ddd10ec', '任务失败告警策略', 'TaskFailStrategy', '{\n  \"level\": 3,\n  \"biz\": \"scheduler\",\n  \"metric\": \"task_fail\"\n}', '[\n  {\n    \"notice_users\": \"dev1,admin,test1\",\n    \"type\": \"notice\"\n  }\n]', 1);
COMMIT;

-- ----------------------------
-- Table structure for algorithm
-- ----------------------------
DROP TABLE IF EXISTS `algorithm`;
CREATE TABLE `algorithm` (
  `description` text CHARACTER SET utf8mb4 COLLATE utf8mb4_general_ci COMMENT '简介',
  `sort_no` float DEFAULT NULL COMMENT '排序',
  `del_flag` smallint DEFAULT NULL COMMENT '软删除标记',
  `create_by` varchar(100) CHARACTER SET utf8mb4 COLLATE utf8mb4_general_ci DEFAULT NULL COMMENT '创建者',
  `create_time` timestamp NULL DEFAULT CURRENT_TIMESTAMP COMMENT '创建时间',
  `update_by` varchar(100) CHARACTER SET utf8mb4 COLLATE utf8mb4_general_ci DEFAULT NULL COMMENT '修改者',
  `update_time` timestamp NULL DEFAULT CURRENT_TIMESTAMP ON UPDATE CURRENT_TIMESTAMP COMMENT '修改时间',
  `id` varchar(36) CHARACTER SET utf8mb4 COLLATE utf8mb4_general_ci NOT NULL COMMENT '主键',
  `name` varchar(200) CHARACTER SET utf8mb4 COLLATE utf8mb4_general_ci DEFAULT NULL COMMENT '算法名称',
  `code` varchar(200) CHARACTER SET utf8mb4 COLLATE utf8mb4_general_ci DEFAULT NULL COMMENT '算法编码',
  `type` varchar(200) CHARACTER SET utf8mb4 COLLATE utf8mb4_general_ci DEFAULT NULL COMMENT '算法类型',
  `form_type` smallint DEFAULT NULL COMMENT '表单类型',
  `component` varchar(500) CHARACTER SET utf8mb4 COLLATE utf8mb4_general_ci DEFAULT NULL COMMENT '算法组件',
  `params` text CHARACTER SET utf8mb4 COLLATE utf8mb4_general_ci COMMENT '算法配置',
  `status` smallint DEFAULT NULL COMMENT '状态',
  PRIMARY KEY (`id`)
) ENGINE=InnoDB DEFAULT CHARSET=utf8mb4 COLLATE=utf8mb4_general_ci;

-- ----------------------------
-- Records of algorithm
-- ----------------------------
BEGIN;
INSERT INTO `algorithm` VALUES ('', 1, 0, 'admin', '2023-04-04 09:08:44', '', '2023-04-04 09:08:44', '13bba9cd89ce4e4e9a7188649adda41c', '解析es接口返回聚合统计信息', 'gen_es_aggs_buckets', 'etl_algorithm', 2, '', '[{\"name\": \"统计字段\", \"value\": \"field\", \"form_type\": \"select_fields\", \"required\": true, \"default\": \"\", \"tips\": \"\"}, {\"name\": \"是否包含其它\", \"value\": \"include_other\", \"form_type\": \"switch\", \"required\": true, \"default\": false, \"tips\": \"\"}]', 1);
INSERT INTO `algorithm` VALUES ('', 98, 0, 'admin', '2023-04-04 09:08:18', 'admin', '2023-04-05 06:47:32', '1d03524c7f61429ca231e02b788a00ec', '获取总数', 'gen_contents_total', 'etl_algorithm', 2, '', '[]', 1);
INSERT INTO `algorithm` VALUES ('', 92, 0, 'admin', '2023-04-05 07:50:43', 'admin', '2023-04-24 16:36:37', '299b211bdfdb4ad2a8f535f28e63534d', '分组聚合统计', 'group_agg_count', 'etl_algorithm', 2, '', '[\n  {\n    \"name\": \"统计字段\",\n    \"value\": \"count_field\",\n    \"form_type\": \"select_field\",\n    \"required\": true,\n    \"default\": \"\",\n    \"tips\": \"\"\n  },\n  {\n    \"name\": \"分组字段列表\",\n    \"value\": \"group_fields\",\n    \"form_type\": \"select_fields\",\n    \"required\": true,\n    \"default\": \"\",\n    \"tips\": \"\"\n  },\n  {\n    \"name\": \"统计类型\",\n    \"value\": \"count_type\",\n    \"form_type\": \"select\",\n    \"required\": true,\n    \"default\": \"sum\",\n    \"options\": [\n      {\n        \"label\": \"数量\",\n        \"value\": \"count\"\n      },\n      {\n        \"label\": \"数值总和\",\n        \"value\": \"sum\"\n      },\n      {\n        \"label\": \"平均值\",\n        \"value\": \"mean\"\n      },\n      {\n        \"label\": \"算数平均值\",\n        \"value\": \"median\"\n      },\n      {\n        \"label\": \"标准差\",\n        \"value\": \"std\"\n      },\n      {\n        \"label\": \"方差\",\n        \"value\": \"var\"\n      },\n      {\n        \"label\": \"最小值\",\n        \"value\": \"min\"\n      },\n      {\n        \"label\": \"最大值\",\n        \"value\": \"max\"\n      },\n      {\n        \"label\": \"积\",\n        \"value\": \"prod\"\n      },\n      {\n        \"label\": \"第一个值\",\n        \"value\": \"first\"\n      },\n      {\n        \"label\": \"最后一个值\",\n        \"value\": \"last\"\n      }\n    ],\n    \"tips\": \"\"\n  }\n]', 1);
INSERT INTO `algorithm` VALUES ('', 1, 0, 'admin', '2023-08-10 07:20:40', '', '2023-08-10 07:20:40', '39c111c1701840248345fb0fcc6eac04', '转换字段格式', 'trans_field_type', 'etl_algorithm', 2, '', '[\n  {\n    \"name\": \"处理字段\",\n    \"value\": \"fields\",\n    \"form_type\": \"select_fields\",\n    \"required\": true,\n    \"default\": \"\",\n    \"tips\": \"\"\n  },\n  {\n    \"name\": \"转换类型类型\",\n    \"value\": \"trans_type\",\n    \"form_type\": \"select\",\n    \"required\": true,\n    \"default\": \"sum\",\n    \"options\": [\n      {\n        \"label\": \"字符串\",\n        \"value\": \"str\"\n      },\n      {\n        \"label\": \"整数\",\n        \"value\": \"int\"\n      },\n      {\n        \"label\": \"浮点数\",\n        \"value\": \"float\"\n      },\n      {\n        \"label\": \"日期字符串\",\n        \"value\": \"date\"\n      },\n      {\n        \"label\": \"日期时间\",\n        \"value\": \"datetime\"\n      },\n      {\n        \"label\": \"时间戳\",\n        \"value\": \"timestamp\"\n      }\n    ],\n    \"tips\": \"\"\n  }\n]', 1);
INSERT INTO `algorithm` VALUES ('', 96, 1, 'admin', '2023-04-04 09:01:12', 'admin', '2023-09-08 05:00:09', '426e64ecb8f4422986636ae68d280c12', 'dataframe转回原始数据', 'df_to_data', 'etl_algorithm', 2, '', '[]', 1);
INSERT INTO `algorithm` VALUES ('', 100, 0, 'admin', '2023-04-03 14:26:31', 'admin', '2023-04-18 03:17:15', '4a6c1cdb93224f3f90502f64cf201538', '获取内容列表', 'gen_records_list', 'etl_algorithm', 2, '', '[\n  {\n    \"name\": \"字段列表\",\n    \"value\": \"fields\",\n    \"form_type\": \"select_fields\",\n    \"required\": false,\n    \"default\": \"\",\n    \"tips\": \"\"\n  }\n]', 1);
INSERT INTO `algorithm` VALUES ('', 93, 0, 'admin', '2023-04-05 07:45:56', 'admin', '2023-04-24 03:38:35', '66fcaecbc68642359cf69824f27fb3a6', '字段映射', 'map_field_names', 'etl_algorithm', 2, '', '[\n  {\n    \"name\": \"字段映射\",\n    \"value\": \"field_map\",\n    \"form_type\": \"codeEditor\",\n    \"required\": true,\n    \"default\": \"{}\",\n    \"language\": \"json\",\n    \"tips\": \"\"\n  }\n]', 1);
INSERT INTO `algorithm` VALUES ('', 93, 0, 'admin', '2023-04-05 07:47:53', 'admin', '2023-04-24 03:22:15', '752dd6f66def4757bc7aa342e1eb7383', '字段值映射', 'map_values', 'etl_algorithm', 2, '', '[\n  {\n    \"name\": \"处理字段\",\n    \"value\": \"fields\",\n    \"form_type\": \"select_fields\",\n    \"required\": true,\n    \"default\": \"\",\n    \"tips\": \"\"\n  },\n  {\n    \"name\": \"映射字典\",\n    \"value\": \"value_map\",\n    \"form_type\": \"codeEditor\",\n    \"required\": true,\n    \"default\": \"{}\",\n    \"language\": \"json\",\n    \"tips\": \"\"\n  },\n  {\n    \"name\": \"处理错误时\",\n    \"value\": \"if_error\",\n    \"form_type\": \"RadioGroup\",\n    \"required\": true,\n    \"default\": \"original\",\n    \"options\": [\n      {\n        \"label\": \"原始值\",\n        \"value\": \"original\"\n      },\n      {\n        \"label\": \"置空\",\n        \"value\": \"empty\"\n      }\n    ],\n    \"tips\": \"\"\n  }\n]', 1);
INSERT INTO `algorithm` VALUES ('', 93, 0, 'admin', '2023-04-05 07:49:18', 'admin', '2023-04-24 16:36:10', '87c58ab9220d4532ab83f87fc817ce38', '生成唯一id', 'gen_only_id', 'etl_algorithm', 2, '', '[\n  {\n    \"name\": \"唯一字段列表\",\n    \"value\": \"only_fields\",\n    \"form_type\": \"select_fields\",\n    \"required\": true,\n    \"default\": \"\",\n    \"tips\": \"\"\n  },\n  {\n    \"name\": \"唯一号字段\",\n    \"value\": \"output_field\",\n    \"form_type\": \"input\",\n    \"required\": true,\n    \"default\": \"_id\",\n    \"tips\": \"\"\n  }\n]', 1);
INSERT INTO `algorithm` VALUES ('', 999.9, 0, 'admin', '2023-04-04 08:58:38', 'admin', '2023-08-10 07:26:56', '880bc3108df249e499c7aff1da8cf2a3', '自定义代码转换数据', 'code_transform', 'etl_algorithm', 2, '', '[\n  {\n    \"name\": \"语言\",\n    \"value\": \"language\",\n    \"form_type\": \"select\",\n    \"required\": true,\n    \"default\": \"python\",\n    \"options\": [\n      {\n        \"label\": \"python\",\n        \"value\": \"python\"\n      }\n    ],\n    \"tips\": \"\"\n  },\n  {\n    \"name\": \"代码\",\n    \"value\": \"code\",\n    \"form_type\": \"codeEditor\",\n    \"required\": true,\n    \"default\": \"\",\n    \"tips\": \"\"\n  }\n]', 1);
INSERT INTO `algorithm` VALUES ('', 99, 0, 'admin', '2023-04-04 09:07:37', 'admin', '2023-04-24 16:35:55', '9524f1f94a534dc0bc72a24092019531', '解析接口第一条数据', 'gen_contents_first', 'etl_algorithm', 2, '', '[\n  {\n    \"name\": \"字段\",\n    \"value\": \"fields\",\n    \"form_type\": \"select_fields\",\n    \"required\": true,\n    \"default\": \"\",\n    \"tips\": \"\"\n  }\n]', 1);
INSERT INTO `algorithm` VALUES ('', 97, 0, 'admin', '2023-04-04 08:59:11', 'admin', '2023-07-28 07:39:47', '9c926059a4164bdeac53491ea4d84d2a', '将数据转为dataframe', 'data_to_df', 'etl_algorithm', 2, '', '[\n  {\n    \"name\": \"dataframe类型\",\n    \"value\": \"engine\",\n    \"form_type\": \"select\",\n    \"required\": true,\n    \"default\": \"pandas\",\n    \"options\": [\n      {\n        \"label\": \"pandas\",\n        \"value\": \"pandas\"\n      },\n      {\n        \"label\": \"xorbits\",\n        \"value\": \"xorbits\"\n      }\n    ],\n    \"tips\": \"\"\n  }\n]', 1);
INSERT INTO `algorithm` VALUES ('', 1, 0, 'admin', '2023-04-04 09:09:17', 'admin', '2023-04-24 16:36:41', 'a232edca95da418d89b286c4d70666ba', '解析es接口聚类统计数值', 'gen_es_aggs_value', 'etl_algorithm', 2, '', '[\n  {\n    \"name\": \"字段\",\n    \"value\": \"field\",\n    \"form_type\": \"select_field\",\n    \"required\": true,\n    \"default\": \"\",\n    \"tips\": \"\"\n  }\n]', 1);
INSERT INTO `algorithm` VALUES ('', 94, 0, 'admin', '2023-04-05 06:57:12', 'admin', '2023-04-24 16:36:00', 'c43496ab3ba7427685c737184d29aa40', '清除空字符串和null', 'clean_empty', 'etl_algorithm', 2, '', '[\n  {\n    \"name\": \"处理字段列表\",\n    \"value\": \"fields\",\n    \"form_type\": \"select_fields\",\n    \"required\": true,\n    \"default\": \"\",\n    \"tips\": \"\"\n  }\n]', 1);
INSERT INTO `algorithm` VALUES ('', 1, 0, 'admin', '2023-04-05 07:49:53', 'admin', '2023-04-24 16:36:55', 'c9e0210186e14d50becd8653503f8620', '添加字段', 'add_field', 'etl_algorithm', 2, '', '[\n  {\n    \"name\": \"字段值\",\n    \"value\": \"field\",\n    \"form_type\": \"input\",\n    \"required\": true,\n    \"default\": \"\",\n    \"tips\": \"\"\n  },\n  {\n    \"name\": \"默认值\",\n    \"value\": \"default\",\n    \"form_type\": \"input\",\n    \"required\": true,\n    \"default\": \"\",\n    \"tips\": \"\"\n  }\n]', 1);
INSERT INTO `algorithm` VALUES ('', 93, 0, 'admin', '2023-04-05 07:48:35', 'admin', '2023-04-24 06:02:12', 'eaf615edde3f4362922950d84afbbc48', '转换时间格式', 'trans_time_format', 'etl_algorithm', 2, '', '[\n  {\n    \"name\": \"处理字段\",\n    \"value\": \"fields\",\n    \"form_type\": \"select_fields\",\n    \"required\": true,\n    \"default\": \"\",\n    \"tips\": \"\"\n  },\n  {\n    \"name\": \"日期格式\",\n    \"value\": \"format\",\n    \"form_type\": \"input\",\n    \"required\": true,\n    \"default\": \"%Y-%m-%d %H:%M:%S\",\n    \"tips\": \"\"\n  }\n]', 1);
INSERT INTO `algorithm` VALUES ('', 94, 0, 'admin', '2023-04-05 06:55:49', '', '2023-04-05 06:55:49', 'f40e035d77b04e5d99f8ac851d355de7', '空字符串转null', 'empty_to_null', 'etl_algorithm', 2, '', '[{\"name\": \"处理字段列表\", \"value\": \"fields\", \"form_type\": \"select_fields\", \"required\": true, \"default\": \"\", \"tips\": \"\"}]', 1);
COMMIT;

-- ----------------------------
-- Table structure for code_gen_model
-- ----------------------------
DROP TABLE IF EXISTS `code_gen_model`;
CREATE TABLE `code_gen_model` (
  `description` text CHARACTER SET utf8mb4 COLLATE utf8mb4_general_ci COMMENT '简介',
  `sort_no` float DEFAULT NULL COMMENT '排序',
  `del_flag` smallint DEFAULT NULL COMMENT '软删除标记',
  `create_by` varchar(100) CHARACTER SET utf8mb4 COLLATE utf8mb4_general_ci DEFAULT NULL COMMENT '创建者',
  `create_time` timestamp NULL DEFAULT CURRENT_TIMESTAMP COMMENT '创建时间',
  `update_by` varchar(100) CHARACTER SET utf8mb4 COLLATE utf8mb4_general_ci DEFAULT NULL COMMENT '修改者',
  `update_time` timestamp NULL DEFAULT CURRENT_TIMESTAMP ON UPDATE CURRENT_TIMESTAMP COMMENT '修改时间',
  `id` varchar(36) CHARACTER SET utf8mb4 COLLATE utf8mb4_general_ci NOT NULL COMMENT '主键',
  `title` varchar(255) CHARACTER SET utf8mb4 COLLATE utf8mb4_general_ci DEFAULT NULL COMMENT '项目名称',
  `module_name` varchar(255) CHARACTER SET utf8mb4 COLLATE utf8mb4_general_ci DEFAULT NULL COMMENT '模块文件名称',
  `api_prefix` varchar(255) CHARACTER SET utf8mb4 COLLATE utf8mb4_general_ci DEFAULT NULL COMMENT 'api接口前缀，不设默认使用模块文件名称',
  `model_name` varchar(255) CHARACTER SET utf8mb4 COLLATE utf8mb4_general_ci DEFAULT NULL COMMENT '模型名称',
  `model_value` varchar(255) CHARACTER SET utf8mb4 COLLATE utf8mb4_general_ci DEFAULT NULL COMMENT '模型值',
  `extend_base_model` smallint DEFAULT NULL COMMENT '是否继承基础模型类1是0不是',
  `table_name` varchar(255) CHARACTER SET utf8mb4 COLLATE utf8mb4_general_ci DEFAULT NULL COMMENT '数据库表名',
  `table_desc` varchar(255) CHARACTER SET utf8mb4 COLLATE utf8mb4_general_ci DEFAULT NULL COMMENT '数据库表描述',
  `model_type` smallint DEFAULT NULL COMMENT '模型类型1单表',
  `query_params` text CHARACTER SET utf8mb4 COLLATE utf8mb4_general_ci COMMENT '高级查询参数',
  `buttons` text CHARACTER SET utf8mb4 COLLATE utf8mb4_general_ci COMMENT '按钮设置',
  `fields` text CHARACTER SET utf8mb4 COLLATE utf8mb4_general_ci COMMENT '字段列表',
  `form_style` smallint DEFAULT NULL COMMENT '表单风格1一列2两列3三列4四列',
  `frontend_gen_type` smallint DEFAULT NULL COMMENT '前端生成代码类型1vue3模版,2vue3原生,3vue2',
  `backend_gen_type` smallint DEFAULT NULL COMMENT '后端生成代码类型1flaREDACTEDsqlalchemy模版',
  `is_scroll` smallint DEFAULT NULL COMMENT '滚动条1有0无',
  `modal_type` smallint DEFAULT NULL COMMENT '编辑弹窗类型1弹窗2抽屉',
  `modal_width` int DEFAULT NULL COMMENT '弹窗宽度，为0则全屏',
  `is_sync` smallint DEFAULT NULL COMMENT '是否已同步数据库1是0不是',
  PRIMARY KEY (`id`)
) ENGINE=InnoDB DEFAULT CHARSET=utf8mb4 COLLATE=utf8mb4_general_ci;

-- ----------------------------
-- Records of code_gen_model
-- ----------------------------
BEGIN;
INSERT INTO `code_gen_model` VALUES ('', 1, 0, 'admin', '2023-02-16 09:49:59', '', '2023-02-16 09:49:59', '07f7e5c7eea748d08f1e6253b6b71022', '数据接口', 'DataInterface', '/', 'DataInterface', 'DataInterface', 1, 'data_interface', '', 1, '[]', '[{\"name\": \"列表查询\", \"slot\": \"hideApi\", \"function\": \"list\", \"is_show\": false, \"permissions\": \"\", \"id\": \"row_141\", \"sortNum\": 3}, {\"name\": \"全量列表\", \"slot\": \"hideApi\", \"function\": \"getAllList\", \"is_show\": false, \"permissions\": \"\", \"id\": \"row_142\", \"sortNum\": 4}, {\"name\": \"详情\", \"slot\": \"actionDropDown\", \"function\": \"handleDetail\", \"is_show\": true, \"permissions\": \"\", \"id\": \"row_143\", \"sortNum\": 5}, {\"name\": \"新增\", \"slot\": \"tableTitle\", \"function\": \"handleAdd\", \"is_show\": true, \"permissions\": \"\", \"id\": \"row_144\", \"sortNum\": 6}, {\"name\": \"编辑\", \"slot\": \"action\", \"function\": \"handleEdit\", \"is_show\": true, \"permissions\": \"\", \"id\": \"row_145\", \"sortNum\": 7}, {\"name\": \"删除\", \"slot\": \"actionDropDown\", \"function\": \"handleDelete\", \"is_show\": true, \"permissions\": \"\", \"id\": \"row_146\", \"sortNum\": 8}, {\"name\": \"批量删除\", \"slot\": \"overlay\", \"function\": \"batchHandleDelete\", \"is_show\": true, \"permissions\": \"\", \"id\": \"row_147\", \"sortNum\": 9}, {\"name\": \"导入\", \"slot\": \"tableTitle\", \"function\": \"onImportXls\", \"is_show\": false, \"permissions\": \"\", \"id\": \"row_148\", \"sortNum\": 10}, {\"name\": \"导出\", \"slot\": \"tableTitle\", \"function\": \"onExportXls\", \"is_show\": false, \"permissions\": \"\", \"id\": \"row_149\", \"sortNum\": 11}]', '[{\"label\": \"主键\", \"field\": \"id\", \"component\": \"Input\", \"componentProps\": \"{}\", \"field_type\": \"String\", \"default_value\": \"\", \"length\": 36, \"nullable\": 1, \"primary_key\": 1, \"is_only\": 1, \"is_json\": 0, \"clearable\": 0, \"editable\": 0, \"customRender\": 0, \"list_show\": 1, \"table_show\": 1, \"edit_show\": 0, \"detail_show\": 1, \"all_list_show\": 1, \"id\": \"row_133\", \"sortNum\": 3}, {\"label\": \"创建者\", \"field\": \"create_by\", \"component\": \"Input\", \"componentProps\": \"{}\", \"field_type\": \"String\", \"default_value\": \"\", \"length\": 100, \"nullable\": 1, \"primary_key\": 0, \"is_only\": 0, \"is_json\": 0, \"clearable\": 0, \"editable\": 0, \"customRender\": 0, \"list_show\": 1, \"table_show\": 1, \"edit_show\": 0, \"detail_show\": 1, \"all_list_show\": 0, \"id\": \"row_134\", \"sortNum\": 4}, {\"label\": \"创建时间\", \"field\": \"create_time\", \"component\": \"Input\", \"componentProps\": \"{}\", \"field_type\": \"TIMESTAMP\", \"default_value\": \"server_default:CURRENT_TIMESTAMP\", \"length\": 0, \"nullable\": 1, \"primary_key\": 0, \"is_only\": 0, \"is_json\": 0, \"clearable\": 0, \"editable\": 0, \"list_show\": 1, \"customRender\": 0, \"table_show\": 1, \"edit_show\": 0, \"detail_show\": 1, \"all_list_show\": 0, \"id\": \"row_135\", \"sortNum\": 5}, {\"label\": \"修改者\", \"field\": \"update_by\", \"component\": \"Input\", \"componentProps\": \"{}\", \"field_type\": \"String\", \"default_value\": \"\", \"length\": 100, \"nullable\": 1, \"primary_key\": 0, \"is_only\": 0, \"is_json\": 0, \"clearable\": 0, \"editable\": 0, \"customRender\": 0, \"list_show\": 1, \"table_show\": 1, \"edit_show\": 0, \"detail_show\": 1, \"all_list_show\": 0, \"id\": \"row_136\", \"sortNum\": 6}, {\"label\": \"修改时间\", \"field\": \"update_time\", \"component\": \"Input\", \"componentProps\": \"{}\", \"field_type\": \"TIMESTAMP\", \"default_value\": \"server_default:CURRENT_TIMESTAMP ON UPDATE CURRENT_TIMESTAMP\", \"length\": 0, \"nullable\": 1, \"primary_key\": 0, \"is_only\": 0, \"is_json\": 0, \"clearable\": 0, \"editable\": 0, \"customRender\": 0, \"list_show\": 1, \"table_show\": 1, \"edit_show\": 0, \"detail_show\": 1, \"all_list_show\": 0, \"id\": \"row_137\", \"sortNum\": 7}, {\"label\": \"软删除标记\", \"field\": \"del_flag\", \"component\": \"InputNumber\", \"componentProps\": \"{}\", \"field_type\": \"SmallInteger\", \"default_value\": 0, \"length\": 0, \"nullable\": 1, \"primary_key\": 0, \"is_only\": 0, \"is_json\": 0, \"clearable\": 0, \"editable\": 0, \"customRender\": 1, \"list_show\": 1, \"table_show\": 0, \"edit_show\": 0, \"detail_show\": 1, \"all_list_show\": 0, \"id\": \"row_138\", \"sortNum\": 8}, {\"label\": \"排序字段\", \"field\": \"sort_no\", \"component\": \"InputNumber\", \"componentProps\": \"{}\", \"field_type\": \"Float\", \"default_value\": 1, \"length\": 0, \"nullable\": 1, \"primary_key\": 0, \"is_only\": 0, \"is_json\": 0, \"clearable\": 0, \"editable\": 0, \"customRender\": 0, \"list_show\": 1, \"table_show\": 0, \"edit_show\": 0, \"detail_show\": 1, \"all_list_show\": 0, \"id\": \"row_139\", \"sortNum\": 9}, {\"label\": \"简介描述\", \"field\": \"description\", \"component\": \"InputTextArea\", \"componentProps\": \"{}\", \"field_type\": \"Text\", \"default_value\": \"\", \"length\": 0, \"nullable\": 1, \"primary_key\": 0, \"is_only\": 0, \"is_json\": 0, \"clearable\": 0, \"editable\": 1, \"customRender\": 0, \"list_show\": 1, \"table_show\": 1, \"edit_show\": 1, \"detail_show\": 1, \"all_list_show\": 0, \"id\": \"row_140\", \"sortNum\": 10}]', 1, 1, 1, 1, 1, 800, 0);
INSERT INTO `code_gen_model` VALUES ('', 1, 0, 'admin', '2022-12-19 13:23:32', 'admin', '2022-12-19 16:47:58', '184307eeb5a34070988d1df9e8c6f237', '数据模型管理', 'datamodel', 'datamodel', '数据模型', 'DataModel', 1, 'datamodel', '数据模型', 1, '[{\"colProps\": \"{}\", \"component\": \"Input\", \"componentProps\": \"{}\", \"field\": \"name\", \"id\": \"row_107\", \"label\": \"\\u540d\\u79f0\", \"sortNum\": 3}, {\"colProps\": \"{}\", \"component\": \"Input\", \"componentProps\": \"{}\", \"field\": \"datasource_id\", \"id\": \"row_108\", \"label\": \"\\u6240\\u5c5e\\u6570\\u636e\\u6e90\", \"sortNum\": 4}, {\"colProps\": \"{}\", \"component\": \"Input\", \"componentProps\": \"{}\", \"field\": \"type\", \"id\": \"row_109\", \"label\": \"\\u7c7b\\u578b\", \"sortNum\": 5}]', '[{\"function\": \"list\", \"id\": \"row_68\", \"is_show\": false, \"name\": \"\\u5217\\u8868\\u67e5\\u8be2\", \"permissions\": \"\", \"slot\": \"hideApi\", \"sortNum\": 3}, {\"function\": \"getAllList\", \"id\": \"row_69\", \"is_show\": false, \"name\": \"\\u5168\\u91cf\\u5217\\u8868\", \"permissions\": \"\", \"slot\": \"hideApi\", \"sortNum\": 4}, {\"function\": \"handleDetail\", \"id\": \"row_70\", \"is_show\": true, \"name\": \"\\u8be6\\u60c5\", \"permissions\": \"\", \"slot\": \"actionDropDown\", \"sortNum\": 5}, {\"function\": \"handleAdd\", \"id\": \"row_71\", \"is_show\": true, \"name\": \"\\u65b0\\u589e\", \"permissions\": \"\", \"slot\": \"tableTitle\", \"sortNum\": 6}, {\"function\": \"handleEdit\", \"id\": \"row_72\", \"is_show\": true, \"name\": \"\\u7f16\\u8f91\", \"permissions\": \"\", \"slot\": \"action\", \"sortNum\": 7}, {\"function\": \"handleDelete\", \"id\": \"row_73\", \"is_show\": true, \"name\": \"\\u5220\\u9664\", \"permissions\": \"\", \"slot\": \"actionDropDown\", \"sortNum\": 8}, {\"function\": \"batchHandleDelete\", \"id\": \"row_74\", \"is_show\": true, \"name\": \"\\u6279\\u91cf\\u5220\\u9664\", \"permissions\": \"\", \"slot\": \"overlay\", \"sortNum\": 9}, {\"function\": \"onImportXls\", \"id\": \"row_75\", \"is_show\": false, \"name\": \"\\u5bfc\\u5165\", \"permissions\": \"\", \"slot\": \"tableTitle\", \"sortNum\": 10}, {\"function\": \"onExportXls\", \"id\": \"row_76\", \"is_show\": false, \"name\": \"\\u5bfc\\u51fa\", \"permissions\": \"\", \"slot\": \"tableTitle\", \"sortNum\": 11}]', '[{\"all_list_show\": 1, \"clearable\": 0, \"component\": \"Input\", \"componentProps\": \"{}\", \"customRender\": 0, \"default_value\": \"\", \"detail_show\": 1, \"edit_show\": 0, \"editable\": 0, \"field\": \"id\", \"field_type\": \"String\", \"id\": \"row_60\", \"is_json\": 0, \"is_only\": 1, \"label\": \"\\u4e3b\\u952e\", \"length\": 36, \"list_show\": 1, \"nullable\": 1, \"primary_key\": 1, \"sortNum\": 3, \"table_show\": 1}, {\"all_list_show\": 1, \"clearable\": 0, \"component\": \"Input\", \"componentProps\": \"{}\", \"customRender\": 0, \"default_value\": \"\", \"detail_show\": 1, \"edit_show\": 1, \"editable\": 1, \"field\": \"name\", \"field_type\": \"String\", \"id\": \"row_119\", \"is_json\": 0, \"is_only\": 1, \"label\": \"\\u540d\\u79f0\", \"length\": 200, \"list_show\": 1, \"nullable\": 0, \"primary_key\": 0, \"sortNum\": 4, \"table_show\": 1}, {\"all_list_show\": 1, \"clearable\": 0, \"component\": \"Input\", \"componentProps\": \"{}\", \"customRender\": 0, \"default_value\": \"\", \"detail_show\": 1, \"edit_show\": 1, \"editable\": 1, \"field\": \"datasource_id\", \"field_type\": \"String\", \"id\": \"row_120\", \"is_json\": 0, \"is_only\": 0, \"label\": \"\\u6570\\u636e\\u6e90id\", \"length\": 36, \"list_show\": 1, \"nullable\": 1, \"primary_key\": 0, \"sortNum\": 5, \"table_show\": 0}, {\"all_list_show\": 1, \"clearable\": 0, \"component\": \"JDictSelectTag\", \"componentProps\": \"{ \\t\\\"dictCode\\\": \\\"datamodel_type\\\", \\t\\\"placeholder\\\": \\\"\\u8bf7\\u9009\\u62e9\\u6570\\u636e\\u6e90\\u7c7b\\u578b\\\", \\t\\\"stringToNumber\\\": false }\", \"customRender\": 0, \"default_value\": \"\", \"detail_show\": 1, \"edit_show\": 1, \"editable\": 1, \"field\": \"type\", \"field_type\": \"String\", \"id\": \"row_121\", \"is_json\": 0, \"is_only\": 0, \"label\": \"\\u7c7b\\u578b\", \"length\": 200, \"list_show\": 1, \"nullable\": 1, \"primary_key\": 0, \"sortNum\": 6, \"table_show\": 1}, {\"all_list_show\": 0, \"clearable\": 0, \"component\": \"InputNumber\", \"componentProps\": \"{}\", \"customRender\": 1, \"default_value\": \"0\", \"detail_show\": 1, \"edit_show\": 1, \"editable\": 1, \"field\": \"is_sync\", \"field_type\": \"SmallInteger\", \"id\": \"row_251\", \"is_json\": 0, \"is_only\": 0, \"label\": \"\\u662f\\u5426\\u540c\\u6b65\", \"length\": 6, \"list_show\": 1, \"nullable\": 0, \"primary_key\": 0, \"sortNum\": 7, \"table_show\": 1}, {\"all_list_show\": 0, \"clearable\": 1, \"component\": \"InputTextArea\", \"componentProps\": \"{}\", \"customRender\": 1, \"default_value\": \"{}\", \"detail_show\": 1, \"edit_show\": 1, \"editable\": 1, \"field\": \"model_conf\", \"field_type\": \"Text\", \"id\": \"row_252\", \"is_json\": 1, \"is_only\": 0, \"label\": \"\\u6a21\\u578b\\u914d\\u7f6e\", \"length\": 0, \"list_show\": 1, \"nullable\": 1, \"primary_key\": 0, \"sortNum\": 8, \"table_show\": 1}, {\"all_list_show\": 0, \"clearable\": 1, \"component\": \"InputTextArea\", \"componentProps\": \"{}\", \"customRender\": 0, \"default_value\": \"{}\", \"detail_show\": 1, \"edit_show\": 1, \"editable\": 1, \"field\": \"ext_params\", \"field_type\": \"Text\", \"id\": \"row_253\", \"is_json\": 1, \"is_only\": 0, \"label\": \"\\u989d\\u5916\\u53c2\\u6570\", \"length\": 0, \"list_show\": 1, \"nullable\": 1, \"primary_key\": 0, \"sortNum\": 9, \"table_show\": 1}, {\"all_list_show\": 0, \"clearable\": 0, \"component\": \"Input\", \"componentProps\": \"{}\", \"customRender\": 0, \"default_value\": \"\", \"detail_show\": 1, \"edit_show\": 0, \"editable\": 0, \"field\": \"create_by\", \"field_type\": \"String\", \"id\": \"row_61\", \"is_json\": 0, \"is_only\": 0, \"label\": \"\\u521b\\u5efa\\u8005\", \"length\": 100, \"list_show\": 1, \"nullable\": 1, \"primary_key\": 0, \"sortNum\": 10, \"table_show\": 1}, {\"all_list_show\": 0, \"clearable\": 0, \"component\": \"Input\", \"componentProps\": \"{}\", \"customRender\": 0, \"default_value\": \"server_default:CURRENT_TIMESTAMP\", \"detail_show\": 1, \"edit_show\": 0, \"editable\": 0, \"field\": \"create_time\", \"field_type\": \"TIMESTAMP\", \"id\": \"row_62\", \"is_json\": 0, \"is_only\": 0, \"label\": \"\\u521b\\u5efa\\u65f6\\u95f4\", \"length\": 0, \"list_show\": 1, \"nullable\": 1, \"primary_key\": 0, \"sortNum\": 11, \"table_show\": 1}, {\"all_list_show\": 0, \"clearable\": 0, \"component\": \"Input\", \"componentProps\": \"{}\", \"customRender\": 0, \"default_value\": \"\", \"detail_show\": 1, \"edit_show\": 0, \"editable\": 0, \"field\": \"update_by\", \"field_type\": \"String\", \"id\": \"row_63\", \"is_json\": 0, \"is_only\": 0, \"label\": \"\\u4fee\\u6539\\u8005\", \"length\": 100, \"list_show\": 1, \"nullable\": 1, \"primary_key\": 0, \"sortNum\": 12, \"table_show\": 1}, {\"all_list_show\": 0, \"clearable\": 0, \"component\": \"Input\", \"componentProps\": \"{}\", \"customRender\": 0, \"default_value\": \"server_default:CURRENT_TIMESTAMP ON UPDATE CURRENT_TIMESTAMP\", \"detail_show\": 1, \"edit_show\": 0, \"editable\": 0, \"field\": \"update_time\", \"field_type\": \"TIMESTAMP\", \"id\": \"row_64\", \"is_json\": 0, \"is_only\": 0, \"label\": \"\\u4fee\\u6539\\u65f6\\u95f4\", \"length\": 0, \"list_show\": 1, \"nullable\": 1, \"primary_key\": 0, \"sortNum\": 13, \"table_show\": 1}, {\"all_list_show\": 0, \"clearable\": 0, \"component\": \"InputNumber\", \"componentProps\": \"{}\", \"customRender\": 1, \"default_value\": 0, \"detail_show\": 1, \"edit_show\": 0, \"editable\": 0, \"field\": \"del_flag\", \"field_type\": \"SmallInteger\", \"id\": \"row_65\", \"is_json\": 0, \"is_only\": 0, \"label\": \"\\u8f6f\\u5220\\u9664\\u6807\\u8bb0\", \"length\": 0, \"list_show\": 1, \"nullable\": 1, \"primary_key\": 0, \"sortNum\": 14, \"table_show\": 0}, {\"all_list_show\": 0, \"clearable\": 0, \"component\": \"InputNumber\", \"componentProps\": \"{}\", \"customRender\": 0, \"default_value\": 1, \"detail_show\": 1, \"edit_show\": 0, \"editable\": 0, \"field\": \"sort_no\", \"field_type\": \"Float\", \"id\": \"row_66\", \"is_json\": 0, \"is_only\": 0, \"label\": \"\\u6392\\u5e8f\\u5b57\\u6bb5\", \"length\": 0, \"list_show\": 1, \"nullable\": 1, \"primary_key\": 0, \"sortNum\": 15, \"table_show\": 0}, {\"all_list_show\": 0, \"clearable\": 0, \"component\": \"TextArea\", \"componentProps\": \"{}\", \"customRender\": 0, \"default_value\": \"\", \"detail_show\": 1, \"edit_show\": 1, \"editable\": 1, \"field\": \"description\", \"field_type\": \"Text\", \"id\": \"row_67\", \"is_json\": 0, \"is_only\": 0, \"label\": \"\\u7b80\\u4ecb\\u63cf\\u8ff0\", \"length\": 0, \"list_show\": 1, \"nullable\": 1, \"primary_key\": 0, \"sortNum\": 16, \"table_show\": 1}]', 1, 1, 1, 1, 2, 800, 0);
INSERT INTO `code_gen_model` VALUES ('', 1, 0, 'admin', '2023-02-17 09:19:00', 'admin', '2023-02-17 09:20:40', '1a0d8c3e269c48f0bc4e8f2ebbd55035', '数据接口申请', 'data_interface_apply', '/', 'DataInterfaceApply', 'DataInterfaceApply', 1, 'data_interface_apply', '', 1, '[]', '[{\"function\": \"list\", \"id\": \"row_126\", \"is_show\": false, \"name\": \"\\u5217\\u8868\\u67e5\\u8be2\", \"permissions\": \"\", \"slot\": \"hideApi\", \"sortNum\": 3}, {\"function\": \"getAllList\", \"id\": \"row_127\", \"is_show\": false, \"name\": \"\\u5168\\u91cf\\u5217\\u8868\", \"permissions\": \"\", \"slot\": \"hideApi\", \"sortNum\": 4}, {\"function\": \"handleDetail\", \"id\": \"row_128\", \"is_show\": true, \"name\": \"\\u8be6\\u60c5\", \"permissions\": \"\", \"slot\": \"actionDropDown\", \"sortNum\": 5}, {\"function\": \"handleAdd\", \"id\": \"row_129\", \"is_show\": true, \"name\": \"\\u65b0\\u589e\", \"permissions\": \"\", \"slot\": \"tableTitle\", \"sortNum\": 6}, {\"function\": \"handleEdit\", \"id\": \"row_130\", \"is_show\": true, \"name\": \"\\u7f16\\u8f91\", \"permissions\": \"\", \"slot\": \"action\", \"sortNum\": 7}, {\"function\": \"handleDelete\", \"id\": \"row_131\", \"is_show\": true, \"name\": \"\\u5220\\u9664\", \"permissions\": \"\", \"slot\": \"actionDropDown\", \"sortNum\": 8}, {\"function\": \"batchHandleDelete\", \"id\": \"row_132\", \"is_show\": true, \"name\": \"\\u6279\\u91cf\\u5220\\u9664\", \"permissions\": \"\", \"slot\": \"overlay\", \"sortNum\": 9}, {\"function\": \"onImportXls\", \"id\": \"row_133\", \"is_show\": false, \"name\": \"\\u5bfc\\u5165\", \"permissions\": \"\", \"slot\": \"tableTitle\", \"sortNum\": 10}, {\"function\": \"onExportXls\", \"id\": \"row_134\", \"is_show\": false, \"name\": \"\\u5bfc\\u51fa\", \"permissions\": \"\", \"slot\": \"tableTitle\", \"sortNum\": 11}]', '[{\"all_list_show\": 1, \"clearable\": 0, \"component\": \"Input\", \"componentProps\": \"{}\", \"customRender\": 0, \"default_value\": \"\", \"detail_show\": 1, \"edit_show\": 0, \"editable\": 0, \"field\": \"id\", \"field_type\": \"String\", \"id\": \"row_118\", \"is_json\": 0, \"is_only\": 1, \"label\": \"\\u4e3b\\u952e\", \"length\": 36, \"list_show\": 1, \"nullable\": 1, \"primary_key\": 1, \"sortNum\": 3, \"table_show\": 1}, {\"all_list_show\": 0, \"clearable\": 0, \"component\": \"Input\", \"componentProps\": \"{}\", \"customRender\": 0, \"default_value\": \"\", \"detail_show\": 1, \"edit_show\": 0, \"editable\": 0, \"field\": \"create_by\", \"field_type\": \"String\", \"id\": \"row_119\", \"is_json\": 0, \"is_only\": 0, \"label\": \"\\u521b\\u5efa\\u8005\", \"length\": 100, \"list_show\": 1, \"nullable\": 1, \"primary_key\": 0, \"sortNum\": 4, \"table_show\": 1}, {\"all_list_show\": 0, \"clearable\": 0, \"component\": \"Input\", \"componentProps\": \"{}\", \"customRender\": 0, \"default_value\": \"server_default:CURRENT_TIMESTAMP\", \"detail_show\": 1, \"edit_show\": 0, \"editable\": 0, \"field\": \"create_time\", \"field_type\": \"TIMESTAMP\", \"id\": \"row_120\", \"is_json\": 0, \"is_only\": 0, \"label\": \"\\u521b\\u5efa\\u65f6\\u95f4\", \"length\": 0, \"list_show\": 1, \"nullable\": 1, \"primary_key\": 0, \"sortNum\": 5, \"table_show\": 1}, {\"all_list_show\": 0, \"clearable\": 0, \"component\": \"Input\", \"componentProps\": \"{}\", \"customRender\": 0, \"default_value\": \"\", \"detail_show\": 1, \"edit_show\": 0, \"editable\": 0, \"field\": \"update_by\", \"field_type\": \"String\", \"id\": \"row_121\", \"is_json\": 0, \"is_only\": 0, \"label\": \"\\u4fee\\u6539\\u8005\", \"length\": 100, \"list_show\": 1, \"nullable\": 1, \"primary_key\": 0, \"sortNum\": 6, \"table_show\": 1}, {\"all_list_show\": 0, \"clearable\": 0, \"component\": \"Input\", \"componentProps\": \"{}\", \"customRender\": 0, \"default_value\": \"server_default:CURRENT_TIMESTAMP ON UPDATE CURRENT_TIMESTAMP\", \"detail_show\": 1, \"edit_show\": 0, \"editable\": 0, \"field\": \"update_time\", \"field_type\": \"TIMESTAMP\", \"id\": \"row_122\", \"is_json\": 0, \"is_only\": 0, \"label\": \"\\u4fee\\u6539\\u65f6\\u95f4\", \"length\": 0, \"list_show\": 1, \"nullable\": 1, \"primary_key\": 0, \"sortNum\": 7, \"table_show\": 1}, {\"all_list_show\": 0, \"clearable\": 0, \"component\": \"InputNumber\", \"componentProps\": \"{}\", \"customRender\": 1, \"default_value\": 0, \"detail_show\": 1, \"edit_show\": 0, \"editable\": 0, \"field\": \"del_flag\", \"field_type\": \"SmallInteger\", \"id\": \"row_123\", \"is_json\": 0, \"is_only\": 0, \"label\": \"\\u8f6f\\u5220\\u9664\\u6807\\u8bb0\", \"length\": 0, \"list_show\": 1, \"nullable\": 1, \"primary_key\": 0, \"sortNum\": 8, \"table_show\": 0}, {\"all_list_show\": 0, \"clearable\": 0, \"component\": \"InputNumber\", \"componentProps\": \"{}\", \"customRender\": 0, \"default_value\": 1, \"detail_show\": 1, \"edit_show\": 0, \"editable\": 0, \"field\": \"sort_no\", \"field_type\": \"Float\", \"id\": \"row_124\", \"is_json\": 0, \"is_only\": 0, \"label\": \"\\u6392\\u5e8f\\u5b57\\u6bb5\", \"length\": 0, \"list_show\": 1, \"nullable\": 1, \"primary_key\": 0, \"sortNum\": 9, \"table_show\": 0}, {\"all_list_show\": 0, \"clearable\": 0, \"component\": \"InputTextArea\", \"componentProps\": \"{}\", \"customRender\": 0, \"default_value\": \"\", \"detail_show\": 1, \"edit_show\": 1, \"editable\": 1, \"field\": \"description\", \"field_type\": \"Text\", \"id\": \"row_125\", \"is_json\": 0, \"is_only\": 0, \"label\": \"\\u7b80\\u4ecb\\u63cf\\u8ff0\", \"length\": 0, \"list_show\": 1, \"nullable\": 1, \"primary_key\": 0, \"sortNum\": 10, \"table_show\": 1}]', 1, 1, 1, 1, 1, 800, 0);
INSERT INTO `code_gen_model` VALUES ('', 1, 0, 'admin', '2022-12-17 12:34:09', '', '2022-12-17 12:34:09', '3182c0d0f9e24011b19e59c66d982251', 'test2', 'test2', 'test2', 'Test2', 'Test2', 1, 'test2', '', 1, '[]', '[{\"name\": \"列表查询\", \"slot\": \"hideApi\", \"function\": \"list\", \"is_show\": false, \"permissions\": \"\", \"id\": \"row_127\", \"sortNum\": 3}, {\"name\": \"全量列表\", \"slot\": \"hideApi\", \"function\": \"getAllList\", \"is_show\": false, \"permissions\": \"\", \"id\": \"row_128\", \"sortNum\": 4}, {\"name\": \"详情\", \"slot\": \"actionDropDown\", \"function\": \"handleDetail\", \"is_show\": true, \"permissions\": \"\", \"id\": \"row_129\", \"sortNum\": 5}, {\"name\": \"新增\", \"slot\": \"tableTitle\", \"function\": \"handleAdd\", \"is_show\": true, \"permissions\": \"\", \"id\": \"row_130\", \"sortNum\": 6}, {\"name\": \"编辑\", \"slot\": \"action\", \"function\": \"handleEdit\", \"is_show\": true, \"permissions\": \"\", \"id\": \"row_131\", \"sortNum\": 7}, {\"name\": \"删除\", \"slot\": \"actionDropDown\", \"function\": \"handleDelete\", \"is_show\": true, \"permissions\": \"\", \"id\": \"row_132\", \"sortNum\": 8}, {\"name\": \"批量删除\", \"slot\": \"overlay\", \"function\": \"batchHandleDelete\", \"is_show\": true, \"permissions\": \"\", \"id\": \"row_133\", \"sortNum\": 9}]', '[{\"label\": \"主键\", \"field\": \"id\", \"component\": \"Input\", \"componentProps\": \"{}\", \"field_type\": \"String\", \"default_value\": \"\", \"length\": 36, \"nullable\": 1, \"primary_key\": 1, \"is_only\": 1, \"is_json\": 0, \"clearable\": 0, \"editable\": 0, \"customRender\": 0, \"list_show\": 1, \"table_show\": 1, \"edit_show\": 0, \"detail_show\": 1, \"all_list_show\": 1, \"id\": \"row_119\", \"sortNum\": 3}, {\"label\": \"创建者\", \"field\": \"create_by\", \"component\": \"Input\", \"componentProps\": \"{}\", \"field_type\": \"String\", \"default_value\": \"\", \"length\": 100, \"nullable\": 1, \"primary_key\": 0, \"is_only\": 0, \"is_json\": 0, \"clearable\": 0, \"editable\": 0, \"customRender\": 0, \"list_show\": 1, \"table_show\": 1, \"edit_show\": 0, \"detail_show\": 1, \"all_list_show\": 0, \"id\": \"row_120\", \"sortNum\": 4}, {\"label\": \"创建时间\", \"field\": \"create_time\", \"component\": \"Input\", \"componentProps\": \"{}\", \"field_type\": \"TIMESTAMP\", \"default_value\": \"server_default:CURRENT_TIMESTAMP\", \"length\": 0, \"nullable\": 1, \"primary_key\": 0, \"is_only\": 0, \"is_json\": 0, \"clearable\": 0, \"editable\": 0, \"list_show\": 1, \"customRender\": 0, \"table_show\": 1, \"edit_show\": 0, \"detail_show\": 1, \"all_list_show\": 0, \"id\": \"row_121\", \"sortNum\": 5}, {\"label\": \"修改者\", \"field\": \"update_by\", \"component\": \"Input\", \"componentProps\": \"{}\", \"field_type\": \"String\", \"default_value\": \"\", \"length\": 100, \"nullable\": 1, \"primary_key\": 0, \"is_only\": 0, \"is_json\": 0, \"clearable\": 0, \"editable\": 0, \"customRender\": 0, \"list_show\": 1, \"table_show\": 1, \"edit_show\": 0, \"detail_show\": 1, \"all_list_show\": 0, \"id\": \"row_122\", \"sortNum\": 6}, {\"label\": \"修改时间\", \"field\": \"update_time\", \"component\": \"Input\", \"componentProps\": \"{}\", \"field_type\": \"TIMESTAMP\", \"default_value\": \"server_default:CURRENT_TIMESTAMP ON UPDATE CURRENT_TIMESTAMP\", \"length\": 0, \"nullable\": 1, \"primary_key\": 0, \"is_only\": 0, \"is_json\": 0, \"clearable\": 0, \"editable\": 0, \"customRender\": 0, \"list_show\": 1, \"table_show\": 1, \"edit_show\": 0, \"detail_show\": 1, \"all_list_show\": 0, \"id\": \"row_123\", \"sortNum\": 7}, {\"label\": \"软删除标记\", \"field\": \"del_flag\", \"component\": \"InputNumber\", \"componentProps\": \"{}\", \"field_type\": \"SmallInteger\", \"default_value\": 0, \"length\": 0, \"nullable\": 1, \"primary_key\": 0, \"is_only\": 0, \"is_json\": 0, \"clearable\": 0, \"editable\": 0, \"customRender\": 1, \"list_show\": 1, \"table_show\": 0, \"edit_show\": 0, \"detail_show\": 1, \"all_list_show\": 0, \"id\": \"row_124\", \"sortNum\": 8}, {\"label\": \"排序字段\", \"field\": \"sort_no\", \"component\": \"InputNumber\", \"componentProps\": \"{}\", \"field_type\": \"Float\", \"default_value\": 1, \"length\": 0, \"nullable\": 1, \"primary_key\": 0, \"is_only\": 0, \"is_json\": 0, \"clearable\": 0, \"editable\": 0, \"customRender\": 0, \"list_show\": 1, \"table_show\": 0, \"edit_show\": 0, \"detail_show\": 1, \"all_list_show\": 0, \"id\": \"row_125\", \"sortNum\": 9}, {\"label\": \"简介描述\", \"field\": \"description\", \"component\": \"TextArea\", \"componentProps\": \"{}\", \"field_type\": \"Text\", \"default_value\": \"\", \"length\": 0, \"nullable\": 1, \"primary_key\": 0, \"is_only\": 0, \"is_json\": 0, \"clearable\": 0, \"editable\": 1, \"customRender\": 0, \"list_show\": 1, \"table_show\": 1, \"edit_show\": 1, \"detail_show\": 1, \"all_list_show\": 0, \"id\": \"row_126\", \"sortNum\": 10}]', 1, 1, 1, 1, 1, 800, 0);
INSERT INTO `code_gen_model` VALUES ('', 1, 0, 'admin', '2023-06-14 14:25:04', 'admin', '2023-06-19 10:53:44', '3cadd1ec134e4149accb7460db62e88e', '告警', 'alert', '/alert', '告警', 'Alert', 1, 'alert', '告警', 1, '[{\"label\": \"\\u544a\\u8b66\\u6807\\u9898\", \"field\": \"title\", \"component\": \"Input\", \"componentProps\": \"{}\", \"colProps\": \"{}\", \"sortNum\": 3}, {\"label\": \"\\u544a\\u8b66\\u7b49\\u7ea7\", \"field\": \"level\", \"component\": \"Input\", \"componentProps\": \"{}\", \"colProps\": \"{}\", \"sortNum\": 4}, {\"label\": \"\\u544a\\u8b66\\u72b6\\u6001\", \"field\": \"status\", \"component\": \"Input\", \"componentProps\": \"{}\", \"colProps\": \"{}\", \"sortNum\": 5}, {\"label\": \"\\u544a\\u8b66\\u5185\\u5bb9\", \"field\": \"content\", \"component\": \"Input\", \"componentProps\": \"{}\", \"colProps\": \"{}\", \"sortNum\": 6}, {\"label\": \"\\u521b\\u5efa\\u65f6\\u95f4\", \"field\": \"create_time\", \"component\": \"Input\", \"componentProps\": \"{}\", \"colProps\": \"{}\", \"sortNum\": 7}]', '[{\"function\": \"list\", \"id\": \"row_68\", \"is_show\": false, \"name\": \"\\u5217\\u8868\\u67e5\\u8be2\", \"permissions\": \"\", \"slot\": \"hideApi\", \"sortNum\": 3}, {\"function\": \"getAllList\", \"id\": \"row_69\", \"is_show\": false, \"name\": \"\\u5168\\u91cf\\u5217\\u8868\", \"permissions\": \"\", \"slot\": \"hideApi\", \"sortNum\": 4}, {\"function\": \"handleDetail\", \"id\": \"row_70\", \"is_show\": true, \"name\": \"\\u8be6\\u60c5\", \"permissions\": \"\", \"slot\": \"actionDropDown\", \"sortNum\": 5}, {\"function\": \"handleAdd\", \"id\": \"row_71\", \"is_show\": true, \"name\": \"\\u65b0\\u589e\", \"permissions\": \"\", \"slot\": \"tableTitle\", \"sortNum\": 6}, {\"function\": \"handleEdit\", \"id\": \"row_72\", \"is_show\": true, \"name\": \"\\u7f16\\u8f91\", \"permissions\": \"\", \"slot\": \"action\", \"sortNum\": 7}, {\"function\": \"handleDelete\", \"id\": \"row_73\", \"is_show\": true, \"name\": \"\\u5220\\u9664\", \"permissions\": \"\", \"slot\": \"actionDropDown\", \"sortNum\": 8}, {\"function\": \"batchHandleDelete\", \"id\": \"row_74\", \"is_show\": true, \"name\": \"\\u6279\\u91cf\\u5220\\u9664\", \"permissions\": \"\", \"slot\": \"overlay\", \"sortNum\": 9}, {\"function\": \"onImportXls\", \"id\": \"row_75\", \"is_show\": false, \"name\": \"\\u5bfc\\u5165\", \"permissions\": \"\", \"slot\": \"tableTitle\", \"sortNum\": 10}, {\"function\": \"onExportXls\", \"id\": \"row_76\", \"is_show\": false, \"name\": \"\\u5bfc\\u51fa\", \"permissions\": \"\", \"slot\": \"tableTitle\", \"sortNum\": 11}]', '[{\"all_list_show\": 1, \"clearable\": 0, \"component\": \"Input\", \"componentProps\": \"{}\", \"customRender\": 0, \"default_value\": \"\", \"detail_show\": 1, \"edit_show\": 0, \"editable\": 0, \"field\": \"id\", \"field_type\": \"String\", \"id\": \"row_60\", \"is_json\": 0, \"is_only\": 1, \"label\": \"id\", \"length\": 36, \"list_show\": 1, \"nullable\": 1, \"primary_key\": 1, \"sortNum\": 3, \"table_show\": 1}, {\"all_list_show\": 0, \"clearable\": 0, \"component\": \"Input\", \"componentProps\": \"{}\", \"customRender\": 0, \"default_value\": \"\", \"detail_show\": 1, \"edit_show\": 1, \"editable\": 1, \"field\": \"strategy_id\", \"field_type\": \"String\", \"id\": \"row_121\", \"is_json\": 0, \"is_only\": 0, \"label\": \"\\u544a\\u8b66\\u7b56\\u7565id\", \"length\": 36, \"list_show\": 1, \"nullable\": 1, \"primary_key\": 0, \"sortNum\": 4, \"table_show\": 1}, {\"all_list_show\": 0, \"clearable\": 0, \"component\": \"Input\", \"componentProps\": \"{}\", \"customRender\": 0, \"default_value\": \"\", \"detail_show\": 1, \"edit_show\": 1, \"editable\": 1, \"field\": \"title\", \"field_type\": \"String\", \"is_json\": 0, \"is_only\": 0, \"label\": \"\\u544a\\u8b66\\u6807\\u9898\", \"length\": 500, \"list_show\": 1, \"nullable\": 1, \"primary_key\": 0, \"sortNum\": 5, \"table_show\": 1, \"id\": \"row_239\"}, {\"all_list_show\": 0, \"clearable\": 0, \"component\": \"Input\", \"componentProps\": \"{}\", \"customRender\": 0, \"default_value\": \"\", \"detail_show\": 1, \"edit_show\": 1, \"editable\": 1, \"field\": \"content\", \"field_type\": \"Text\", \"id\": \"row_258\", \"is_json\": 0, \"is_only\": 0, \"label\": \"\\u544a\\u8b66\\u5185\\u5bb9\", \"length\": 0, \"list_show\": 1, \"nullable\": 1, \"primary_key\": 0, \"sortNum\": 6, \"table_show\": 1}, {\"all_list_show\": 0, \"clearable\": 0, \"component\": \"JDictSelectTag\", \"componentProps\": \"{}\", \"customRender\": 0, \"default_value\": \"0\", \"detail_show\": 1, \"edit_show\": 1, \"editable\": 1, \"field\": \"level\", \"field_type\": \"Integer\", \"id\": \"row_186\", \"is_json\": 0, \"is_only\": 0, \"label\": \"\\u544a\\u8b66\\u7b49\\u7ea7\", \"length\": 11, \"list_show\": 1, \"nullable\": 1, \"primary_key\": 0, \"sortNum\": 7, \"table_show\": 1}, {\"all_list_show\": 0, \"clearable\": 0, \"component\": \"JDictSelectTag\", \"componentProps\": \"{}\", \"customRender\": 0, \"default_value\": \"0\", \"detail_show\": 1, \"edit_show\": 1, \"editable\": 1, \"field\": \"status\", \"field_type\": \"SmallInteger\", \"id\": \"row_187\", \"is_json\": 0, \"is_only\": 0, \"label\": \"\\u544a\\u8b66\\u72b6\\u6001\", \"length\": 6, \"list_show\": 1, \"nullable\": 1, \"primary_key\": 0, \"sortNum\": 8, \"table_show\": 1}, {\"all_list_show\": 0, \"clearable\": 0, \"component\": \"Input\", \"componentProps\": \"{}\", \"customRender\": 0, \"default_value\": \"\", \"detail_show\": 1, \"edit_show\": 1, \"editable\": 1, \"field\": \"rule_id\", \"field_type\": \"Text\", \"id\": \"row_188\", \"is_json\": 0, \"is_only\": 0, \"label\": \"\\u89c4\\u5219\\u7f16\\u7801\", \"length\": 0, \"list_show\": 1, \"nullable\": 1, \"primary_key\": 0, \"sortNum\": 9, \"table_show\": 1}, {\"all_list_show\": 0, \"clearable\": 0, \"component\": \"Input\", \"componentProps\": \"{}\", \"customRender\": 0, \"default_value\": \"\", \"detail_show\": 1, \"edit_show\": 1, \"editable\": 1, \"field\": \"rule_name\", \"field_type\": \"Text\", \"id\": \"row_189\", \"is_json\": 0, \"is_only\": 0, \"label\": \"\\u89c4\\u5219\\u540d\\u79f0\", \"length\": 0, \"list_show\": 1, \"nullable\": 1, \"primary_key\": 0, \"sortNum\": 10, \"table_show\": 1}, {\"all_list_show\": 0, \"clearable\": 0, \"component\": \"Input\", \"componentProps\": \"{}\", \"customRender\": 0, \"default_value\": \"\", \"detail_show\": 1, \"edit_show\": 1, \"editable\": 1, \"field\": \"biz\", \"field_type\": \"Text\", \"id\": \"row_60\", \"is_json\": 0, \"is_only\": 0, \"label\": \"\\u544a\\u8b66\\u4e1a\\u52a1\", \"length\": 0, \"list_show\": 1, \"nullable\": 1, \"primary_key\": 0, \"sortNum\": 11, \"table_show\": 1}, {\"all_list_show\": 0, \"clearable\": 0, \"component\": \"Input\", \"componentProps\": \"{}\", \"customRender\": 0, \"default_value\": \"\", \"detail_show\": 1, \"edit_show\": 1, \"editable\": 1, \"field\": \"source\", \"field_type\": \"Text\", \"id\": \"row_259\", \"is_json\": 0, \"is_only\": 0, \"label\": \"\\u544a\\u8b66\\u5bf9\\u8c61\", \"length\": 0, \"list_show\": 1, \"nullable\": 1, \"primary_key\": 0, \"sortNum\": 12, \"table_show\": 1}, {\"all_list_show\": 0, \"clearable\": 0, \"component\": \"Input\", \"componentProps\": \"{}\", \"customRender\": 0, \"default_value\": \"\", \"detail_show\": 1, \"edit_show\": 1, \"editable\": 1, \"field\": \"tags\", \"field_type\": \"Text\", \"id\": \"row_260\", \"is_json\": 0, \"is_only\": 0, \"label\": \"\\u544a\\u8b66\\u6807\\u7b7e\", \"length\": 0, \"list_show\": 1, \"nullable\": 1, \"primary_key\": 0, \"sortNum\": 13, \"table_show\": 1}, {\"all_list_show\": 0, \"clearable\": 0, \"component\": \"Input\", \"componentProps\": \"{}\", \"customRender\": 0, \"default_value\": \"\", \"detail_show\": 1, \"edit_show\": 1, \"editable\": 1, \"field\": \"metric\", \"field_type\": \"Text\", \"id\": \"row_261\", \"is_json\": 0, \"is_only\": 0, \"label\": \"\\u544a\\u8b66\\u6307\\u6807\", \"length\": 0, \"list_show\": 1, \"nullable\": 1, \"primary_key\": 0, \"sortNum\": 14, \"table_show\": 1}, {\"all_list_show\": 0, \"clearable\": 0, \"component\": \"Input\", \"componentProps\": \"{}\", \"customRender\": 0, \"default_value\": \"\", \"detail_show\": 1, \"edit_show\": 1, \"editable\": 1, \"field\": \"recover_time\", \"field_type\": \"TIMESTAMP\", \"id\": \"row_262\", \"is_json\": 0, \"is_only\": 0, \"label\": \"\\u6062\\u590d\\u65f6\\u95f4\", \"length\": 0, \"list_show\": 1, \"nullable\": 1, \"primary_key\": 0, \"sortNum\": 15, \"table_show\": 1}, {\"all_list_show\": 0, \"clearable\": 0, \"component\": \"Input\", \"componentProps\": \"{}\", \"customRender\": 0, \"default_value\": \"{}\", \"detail_show\": 1, \"edit_show\": 1, \"editable\": 1, \"field\": \"ext_params\", \"field_type\": \"Text\", \"id\": \"row_122\", \"is_json\": 0, \"is_only\": 0, \"label\": \"\\u989d\\u5916\\u53c2\\u6570\", \"length\": 0, \"list_show\": 1, \"nullable\": 1, \"primary_key\": 0, \"sortNum\": 16, \"table_show\": 1}, {\"all_list_show\": 0, \"clearable\": 0, \"component\": \"Input\", \"componentProps\": \"{}\", \"customRender\": 0, \"default_value\": \"\", \"detail_show\": 1, \"edit_show\": 0, \"editable\": 0, \"field\": \"create_by\", \"field_type\": \"String\", \"id\": \"row_123\", \"is_json\": 0, \"is_only\": 0, \"label\": \"\\u521b\\u5efa\\u8005\", \"length\": 100, \"list_show\": 1, \"nullable\": 1, \"primary_key\": 0, \"sortNum\": 17, \"table_show\": 1}, {\"all_list_show\": 0, \"clearable\": 0, \"component\": \"Input\", \"componentProps\": \"{}\", \"customRender\": 0, \"default_value\": \"server_default:CURRENT_TIMESTAMP\", \"detail_show\": 1, \"edit_show\": 0, \"editable\": 0, \"field\": \"create_time\", \"field_type\": \"TIMESTAMP\", \"id\": \"row_62\", \"is_json\": 0, \"is_only\": 0, \"label\": \"\\u521b\\u5efa\\u65f6\\u95f4\", \"length\": 0, \"list_show\": 1, \"nullable\": 1, \"primary_key\": 0, \"sortNum\": 18, \"table_show\": 1}, {\"all_list_show\": 0, \"clearable\": 0, \"component\": \"Input\", \"componentProps\": \"{}\", \"customRender\": 0, \"default_value\": \"\", \"detail_show\": 1, \"edit_show\": 0, \"editable\": 0, \"field\": \"update_by\", \"field_type\": \"String\", \"id\": \"row_63\", \"is_json\": 0, \"is_only\": 0, \"label\": \"\\u4fee\\u6539\\u8005\", \"length\": 100, \"list_show\": 1, \"nullable\": 1, \"primary_key\": 0, \"sortNum\": 19, \"table_show\": 1}, {\"all_list_show\": 0, \"clearable\": 0, \"component\": \"Input\", \"componentProps\": \"{}\", \"customRender\": 0, \"default_value\": \"server_default:CURRENT_TIMESTAMP ON UPDATE CURRENT_TIMESTAMP\", \"detail_show\": 1, \"edit_show\": 0, \"editable\": 0, \"field\": \"update_time\", \"field_type\": \"TIMESTAMP\", \"id\": \"row_64\", \"is_json\": 0, \"is_only\": 0, \"label\": \"\\u4fee\\u6539\\u65f6\\u95f4\", \"length\": 0, \"list_show\": 1, \"nullable\": 1, \"primary_key\": 0, \"sortNum\": 20, \"table_show\": 1}, {\"all_list_show\": 0, \"clearable\": 0, \"component\": \"InputNumber\", \"componentProps\": \"{}\", \"customRender\": 1, \"default_value\": 0, \"detail_show\": 1, \"edit_show\": 0, \"editable\": 0, \"field\": \"del_flag\", \"field_type\": \"SmallInteger\", \"id\": \"row_65\", \"is_json\": 0, \"is_only\": 0, \"label\": \"\\u8f6f\\u5220\\u9664\\u6807\\u8bb0\", \"length\": 0, \"list_show\": 1, \"nullable\": 1, \"primary_key\": 0, \"sortNum\": 21, \"table_show\": 0}, {\"all_list_show\": 0, \"clearable\": 0, \"component\": \"InputNumber\", \"componentProps\": \"{}\", \"customRender\": 0, \"default_value\": 1, \"detail_show\": 1, \"edit_show\": 0, \"editable\": 0, \"field\": \"sort_no\", \"field_type\": \"Float\", \"id\": \"row_66\", \"is_json\": 0, \"is_only\": 0, \"label\": \"\\u6392\\u5e8f\\u5b57\\u6bb5\", \"length\": 0, \"list_show\": 1, \"nullable\": 1, \"primary_key\": 0, \"sortNum\": 22, \"table_show\": 0}, {\"all_list_show\": 0, \"clearable\": 0, \"component\": \"InputTextArea\", \"componentProps\": \"{}\", \"customRender\": 0, \"default_value\": \"\", \"detail_show\": 1, \"edit_show\": 1, \"editable\": 1, \"field\": \"description\", \"field_type\": \"Text\", \"id\": \"row_67\", \"is_json\": 0, \"is_only\": 0, \"label\": \"\\u7b80\\u4ecb\\u63cf\\u8ff0\", \"length\": 0, \"list_show\": 1, \"nullable\": 1, \"primary_key\": 0, \"sortNum\": 23, \"table_show\": 1}]', 1, 1, 1, 1, 1, 800, 0);
INSERT INTO `code_gen_model` VALUES ('', 1, 0, 'admin', '2023-04-11 17:26:58', '', '2023-04-11 17:26:58', '473a1edc8dff4c288160f3076e62f34a', 'worker管理', 'worker', '/scheduler', 'worker', 'Worker', 1, 'Worker', '', 1, '[{\"label\": \"名称\", \"field\": \"hostname\", \"component\": \"Input\", \"componentProps\": \"{}\", \"colProps\": \"{}\", \"sortNum\": 3}]', '[{\"name\": \"列表查询\", \"slot\": \"hideApi\", \"function\": \"list\", \"is_show\": false, \"permissions\": \"\", \"id\": \"row_144\", \"sortNum\": 3}, {\"name\": \"全量列表\", \"slot\": \"hideApi\", \"function\": \"getAllList\", \"is_show\": false, \"permissions\": \"\", \"id\": \"row_145\", \"sortNum\": 4}, {\"name\": \"详情\", \"slot\": \"actionDropDown\", \"function\": \"handleDetail\", \"is_show\": true, \"permissions\": \"\", \"id\": \"row_146\", \"sortNum\": 5}, {\"name\": \"新增\", \"slot\": \"tableTitle\", \"function\": \"handleAdd\", \"is_show\": true, \"permissions\": \"\", \"id\": \"row_147\", \"sortNum\": 6}, {\"name\": \"编辑\", \"slot\": \"action\", \"function\": \"handleEdit\", \"is_show\": true, \"permissions\": \"\", \"id\": \"row_148\", \"sortNum\": 7}, {\"name\": \"删除\", \"slot\": \"actionDropDown\", \"function\": \"handleDelete\", \"is_show\": false, \"permissions\": \"\", \"id\": \"row_149\", \"sortNum\": 8}, {\"name\": \"批量删除\", \"slot\": \"overlay\", \"function\": \"batchHandleDelete\", \"is_show\": false, \"permissions\": \"\", \"id\": \"row_150\", \"sortNum\": 9}, {\"name\": \"导入\", \"slot\": \"tableTitle\", \"function\": \"onImportXls\", \"is_show\": false, \"permissions\": \"\", \"id\": \"row_151\", \"sortNum\": 10}, {\"name\": \"导出\", \"slot\": \"tableTitle\", \"function\": \"onExportXls\", \"is_show\": false, \"permissions\": \"\", \"id\": \"row_152\", \"sortNum\": 11}]', '[{\"label\": \"pid\", \"field\": \"pid\", \"component\": \"Input\", \"componentProps\": \"{}\", \"field_type\": \"Text\", \"default_value\": \"\", \"length\": 0, \"primary_key\": 0, \"is_json\": 0, \"is_only\": 0, \"nullable\": 1, \"editable\": 1, \"clearable\": 0, \"table_show\": 1, \"customRender\": 0, \"edit_show\": 1, \"list_show\": 1, \"detail_show\": 1, \"all_list_show\": 0, \"sortNum\": 3}, {\"label\": \"名称\", \"field\": \"hostname\", \"component\": \"Input\", \"componentProps\": \"{}\", \"field_type\": \"Text\", \"default_value\": \"\", \"length\": 0, \"primary_key\": 0, \"is_json\": 0, \"is_only\": 0, \"nullable\": 1, \"editable\": 1, \"clearable\": 0, \"table_show\": 1, \"customRender\": 0, \"edit_show\": 1, \"list_show\": 1, \"detail_show\": 1, \"all_list_show\": 0, \"sortNum\": 4}, {\"label\": \"运行中任务\", \"field\": \"active\", \"component\": \"Input\", \"componentProps\": \"{}\", \"field_type\": \"Text\", \"default_value\": \"\", \"length\": 0, \"primary_key\": 0, \"is_json\": 0, \"is_only\": 0, \"nullable\": 1, \"editable\": 1, \"clearable\": 0, \"table_show\": 1, \"customRender\": 0, \"edit_show\": 1, \"list_show\": 1, \"detail_show\": 1, \"all_list_show\": 0, \"sortNum\": 5}, {\"label\": \"已处理\", \"field\": \"processed\", \"component\": \"Input\", \"componentProps\": \"{}\", \"field_type\": \"Text\", \"default_value\": \"\", \"length\": 0, \"primary_key\": 0, \"is_json\": 0, \"is_only\": 0, \"nullable\": 1, \"editable\": 1, \"clearable\": 0, \"table_show\": 1, \"customRender\": 0, \"edit_show\": 1, \"list_show\": 1, \"detail_show\": 1, \"all_list_show\": 0, \"sortNum\": 6}, {\"label\": \"状态\", \"field\": \"status\", \"component\": \"Input\", \"componentProps\": \"{}\", \"field_type\": \"Text\", \"default_value\": \"\", \"length\": 0, \"primary_key\": 0, \"is_json\": 0, \"is_only\": 0, \"nullable\": 1, \"editable\": 1, \"clearable\": 0, \"table_show\": 1, \"customRender\": 0, \"edit_show\": 1, \"list_show\": 1, \"detail_show\": 1, \"all_list_show\": 0, \"sortNum\": 7}, {\"label\": \"负载\", \"field\": \"loadavg\", \"component\": \"Input\", \"componentProps\": \"{}\", \"field_type\": \"Text\", \"default_value\": \"\", \"length\": 0, \"primary_key\": 0, \"is_json\": 0, \"is_only\": 0, \"nullable\": 1, \"editable\": 1, \"clearable\": 0, \"table_show\": 1, \"customRender\": 0, \"edit_show\": 1, \"list_show\": 1, \"detail_show\": 1, \"all_list_show\": 0, \"sortNum\": 8}]', 1, 1, 1, 1, 1, 800, 0);
INSERT INTO `code_gen_model` VALUES ('', 1, 0, 'admin', '2023-03-03 17:24:25', 'admin', '2023-03-05 17:20:47', '4b331074224e47c8a131b8a2b9ca740b', '任务模版', 'task_template', '/task/template', '任务模版', 'TaskTemplate', 1, 'task_template', '任务模版', 1, '[{\"colProps\": \"{}\", \"component\": \"JSelectInput\", \"componentProps\": \"{\\n      \\\"options\\\": [\\n        { \\\"label\\\": \\\"\\u7ec4\\u4ef6\\u578b\\\", \\\"value\\\": \\\"component\\\" },\\n        { \\\"label\\\": \\\"\\u914d\\u7f6e\\u578b\\\", \\\"value\\\": \\\"option\\\" },\\n      ]\\n    }\", \"field\": \"type\", \"id\": \"row_120\", \"label\": \"\\u6a21\\u7248\\u7c7b\\u578b\", \"sortNum\": 3}]', '[{\"function\": \"list\", \"id\": \"row_68\", \"is_show\": false, \"name\": \"\\u5217\\u8868\\u67e5\\u8be2\", \"permissions\": \"\", \"slot\": \"hideApi\", \"sortNum\": 3}, {\"function\": \"getAllList\", \"id\": \"row_69\", \"is_show\": false, \"name\": \"\\u5168\\u91cf\\u5217\\u8868\", \"permissions\": \"\", \"slot\": \"hideApi\", \"sortNum\": 4}, {\"function\": \"handleDetail\", \"id\": \"row_70\", \"is_show\": true, \"name\": \"\\u8be6\\u60c5\", \"permissions\": \"\", \"slot\": \"actionDropDown\", \"sortNum\": 5}, {\"function\": \"handleAdd\", \"id\": \"row_71\", \"is_show\": true, \"name\": \"\\u65b0\\u589e\", \"permissions\": \"\", \"slot\": \"tableTitle\", \"sortNum\": 6}, {\"function\": \"handleEdit\", \"id\": \"row_72\", \"is_show\": true, \"name\": \"\\u7f16\\u8f91\", \"permissions\": \"\", \"slot\": \"action\", \"sortNum\": 7}, {\"function\": \"handleDelete\", \"id\": \"row_73\", \"is_show\": true, \"name\": \"\\u5220\\u9664\", \"permissions\": \"\", \"slot\": \"actionDropDown\", \"sortNum\": 8}, {\"function\": \"batchHandleDelete\", \"id\": \"row_74\", \"is_show\": true, \"name\": \"\\u6279\\u91cf\\u5220\\u9664\", \"permissions\": \"\", \"slot\": \"overlay\", \"sortNum\": 9}, {\"function\": \"onImportXls\", \"id\": \"row_75\", \"is_show\": false, \"name\": \"\\u5bfc\\u5165\", \"permissions\": \"\", \"slot\": \"tableTitle\", \"sortNum\": 10}, {\"function\": \"onExportXls\", \"id\": \"row_76\", \"is_show\": false, \"name\": \"\\u5bfc\\u51fa\", \"permissions\": \"\", \"slot\": \"tableTitle\", \"sortNum\": 11}]', '[{\"all_list_show\": 1, \"clearable\": 0, \"component\": \"Input\", \"componentProps\": \"{}\", \"customRender\": 0, \"default_value\": \"\", \"detail_show\": 1, \"edit_show\": 0, \"editable\": 0, \"field\": \"id\", \"field_type\": \"String\", \"id\": \"row_60\", \"is_json\": 0, \"is_only\": 1, \"label\": \"\\u4e3b\\u952e\", \"length\": 36, \"list_show\": 1, \"nullable\": 1, \"primary_key\": 1, \"sortNum\": 3, \"table_show\": 1}, {\"all_list_show\": 1, \"clearable\": 0, \"component\": \"Input\", \"componentProps\": \"{}\", \"customRender\": 0, \"default_value\": \"\", \"detail_show\": 1, \"edit_show\": 1, \"editable\": 1, \"field\": \"name\", \"field_type\": \"String\", \"id\": \"row_155\", \"is_json\": 0, \"is_only\": 1, \"label\": \"\\u6a21\\u7248\\u540d\\u79f0\", \"length\": 200, \"list_show\": 1, \"nullable\": 1, \"primary_key\": 0, \"sortNum\": 4, \"table_show\": 1}, {\"all_list_show\": 1, \"clearable\": 0, \"component\": \"JSelectInput\", \"componentProps\": \"{}\", \"customRender\": 0, \"default_value\": \"1\", \"detail_show\": 1, \"edit_show\": 1, \"editable\": 1, \"field\": \"type\", \"field_type\": \"SmallInteger\", \"id\": \"row_156\", \"is_json\": 0, \"is_only\": 0, \"label\": \"\\u6a21\\u7248\\u7c7b\\u578b\", \"length\": 6, \"list_show\": 1, \"nullable\": 1, \"primary_key\": 0, \"sortNum\": 5, \"table_show\": 1}, {\"all_list_show\": 0, \"clearable\": 0, \"component\": \"JSelectInput\", \"componentProps\": \"{}\", \"customRender\": 0, \"default_value\": \"\", \"detail_show\": 1, \"edit_show\": 1, \"editable\": 1, \"field\": \"component\", \"field_type\": \"String\", \"id\": \"row_528\", \"is_json\": 0, \"is_only\": 0, \"label\": \"\\u4efb\\u52a1\\u7ec4\\u4ef6\", \"length\": 500, \"list_show\": 1, \"nullable\": 1, \"primary_key\": 0, \"sortNum\": 6, \"table_show\": 1}, {\"all_list_show\": 0, \"clearable\": 0, \"component\": \"InputTextArea\", \"componentProps\": \"{}\", \"customRender\": 0, \"default_value\": \"{}\", \"detail_show\": 1, \"edit_show\": 1, \"editable\": 1, \"field\": \"params\", \"field_type\": \"Text\", \"id\": \"row_119\", \"is_json\": 1, \"is_only\": 0, \"label\": \"\\u6a21\\u7248\\u914d\\u7f6e\", \"length\": 0, \"list_show\": 1, \"nullable\": 1, \"primary_key\": 0, \"sortNum\": 7, \"table_show\": 1}, {\"all_list_show\": 0, \"clearable\": 0, \"component\": \"Input\", \"componentProps\": \"{}\", \"customRender\": 0, \"default_value\": \"0\", \"detail_show\": 1, \"edit_show\": 1, \"editable\": 1, \"field\": \"status\", \"field_type\": \"SmallInteger\", \"id\": \"row_125\", \"is_json\": 0, \"is_only\": 0, \"label\": \"\\u72b6\\u6001\", \"length\": 6, \"list_show\": 1, \"nullable\": 1, \"primary_key\": 0, \"sortNum\": 8, \"table_show\": 1}, {\"all_list_show\": 0, \"clearable\": 0, \"component\": \"Input\", \"componentProps\": \"{}\", \"customRender\": 0, \"default_value\": \"\", \"detail_show\": 1, \"edit_show\": 0, \"editable\": 0, \"field\": \"create_by\", \"field_type\": \"String\", \"id\": \"row_61\", \"is_json\": 0, \"is_only\": 0, \"label\": \"\\u521b\\u5efa\\u8005\", \"length\": 100, \"list_show\": 1, \"nullable\": 1, \"primary_key\": 0, \"sortNum\": 9, \"table_show\": 1}, {\"all_list_show\": 0, \"clearable\": 0, \"component\": \"Input\", \"componentProps\": \"{}\", \"customRender\": 0, \"default_value\": \"server_default:CURRENT_TIMESTAMP\", \"detail_show\": 1, \"edit_show\": 0, \"editable\": 0, \"field\": \"create_time\", \"field_type\": \"TIMESTAMP\", \"id\": \"row_62\", \"is_json\": 0, \"is_only\": 0, \"label\": \"\\u521b\\u5efa\\u65f6\\u95f4\", \"length\": 0, \"list_show\": 1, \"nullable\": 1, \"primary_key\": 0, \"sortNum\": 10, \"table_show\": 1}, {\"all_list_show\": 0, \"clearable\": 0, \"component\": \"Input\", \"componentProps\": \"{}\", \"customRender\": 0, \"default_value\": \"\", \"detail_show\": 1, \"edit_show\": 0, \"editable\": 0, \"field\": \"update_by\", \"field_type\": \"String\", \"id\": \"row_63\", \"is_json\": 0, \"is_only\": 0, \"label\": \"\\u4fee\\u6539\\u8005\", \"length\": 100, \"list_show\": 1, \"nullable\": 1, \"primary_key\": 0, \"sortNum\": 11, \"table_show\": 1}, {\"all_list_show\": 0, \"clearable\": 0, \"component\": \"Input\", \"componentProps\": \"{}\", \"customRender\": 0, \"default_value\": \"server_default:CURRENT_TIMESTAMP ON UPDATE CURRENT_TIMESTAMP\", \"detail_show\": 1, \"edit_show\": 0, \"editable\": 0, \"field\": \"update_time\", \"field_type\": \"TIMESTAMP\", \"id\": \"row_64\", \"is_json\": 0, \"is_only\": 0, \"label\": \"\\u4fee\\u6539\\u65f6\\u95f4\", \"length\": 0, \"list_show\": 1, \"nullable\": 1, \"primary_key\": 0, \"sortNum\": 12, \"table_show\": 1}, {\"all_list_show\": 0, \"clearable\": 0, \"component\": \"InputNumber\", \"componentProps\": \"{}\", \"customRender\": 1, \"default_value\": 0, \"detail_show\": 1, \"edit_show\": 0, \"editable\": 0, \"field\": \"del_flag\", \"field_type\": \"SmallInteger\", \"id\": \"row_65\", \"is_json\": 0, \"is_only\": 0, \"label\": \"\\u8f6f\\u5220\\u9664\\u6807\\u8bb0\", \"length\": 0, \"list_show\": 1, \"nullable\": 1, \"primary_key\": 0, \"sortNum\": 13, \"table_show\": 0}, {\"all_list_show\": 0, \"clearable\": 0, \"component\": \"InputNumber\", \"componentProps\": \"{}\", \"customRender\": 0, \"default_value\": 1, \"detail_show\": 1, \"edit_show\": 0, \"editable\": 0, \"field\": \"sort_no\", \"field_type\": \"Float\", \"id\": \"row_66\", \"is_json\": 0, \"is_only\": 0, \"label\": \"\\u6392\\u5e8f\\u5b57\\u6bb5\", \"length\": 0, \"list_show\": 1, \"nullable\": 1, \"primary_key\": 0, \"sortNum\": 14, \"table_show\": 0}, {\"all_list_show\": 0, \"clearable\": 0, \"component\": \"InputTextArea\", \"componentProps\": \"{}\", \"customRender\": 0, \"default_value\": \"\", \"detail_show\": 1, \"edit_show\": 1, \"editable\": 1, \"field\": \"description\", \"field_type\": \"Text\", \"id\": \"row_67\", \"is_json\": 0, \"is_only\": 0, \"label\": \"\\u7b80\\u4ecb\\u63cf\\u8ff0\", \"length\": 0, \"list_show\": 1, \"nullable\": 1, \"primary_key\": 0, \"sortNum\": 15, \"table_show\": 1}]', 1, 1, 1, 1, 1, 800, 0);
INSERT INTO `code_gen_model` VALUES ('', 1, 0, 'admin', '2023-03-03 17:24:25', 'admin', '2023-09-08 05:09:54', '4b331074224e47c8a131b8a2b9ca740f', '算法管理', 'algorithm', '/algorithm', '算法', 'Algorithm', 1, 'algorithm', '算法', 1, '[{\"colProps\": \"{}\", \"component\": \"JSelectInput\", \"componentProps\": \"{\\n      \\\"options\\\": [\\n        { \\\"label\\\": \\\"\\u7ec4\\u4ef6\\u578b\\\", \\\"value\\\": \\\"component\\\" },\\n        { \\\"label\\\": \\\"\\u914d\\u7f6e\\u578b\\\", \\\"value\\\": \\\"option\\\" },\\n      ]\\n    }\", \"field\": \"type\", \"id\": \"row_120\", \"label\": \"\\u6a21\\u7248\\u7c7b\\u578b\", \"sortNum\": 3}]', '[{\"function\": \"list\", \"id\": \"row_68\", \"is_show\": false, \"name\": \"\\u5217\\u8868\\u67e5\\u8be2\", \"permissions\": \"\", \"slot\": \"hideApi\", \"sortNum\": 3}, {\"function\": \"getAllList\", \"id\": \"row_69\", \"is_show\": false, \"name\": \"\\u5168\\u91cf\\u5217\\u8868\", \"permissions\": \"\", \"slot\": \"hideApi\", \"sortNum\": 4}, {\"function\": \"handleDetail\", \"id\": \"row_70\", \"is_show\": true, \"name\": \"\\u8be6\\u60c5\", \"permissions\": \"\", \"slot\": \"actionDropDown\", \"sortNum\": 5}, {\"function\": \"handleAdd\", \"id\": \"row_71\", \"is_show\": true, \"name\": \"\\u65b0\\u589e\", \"permissions\": \"\", \"slot\": \"tableTitle\", \"sortNum\": 6}, {\"function\": \"handleEdit\", \"id\": \"row_72\", \"is_show\": true, \"name\": \"\\u7f16\\u8f91\", \"permissions\": \"\", \"slot\": \"action\", \"sortNum\": 7}, {\"function\": \"handleDelete\", \"id\": \"row_73\", \"is_show\": true, \"name\": \"\\u5220\\u9664\", \"permissions\": \"\", \"slot\": \"actionDropDown\", \"sortNum\": 8}, {\"function\": \"batchHandleDelete\", \"id\": \"row_74\", \"is_show\": true, \"name\": \"\\u6279\\u91cf\\u5220\\u9664\", \"permissions\": \"\", \"slot\": \"overlay\", \"sortNum\": 9}, {\"function\": \"onImportXls\", \"id\": \"row_75\", \"is_show\": false, \"name\": \"\\u5bfc\\u5165\", \"permissions\": \"\", \"slot\": \"tableTitle\", \"sortNum\": 10}, {\"function\": \"onExportXls\", \"id\": \"row_76\", \"is_show\": false, \"name\": \"\\u5bfc\\u51fa\", \"permissions\": \"\", \"slot\": \"tableTitle\", \"sortNum\": 11}]', '[{\"all_list_show\": 1, \"clearable\": 0, \"component\": \"Input\", \"componentProps\": \"{}\", \"customRender\": 0, \"default_value\": \"\", \"detail_show\": 1, \"edit_show\": 0, \"editable\": 0, \"field\": \"id\", \"field_type\": \"String\", \"id\": \"row_121\", \"is_json\": 0, \"is_only\": 1, \"label\": \"\\u4e3b\\u952e\", \"length\": 36, \"list_show\": 1, \"nullable\": 1, \"primary_key\": 1, \"sortNum\": 3, \"table_show\": 1}, {\"all_list_show\": 1, \"clearable\": 0, \"component\": \"Input\", \"componentProps\": \"{}\", \"customRender\": 0, \"default_value\": \"\", \"detail_show\": 1, \"edit_show\": 1, \"editable\": 1, \"field\": \"name\", \"field_type\": \"String\", \"id\": \"row_155\", \"is_json\": 0, \"is_only\": 1, \"label\": \"\\u7b97\\u6cd5\\u540d\\u79f0\", \"length\": 200, \"list_show\": 1, \"nullable\": 1, \"primary_key\": 0, \"sortNum\": 4, \"table_show\": 1}, {\"all_list_show\": 0, \"clearable\": 0, \"component\": \"Input\", \"componentProps\": \"{}\", \"customRender\": 0, \"default_value\": \"\", \"detail_show\": 1, \"edit_show\": 1, \"editable\": 1, \"field\": \"code\", \"field_type\": \"String\", \"id\": \"row_122\", \"is_json\": 0, \"is_only\": 0, \"label\": \"\\u7b97\\u6cd5\\u7f16\\u7801\", \"length\": 200, \"list_show\": 1, \"nullable\": 1, \"primary_key\": 0, \"sortNum\": 5, \"table_show\": 1}, {\"all_list_show\": 1, \"clearable\": 0, \"component\": \"JSelectInput\", \"componentProps\": \"{}\", \"customRender\": 0, \"default_value\": \"\", \"detail_show\": 1, \"edit_show\": 1, \"editable\": 1, \"field\": \"type\", \"field_type\": \"String\", \"id\": \"row_156\", \"is_json\": 0, \"is_only\": 0, \"label\": \"\\u7b97\\u6cd5\\u7c7b\\u578b\", \"length\": 200, \"list_show\": 1, \"nullable\": 1, \"primary_key\": 0, \"sortNum\": 6, \"table_show\": 1}, {\"all_list_show\": 0, \"clearable\": 0, \"component\": \"JSelectInput\", \"componentProps\": \"{}\", \"customRender\": 0, \"default_value\": \"1\", \"detail_show\": 1, \"edit_show\": 1, \"editable\": 1, \"field\": \"form_type\", \"field_type\": \"SmallInteger\", \"id\": \"row_60\", \"is_json\": 0, \"is_only\": 0, \"label\": \"\\u8868\\u5355\\u7c7b\\u578b\", \"length\": 6, \"list_show\": 1, \"nullable\": 1, \"primary_key\": 0, \"sortNum\": 7, \"table_show\": 1}, {\"all_list_show\": 0, \"clearable\": 0, \"component\": \"JSelectInput\", \"componentProps\": \"{}\", \"customRender\": 0, \"default_value\": \"\", \"detail_show\": 1, \"edit_show\": 1, \"editable\": 1, \"field\": \"component\", \"field_type\": \"String\", \"id\": \"row_528\", \"is_json\": 0, \"is_only\": 0, \"label\": \"\\u7b97\\u6cd5\\u7ec4\\u4ef6\", \"length\": 500, \"list_show\": 1, \"nullable\": 1, \"primary_key\": 0, \"sortNum\": 8, \"table_show\": 1}, {\"all_list_show\": 0, \"clearable\": 0, \"component\": \"InputTextArea\", \"componentProps\": \"{}\", \"customRender\": 0, \"default_value\": \"{}\", \"detail_show\": 1, \"edit_show\": 1, \"editable\": 1, \"field\": \"params\", \"field_type\": \"Text\", \"id\": \"row_119\", \"is_json\": 1, \"is_only\": 0, \"label\": \"\\u7b97\\u6cd5\\u914d\\u7f6e\", \"length\": 0, \"list_show\": 1, \"nullable\": 1, \"primary_key\": 0, \"sortNum\": 9, \"table_show\": 1}, {\"all_list_show\": 0, \"clearable\": 0, \"component\": \"Input\", \"componentProps\": \"{}\", \"customRender\": 0, \"default_value\": \"0\", \"detail_show\": 1, \"edit_show\": 1, \"editable\": 1, \"field\": \"status\", \"field_type\": \"SmallInteger\", \"id\": \"row_61\", \"is_json\": 0, \"is_only\": 0, \"label\": \"\\u72b6\\u6001\", \"length\": 6, \"list_show\": 1, \"nullable\": 1, \"primary_key\": 0, \"sortNum\": 10, \"table_show\": 1}, {\"all_list_show\": 0, \"clearable\": 0, \"component\": \"Input\", \"componentProps\": \"{}\", \"customRender\": 0, \"default_value\": \"\", \"detail_show\": 1, \"edit_show\": 0, \"editable\": 0, \"field\": \"create_by\", \"field_type\": \"String\", \"id\": \"row_124\", \"is_json\": 0, \"is_only\": 0, \"label\": \"\\u521b\\u5efa\\u8005\", \"length\": 100, \"list_show\": 1, \"nullable\": 1, \"primary_key\": 0, \"sortNum\": 11, \"table_show\": 1}, {\"all_list_show\": 0, \"clearable\": 0, \"component\": \"Input\", \"componentProps\": \"{}\", \"customRender\": 0, \"default_value\": \"server_default:CURRENT_TIMESTAMP\", \"detail_show\": 1, \"edit_show\": 0, \"editable\": 0, \"field\": \"create_time\", \"field_type\": \"TIMESTAMP\", \"id\": \"row_62\", \"is_json\": 0, \"is_only\": 0, \"label\": \"\\u521b\\u5efa\\u65f6\\u95f4\", \"length\": 0, \"list_show\": 1, \"nullable\": 1, \"primary_key\": 0, \"sortNum\": 12, \"table_show\": 1}, {\"all_list_show\": 0, \"clearable\": 0, \"component\": \"Input\", \"componentProps\": \"{}\", \"customRender\": 0, \"default_value\": \"\", \"detail_show\": 1, \"edit_show\": 0, \"editable\": 0, \"field\": \"update_by\", \"field_type\": \"String\", \"id\": \"row_63\", \"is_json\": 0, \"is_only\": 0, \"label\": \"\\u4fee\\u6539\\u8005\", \"length\": 100, \"list_show\": 1, \"nullable\": 1, \"primary_key\": 0, \"sortNum\": 13, \"table_show\": 1}, {\"all_list_show\": 0, \"clearable\": 0, \"component\": \"Input\", \"componentProps\": \"{}\", \"customRender\": 0, \"default_value\": \"server_default:CURRENT_TIMESTAMP ON UPDATE CURRENT_TIMESTAMP\", \"detail_show\": 1, \"edit_show\": 0, \"editable\": 0, \"field\": \"update_time\", \"field_type\": \"TIMESTAMP\", \"id\": \"row_64\", \"is_json\": 0, \"is_only\": 0, \"label\": \"\\u4fee\\u6539\\u65f6\\u95f4\", \"length\": 0, \"list_show\": 1, \"nullable\": 1, \"primary_key\": 0, \"sortNum\": 14, \"table_show\": 1}, {\"all_list_show\": 0, \"clearable\": 0, \"component\": \"InputNumber\", \"componentProps\": \"{}\", \"customRender\": 1, \"default_value\": 0, \"detail_show\": 1, \"edit_show\": 0, \"editable\": 0, \"field\": \"del_flag\", \"field_type\": \"SmallInteger\", \"id\": \"row_65\", \"is_json\": 0, \"is_only\": 0, \"label\": \"\\u8f6f\\u5220\\u9664\\u6807\\u8bb0\", \"length\": 0, \"list_show\": 1, \"nullable\": 1, \"primary_key\": 0, \"sortNum\": 15, \"table_show\": 0}, {\"all_list_show\": 0, \"clearable\": 0, \"component\": \"InputNumber\", \"componentProps\": \"{}\", \"customRender\": 0, \"default_value\": 1, \"detail_show\": 1, \"edit_show\": 0, \"editable\": 0, \"field\": \"sort_no\", \"field_type\": \"Float\", \"id\": \"row_66\", \"is_json\": 0, \"is_only\": 0, \"label\": \"\\u6392\\u5e8f\\u5b57\\u6bb5\", \"length\": 0, \"list_show\": 1, \"nullable\": 1, \"primary_key\": 0, \"sortNum\": 16, \"table_show\": 0}, {\"all_list_show\": 0, \"clearable\": 0, \"component\": \"InputTextArea\", \"componentProps\": \"{}\", \"customRender\": 0, \"default_value\": \"\", \"detail_show\": 1, \"edit_show\": 1, \"editable\": 1, \"field\": \"description\", \"field_type\": \"Text\", \"id\": \"row_67\", \"is_json\": 0, \"is_only\": 0, \"label\": \"\\u7b80\\u4ecb\\u63cf\\u8ff0\", \"length\": 0, \"list_show\": 1, \"nullable\": 1, \"primary_key\": 0, \"sortNum\": 17, \"table_show\": 1}]', 1, 1, 1, 1, 2, 600, 0);
INSERT INTO `code_gen_model` VALUES ('', 1, 0, 'admin', '2022-12-01 16:56:24', 'admin', '2022-12-20 09:14:26', '5deb88593c024033ae6de2f9ed5e7806', '测试', 'test', '/test', '测试', 'Test', 1, 'test', '', 1, '[{\"colProps\": \"{}\", \"component\": \"Input\", \"componentProps\": \"{}\", \"field\": \"search_text\", \"id\": \"row_441\", \"label\": \"\\u5173\\u952e\\u8bcd\", \"sortNum\": 3}, {\"colProps\": \"{ \\\"span\\\": 6 }\", \"component\": \"JDictSelectTag\", \"componentProps\": \"{ \\t\\\"dictCode\\\": \\\"code_gen_model_type\\\", \\t\\\"placeholder\\\": \\\"\\u8bf7\\u9009\\u62e9\\u6a21\\u578b\\u7c7b\\u578b\\\", \\t\\\"stringToNumber\\\": true }\", \"field\": \"model_type\", \"id\": \"row_59\", \"label\": \"\\u6a21\\u578b\\u7c7b\\u578b\", \"sortNum\": 4}]', '[{\"function\": \"list\", \"id\": \"row_504\", \"is_show\": false, \"name\": \"\\u5217\\u8868\\u67e5\\u8be2\", \"permissions\": \"test:query,aaa\", \"slot\": \"hideApi\", \"sortNum\": 3}, {\"function\": \"getAllList\", \"id\": \"row_505\", \"is_show\": false, \"name\": \"\\u5168\\u91cf\\u5217\\u8868\", \"permissions\": \"\", \"slot\": \"hideApi\", \"sortNum\": 4}, {\"function\": \"handleDetail\", \"id\": \"6\", \"is_show\": false, \"name\": \"\\u8be6\\u60c5\", \"permissions\": \"\", \"slot\": \"hideApi\", \"sortNum\": 5}, {\"function\": \"handleAdd\", \"id\": \"1\", \"is_show\": true, \"name\": \"\\u65b0\\u589e\", \"permissions\": \"\", \"slot\": \"tableTitle\", \"sortNum\": 6}, {\"function\": \"handleEdit\", \"id\": \"5\", \"is_show\": true, \"name\": \"\\u7f16\\u8f91\", \"permissions\": \"\", \"slot\": \"action\", \"sortNum\": 7}, {\"function\": \"handleDelete\", \"id\": \"7\", \"is_show\": true, \"name\": \"\\u5220\\u9664\", \"permissions\": \"\", \"slot\": \"actionDropDown\", \"sortNum\": 8}]', '[{\"all_list_show\": 1, \"base_list_show\": 1, \"clearable\": 0, \"component\": \"Input\", \"componentProps\": \"{}\", \"default_value\": \"\", \"detail_show\": 1, \"edit_show\": 0, \"editable\": 0, \"field\": \"id\", \"field_type\": \"String\", \"id\": \"row_147\", \"is_json\": 0, \"is_only\": 1, \"label\": \"\\u4e3b\\u952e\", \"length\": 36, \"list_show\": 1, \"nullable\": 1, \"primary_key\": 1, \"sortNum\": 3, \"table_show\": 1}, {\"all_list_show\": 0, \"base_list_show\": 0, \"clearable\": 0, \"component\": \"Input\", \"componentProps\": \"{}\", \"default_value\": \"\", \"detail_show\": 1, \"edit_show\": 0, \"editable\": 0, \"field\": \"create_by\", \"field_type\": \"String\", \"id\": \"row_148\", \"is_json\": 0, \"is_only\": 0, \"label\": \"\\u521b\\u5efa\\u8005\", \"length\": 100, \"list_show\": 1, \"nullable\": 1, \"primary_key\": 0, \"sortNum\": 4, \"table_show\": 1}, {\"all_list_show\": 0, \"base_list_show\": 0, \"clearable\": 0, \"component\": \"Input\", \"componentProps\": \"{}\", \"default_value\": \"server_default:CURRENT_TIMESTAMP\", \"detail_show\": 1, \"edit_show\": 0, \"editable\": 0, \"field\": \"create_time\", \"field_type\": \"TIMESTAMP\", \"id\": \"row_149\", \"is_json\": 0, \"is_only\": 0, \"label\": \"\\u521b\\u5efa\\u65f6\\u95f4\", \"length\": 0, \"list_show\": 1, \"nullable\": 1, \"primary_key\": 0, \"sortNum\": 5, \"table_show\": 1}, {\"all_list_show\": 0, \"base_list_show\": 0, \"clearable\": 0, \"component\": \"Input\", \"componentProps\": \"{}\", \"default_value\": \"\", \"detail_show\": 1, \"edit_show\": 0, \"editable\": 0, \"field\": \"update_by\", \"field_type\": \"String\", \"id\": \"row_150\", \"is_json\": 0, \"is_only\": 0, \"label\": \"\\u4fee\\u6539\\u8005\", \"length\": 100, \"list_show\": 1, \"nullable\": 1, \"primary_key\": 0, \"sortNum\": 6, \"table_show\": 1}, {\"all_list_show\": 0, \"base_list_show\": 0, \"clearable\": 0, \"component\": \"Input\", \"componentProps\": \"{}\", \"default_value\": \"server_default:CURRENT_TIMESTAMP ON UPDATE CURRENT_TIMESTAMP\", \"detail_show\": 1, \"edit_show\": 0, \"editable\": 0, \"field\": \"update_time\", \"field_type\": \"TIMESTAMP\", \"id\": \"row_151\", \"is_json\": 0, \"is_only\": 0, \"label\": \"\\u4fee\\u6539\\u65f6\\u95f4\", \"length\": 0, \"list_show\": 1, \"nullable\": 1, \"primary_key\": 0, \"sortNum\": 7, \"table_show\": 1}, {\"all_list_show\": 0, \"base_list_show\": 0, \"clearable\": 0, \"component\": \"InputNumber\", \"componentProps\": \"{}\", \"default_value\": 0, \"detail_show\": 1, \"edit_show\": 0, \"editable\": 0, \"field\": \"del_flag\", \"field_type\": \"SmallInteger\", \"id\": \"row_152\", \"is_json\": 0, \"is_only\": 0, \"label\": \"\\u8f6f\\u5220\\u9664\\u6807\\u8bb0\", \"length\": 0, \"list_show\": 1, \"nullable\": 1, \"primary_key\": 0, \"sortNum\": 8, \"table_show\": 0}, {\"all_list_show\": 0, \"base_list_show\": 0, \"clearable\": 0, \"component\": \"InputNumber\", \"componentProps\": \"{}\", \"default_value\": 1, \"detail_show\": 1, \"edit_show\": 0, \"editable\": 0, \"field\": \"sort_no\", \"field_type\": \"Float\", \"id\": \"row_153\", \"is_json\": 0, \"is_only\": 0, \"label\": \"\\u6392\\u5e8f\\u5b57\\u6bb5\", \"length\": 0, \"list_show\": 1, \"nullable\": 1, \"primary_key\": 0, \"sortNum\": 9, \"table_show\": 0}, {\"all_list_show\": 0, \"base_list_show\": 0, \"clearable\": 0, \"component\": \"InputTextArea\", \"componentProps\": \"{}\", \"default_value\": \"\", \"detail_show\": 1, \"edit_show\": 1, \"editable\": 1, \"field\": \"description\", \"field_type\": \"Text\", \"id\": \"row_154\", \"is_json\": 0, \"is_only\": 0, \"label\": \"\\u7b80\\u4ecb\\u63cf\\u8ff0\", \"length\": 0, \"list_show\": 1, \"nullable\": 1, \"primary_key\": 0, \"sortNum\": 10, \"table_show\": 1}, {\"all_list_show\": 1, \"base_list_show\": 1, \"clearable\": 1, \"component\": \"Input\", \"componentProps\": \"{}\", \"customRender\": 1, \"default_value\": \"{}\", \"detail_show\": 1, \"edit_show\": 1, \"editable\": 1, \"field\": \"test\", \"field_type\": \"Text\", \"id\": \"row_440\", \"is_json\": 0, \"is_only\": 1, \"label\": \"\\u6d4b\\u8bd5\\u5b57\\u6bb5\", \"length\": 0, \"list_show\": 1, \"nullable\": 0, \"primary_key\": 0, \"sortNum\": 11, \"table_show\": 1}, {\"all_list_show\": 1, \"clearable\": 1, \"component\": \"JDictSelectTag\", \"componentProps\": \"{ \\t\\\"dictCode\\\": \\\"code_gen_model_type\\\", \\t\\\"placeholder\\\": \\\"\\u8bf7\\u9009\\u62e9\\u6a21\\u578b\\u7c7b\\u578b\\\", \\t\\\"stringToNumber\\\": true }\", \"customRender\": 1, \"default_value\": \"\", \"detail_show\": 1, \"edit_show\": 1, \"editable\": 1, \"field\": \"model_type\", \"field_type\": \"Text\", \"id\": \"row_180\", \"is_json\": 0, \"is_only\": 1, \"label\": \"\\u6a21\\u578b\\u7c7b\\u578b\", \"length\": 0, \"list_show\": 1, \"nullable\": 0, \"primary_key\": 0, \"sortNum\": 12, \"table_show\": 1}]', 1, 1, 1, 1, 1, 0, 0);
INSERT INTO `code_gen_model` VALUES ('', 1, 0, 'admin', '2022-12-17 15:33:49', 'admin', '2022-12-18 11:23:11', '817ee8d317004359ab68d1132aff8a28', '数据源管理', 'datasource', 'datasource', '数据源', 'DataSource', 1, 'datasource', '数据源表', 1, '[{\"colProps\": \"{}\", \"component\": \"Input\", \"componentProps\": \"{}\", \"field\": \"name\", \"id\": \"row_440\", \"label\": \"\\u6570\\u636e\\u6e90\\u540d\\u79f0\", \"sortNum\": 3}, {\"colProps\": \"{}\", \"component\": \"JDictSelectTag\", \"componentProps\": \"{ \\t\\\"dictCode\\\": \\\"datasource_type\\\", \\t\\\"placeholder\\\": \\\"\\u8bf7\\u9009\\u62e9\\u6570\\u636e\\u6e90\\u7c7b\\u578b\\\", \\t\\\"stringToNumber\\\": false }\", \"field\": \"type\", \"id\": \"row_441\", \"label\": \"\\u6570\\u636e\\u6e90\\u7c7b\\u578b\", \"sortNum\": 4}]', '[{\"function\": \"list\", \"id\": \"row_149\", \"is_show\": false, \"name\": \"\\u5217\\u8868\\u67e5\\u8be2\", \"permissions\": \"\", \"slot\": \"hideApi\", \"sortNum\": 3}, {\"function\": \"getAllList\", \"id\": \"row_150\", \"is_show\": false, \"name\": \"\\u5168\\u91cf\\u5217\\u8868\", \"permissions\": \"\", \"slot\": \"hideApi\", \"sortNum\": 4}, {\"function\": \"handleDetail\", \"id\": \"row_151\", \"is_show\": true, \"name\": \"\\u8be6\\u60c5\", \"permissions\": \"\", \"slot\": \"actionDropDown\", \"sortNum\": 5}, {\"function\": \"handleAdd\", \"id\": \"row_152\", \"is_show\": true, \"name\": \"\\u65b0\\u589e\", \"permissions\": \"\", \"slot\": \"tableTitle\", \"sortNum\": 6}, {\"function\": \"handleEdit\", \"id\": \"row_153\", \"is_show\": true, \"name\": \"\\u7f16\\u8f91\", \"permissions\": \"\", \"slot\": \"action\", \"sortNum\": 7}, {\"function\": \"handleDelete\", \"id\": \"row_154\", \"is_show\": true, \"name\": \"\\u5220\\u9664\", \"permissions\": \"\", \"slot\": \"actionDropDown\", \"sortNum\": 8}, {\"function\": \"batchHandleDelete\", \"id\": \"row_155\", \"is_show\": true, \"name\": \"\\u6279\\u91cf\\u5220\\u9664\", \"permissions\": \"\", \"slot\": \"overlay\", \"sortNum\": 9}, {\"function\": \"onImportXls\", \"id\": \"row_156\", \"is_show\": false, \"name\": \"\\u5bfc\\u5165\", \"permissions\": \"\", \"slot\": \"tableTitle\", \"sortNum\": 10}, {\"function\": \"onExportXls\", \"id\": \"row_157\", \"is_show\": false, \"name\": \"\\u5bfc\\u51fa\", \"permissions\": \"\", \"slot\": \"tableTitle\", \"sortNum\": 11}]', '[{\"all_list_show\": 1, \"clearable\": 0, \"component\": \"Input\", \"componentProps\": \"{}\", \"customRender\": 0, \"default_value\": \"\", \"detail_show\": 1, \"edit_show\": 0, \"editable\": 0, \"field\": \"id\", \"field_type\": \"String\", \"id\": \"row_141\", \"is_json\": 0, \"is_only\": 1, \"label\": \"ID\", \"length\": 36, \"list_show\": 1, \"nullable\": 1, \"primary_key\": 1, \"sortNum\": 3, \"table_show\": 1}, {\"all_list_show\": 1, \"clearable\": 0, \"component\": \"Input\", \"componentProps\": \"{}\", \"customRender\": 0, \"default_value\": \"\", \"detail_show\": 1, \"edit_show\": 1, \"editable\": 1, \"field\": \"name\", \"field_type\": \"String\", \"id\": \"row_369\", \"is_json\": 0, \"is_only\": 1, \"label\": \"\\u540d\\u79f0\", \"length\": 200, \"list_show\": 1, \"nullable\": 0, \"primary_key\": 0, \"sortNum\": 4, \"table_show\": 1}, {\"all_list_show\": 0, \"clearable\": 0, \"component\": \"JDictSelectTag\", \"componentProps\": \"{ \\t\\\"dictCode\\\": \\\"datasource_type\\\", \\t\\\"placeholder\\\": \\\"\\u8bf7\\u9009\\u62e9\\u6570\\u636e\\u6e90\\u7c7b\\u578b\\\", \\t\\\"stringToNumber\\\": false }\", \"customRender\": 1, \"default_value\": \"mysql\", \"detail_show\": 1, \"edit_show\": 1, \"editable\": 1, \"field\": \"type\", \"field_type\": \"String\", \"id\": \"row_370\", \"is_json\": 0, \"is_only\": 0, \"label\": \"\\u7c7b\\u578b\", \"length\": 200, \"list_show\": 1, \"nullable\": 0, \"primary_key\": 0, \"sortNum\": 5, \"table_show\": 0}, {\"all_list_show\": 0, \"clearable\": 0, \"component\": \"InputTextArea\", \"componentProps\": \"{}\", \"customRender\": 0, \"default_value\": \"{}\", \"detail_show\": 1, \"edit_show\": 1, \"editable\": 1, \"field\": \"conn_conf\", \"field_type\": \"Text\", \"id\": \"row_371\", \"is_json\": 1, \"is_only\": 0, \"label\": \"\\u8fde\\u63a5\\u914d\\u7f6e\", \"length\": 0, \"list_show\": 1, \"nullable\": 0, \"primary_key\": 0, \"sortNum\": 6, \"table_show\": 1}, {\"all_list_show\": 0, \"clearable\": 0, \"component\": \"InputNumber\", \"componentProps\": \"{}\", \"customRender\": 0, \"default_value\": \"0\", \"detail_show\": 1, \"edit_show\": 1, \"editable\": 1, \"field\": \"status\", \"field_type\": \"Integer\", \"id\": \"row_372\", \"is_json\": 0, \"is_only\": 0, \"label\": \"\\u72b6\\u6001\", \"length\": 11, \"list_show\": 1, \"nullable\": 1, \"primary_key\": 0, \"sortNum\": 7, \"table_show\": 1}, {\"all_list_show\": 0, \"clearable\": 0, \"component\": \"InputTextArea\", \"componentProps\": \"{}\", \"customRender\": 0, \"default_value\": \"{}\", \"detail_show\": 1, \"edit_show\": 1, \"editable\": 1, \"field\": \"ext_params\", \"field_type\": \"Text\", \"id\": \"row_373\", \"is_json\": 1, \"is_only\": 0, \"label\": \"\\u989d\\u5916\\u53c2\\u6570\", \"length\": 0, \"list_show\": 1, \"nullable\": 1, \"primary_key\": 0, \"sortNum\": 8, \"table_show\": 1}, {\"all_list_show\": 0, \"clearable\": 0, \"component\": \"InputTextArea\", \"componentProps\": \"{}\", \"customRender\": 0, \"default_value\": \"\", \"detail_show\": 1, \"edit_show\": 1, \"editable\": 1, \"field\": \"description\", \"field_type\": \"Text\", \"id\": \"row_148\", \"is_json\": 0, \"is_only\": 0, \"label\": \"\\u63cf\\u8ff0\", \"length\": 0, \"list_show\": 1, \"nullable\": 1, \"primary_key\": 0, \"sortNum\": 9, \"table_show\": 1}, {\"all_list_show\": 0, \"clearable\": 0, \"component\": \"Input\", \"componentProps\": \"{}\", \"customRender\": 0, \"default_value\": \"\", \"detail_show\": 1, \"edit_show\": 0, \"editable\": 0, \"field\": \"create_by\", \"field_type\": \"String\", \"id\": \"row_142\", \"is_json\": 0, \"is_only\": 0, \"label\": \"\\u521b\\u5efa\\u8005\", \"length\": 100, \"list_show\": 1, \"nullable\": 1, \"primary_key\": 0, \"sortNum\": 10, \"table_show\": 1}, {\"all_list_show\": 0, \"clearable\": 0, \"component\": \"Input\", \"componentProps\": \"{}\", \"customRender\": 0, \"default_value\": \"server_default:CURRENT_TIMESTAMP\", \"detail_show\": 1, \"edit_show\": 0, \"editable\": 0, \"field\": \"create_time\", \"field_type\": \"TIMESTAMP\", \"id\": \"row_143\", \"is_json\": 0, \"is_only\": 0, \"label\": \"\\u521b\\u5efa\\u65f6\\u95f4\", \"length\": 0, \"list_show\": 1, \"nullable\": 1, \"primary_key\": 0, \"sortNum\": 11, \"table_show\": 1}, {\"all_list_show\": 0, \"clearable\": 0, \"component\": \"Input\", \"componentProps\": \"{}\", \"customRender\": 0, \"default_value\": \"\", \"detail_show\": 1, \"edit_show\": 0, \"editable\": 0, \"field\": \"update_by\", \"field_type\": \"String\", \"id\": \"row_144\", \"is_json\": 0, \"is_only\": 0, \"label\": \"\\u4fee\\u6539\\u8005\", \"length\": 100, \"list_show\": 1, \"nullable\": 1, \"primary_key\": 0, \"sortNum\": 12, \"table_show\": 1}, {\"all_list_show\": 0, \"clearable\": 0, \"component\": \"Input\", \"componentProps\": \"{}\", \"customRender\": 0, \"default_value\": \"server_default:CURRENT_TIMESTAMP ON UPDATE CURRENT_TIMESTAMP\", \"detail_show\": 1, \"edit_show\": 0, \"editable\": 0, \"field\": \"update_time\", \"field_type\": \"TIMESTAMP\", \"id\": \"row_145\", \"is_json\": 0, \"is_only\": 0, \"label\": \"\\u4fee\\u6539\\u65f6\\u95f4\", \"length\": 0, \"list_show\": 1, \"nullable\": 1, \"primary_key\": 0, \"sortNum\": 13, \"table_show\": 1}, {\"all_list_show\": 0, \"clearable\": 0, \"component\": \"InputNumber\", \"componentProps\": \"{}\", \"customRender\": 0, \"default_value\": 1, \"detail_show\": 1, \"edit_show\": 0, \"editable\": 0, \"field\": \"sort_no\", \"field_type\": \"Float\", \"id\": \"row_147\", \"is_json\": 0, \"is_only\": 0, \"label\": \"\\u6392\\u5e8f\\u5b57\\u6bb5\", \"length\": 0, \"list_show\": 1, \"nullable\": 1, \"primary_key\": 0, \"sortNum\": 14, \"table_show\": 0}, {\"all_list_show\": 0, \"clearable\": 0, \"component\": \"InputNumber\", \"componentProps\": \"{}\", \"customRender\": 1, \"default_value\": 0, \"detail_show\": 1, \"edit_show\": 0, \"editable\": 0, \"field\": \"del_flag\", \"field_type\": \"SmallInteger\", \"id\": \"row_146\", \"is_json\": 0, \"is_only\": 0, \"label\": \"\\u8f6f\\u5220\\u9664\\u6807\\u8bb0\", \"length\": 0, \"list_show\": 1, \"nullable\": 1, \"primary_key\": 0, \"sortNum\": 15, \"table_show\": 0}]', 1, 1, 1, 1, 1, 800, 0);
INSERT INTO `code_gen_model` VALUES ('', 1, 0, 'admin', '2023-03-05 13:13:33', 'admin', '2023-03-05 17:20:29', '94e5800973314fde953ed0f579d14db9', '任务', 'task', '/task', '任务', 'Task', 1, 'task', '', 1, '[{\"label\": \"\\u4efb\\u52a1\\u6a21\\u7248\", \"field\": \"template_id\", \"component\": \"ApiSelect\", \"componentProps\": \"{}\", \"colProps\": \"{}\", \"sortNum\": 3}, {\"label\": \"\\u540d\\u79f0\", \"field\": \"name\", \"component\": \"Input\", \"componentProps\": \"{}\", \"colProps\": \"{}\", \"sortNum\": 4}]', '[{\"function\": \"list\", \"id\": \"row_191\", \"is_show\": false, \"name\": \"\\u5217\\u8868\\u67e5\\u8be2\", \"permissions\": \"\", \"slot\": \"hideApi\", \"sortNum\": 3}, {\"function\": \"getAllList\", \"id\": \"row_192\", \"is_show\": false, \"name\": \"\\u5168\\u91cf\\u5217\\u8868\", \"permissions\": \"\", \"slot\": \"hideApi\", \"sortNum\": 4}, {\"function\": \"handleDetail\", \"id\": \"row_193\", \"is_show\": true, \"name\": \"\\u8be6\\u60c5\", \"permissions\": \"\", \"slot\": \"actionDropDown\", \"sortNum\": 5}, {\"function\": \"handleAdd\", \"id\": \"row_194\", \"is_show\": true, \"name\": \"\\u65b0\\u589e\", \"permissions\": \"\", \"slot\": \"tableTitle\", \"sortNum\": 6}, {\"function\": \"handleEdit\", \"id\": \"row_195\", \"is_show\": true, \"name\": \"\\u7f16\\u8f91\", \"permissions\": \"\", \"slot\": \"action\", \"sortNum\": 7}, {\"function\": \"handleDelete\", \"id\": \"row_196\", \"is_show\": true, \"name\": \"\\u5220\\u9664\", \"permissions\": \"\", \"slot\": \"actionDropDown\", \"sortNum\": 8}, {\"function\": \"batchHandleDelete\", \"id\": \"row_197\", \"is_show\": true, \"name\": \"\\u6279\\u91cf\\u5220\\u9664\", \"permissions\": \"\", \"slot\": \"overlay\", \"sortNum\": 9}, {\"function\": \"onImportXls\", \"id\": \"row_198\", \"is_show\": false, \"name\": \"\\u5bfc\\u5165\", \"permissions\": \"\", \"slot\": \"tableTitle\", \"sortNum\": 10}, {\"function\": \"onExportXls\", \"id\": \"row_199\", \"is_show\": false, \"name\": \"\\u5bfc\\u51fa\", \"permissions\": \"\", \"slot\": \"tableTitle\", \"sortNum\": 11}]', '[{\"all_list_show\": 1, \"clearable\": 0, \"component\": \"Input\", \"componentProps\": \"{}\", \"customRender\": 0, \"default_value\": \"\", \"detail_show\": 1, \"edit_show\": 0, \"editable\": 0, \"field\": \"id\", \"field_type\": \"String\", \"id\": \"row_183\", \"is_json\": 0, \"is_only\": 1, \"label\": \"id\", \"length\": 36, \"list_show\": 1, \"nullable\": 1, \"primary_key\": 1, \"sortNum\": 3, \"table_show\": 1}, {\"all_list_show\": 1, \"clearable\": 0, \"component\": \"Input\", \"componentProps\": \"{}\", \"customRender\": 0, \"default_value\": \"\", \"detail_show\": 1, \"edit_show\": 1, \"editable\": 1, \"field\": \"parent_id\", \"field_type\": \"String\", \"id\": \"row_400\", \"is_json\": 0, \"is_only\": 0, \"label\": \"\\u7236\\u4efb\\u52a1id\", \"length\": 36, \"list_show\": 1, \"nullable\": 1, \"primary_key\": 0, \"sortNum\": 4, \"table_show\": 1}, {\"all_list_show\": 1, \"clearable\": 0, \"component\": \"Input\", \"componentProps\": \"{}\", \"customRender\": 0, \"default_value\": \"\", \"detail_show\": 1, \"edit_show\": 1, \"editable\": 1, \"field\": \"template_id\", \"field_type\": \"String\", \"id\": \"row_401\", \"is_json\": 0, \"is_only\": 0, \"label\": \"\\u4efb\\u52a1\\u6a21\\u7248id\", \"length\": 36, \"list_show\": 1, \"nullable\": 1, \"primary_key\": 0, \"sortNum\": 5, \"table_show\": 1}, {\"all_list_show\": 1, \"clearable\": 0, \"component\": \"Input\", \"componentProps\": \"{}\", \"customRender\": 0, \"default_value\": \"\", \"detail_show\": 1, \"edit_show\": 1, \"editable\": 1, \"field\": \"name\", \"field_type\": \"String\", \"id\": \"row_402\", \"is_json\": 0, \"is_only\": 0, \"label\": \"\\u540d\\u79f0\", \"length\": 100, \"list_show\": 1, \"nullable\": 1, \"primary_key\": 0, \"sortNum\": 6, \"table_show\": 1}, {\"all_list_show\": 0, \"clearable\": 0, \"component\": \"Input\", \"componentProps\": \"{}\", \"customRender\": 0, \"default_value\": \"{}\", \"detail_show\": 1, \"edit_show\": 1, \"editable\": 1, \"field\": \"params\", \"field_type\": \"Text\", \"id\": \"row_403\", \"is_json\": 1, \"is_only\": 0, \"label\": \"\\u53c2\\u6570\", \"length\": 0, \"list_show\": 1, \"nullable\": 1, \"primary_key\": 0, \"sortNum\": 7, \"table_show\": 1}, {\"all_list_show\": 0, \"clearable\": 0, \"component\": \"Input\", \"componentProps\": \"{}\", \"customRender\": 0, \"default_value\": \"0\", \"detail_show\": 1, \"edit_show\": 1, \"editable\": 1, \"field\": \"status\", \"field_type\": \"SmallInteger\", \"id\": \"row_711\", \"is_json\": 0, \"is_only\": 0, \"label\": \"\\u72b6\\u6001\", \"length\": 6, \"list_show\": 1, \"nullable\": 1, \"primary_key\": 0, \"sortNum\": 8, \"table_show\": 1}, {\"all_list_show\": 0, \"clearable\": 0, \"component\": \"Input\", \"componentProps\": \"{}\", \"customRender\": 0, \"default_value\": \"2\", \"detail_show\": 1, \"edit_show\": 1, \"editable\": 1, \"field\": \"trigger_type\", \"field_type\": \"SmallInteger\", \"is_json\": 0, \"is_only\": 0, \"label\": \"\\u89e6\\u53d1\\u65b9\\u5f0f\", \"length\": 6, \"list_show\": 1, \"nullable\": 1, \"primary_key\": 0, \"sortNum\": 9, \"table_show\": 1, \"id\": \"row_251\"}, {\"all_list_show\": 0, \"clearable\": 0, \"component\": \"Input\", \"componentProps\": \"{}\", \"customRender\": 0, \"default_value\": \"\", \"detail_show\": 1, \"edit_show\": 1, \"editable\": 1, \"field\": \"crontab\", \"field_type\": \"String\", \"is_json\": 0, \"is_only\": 0, \"label\": \"\\u5b9a\\u65f6\\u8bbe\\u7f6e\", \"length\": 500, \"list_show\": 1, \"nullable\": 1, \"primary_key\": 0, \"sortNum\": 10, \"table_show\": 1, \"id\": \"row_252\"}, {\"all_list_show\": 0, \"clearable\": 0, \"component\": \"Input\", \"componentProps\": \"{}\", \"customRender\": 0, \"default_value\": \"\", \"detail_show\": 1, \"edit_show\": 0, \"editable\": 0, \"field\": \"create_by\", \"field_type\": \"String\", \"id\": \"row_184\", \"is_json\": 0, \"is_only\": 0, \"label\": \"\\u521b\\u5efa\\u8005\", \"length\": 100, \"list_show\": 1, \"nullable\": 1, \"primary_key\": 0, \"sortNum\": 11, \"table_show\": 1}, {\"all_list_show\": 0, \"clearable\": 0, \"component\": \"Input\", \"componentProps\": \"{}\", \"customRender\": 0, \"default_value\": \"server_default:CURRENT_TIMESTAMP\", \"detail_show\": 1, \"edit_show\": 0, \"editable\": 0, \"field\": \"create_time\", \"field_type\": \"TIMESTAMP\", \"id\": \"row_185\", \"is_json\": 0, \"is_only\": 0, \"label\": \"\\u521b\\u5efa\\u65f6\\u95f4\", \"length\": 0, \"list_show\": 1, \"nullable\": 1, \"primary_key\": 0, \"sortNum\": 12, \"table_show\": 1}, {\"all_list_show\": 0, \"clearable\": 0, \"component\": \"Input\", \"componentProps\": \"{}\", \"customRender\": 0, \"default_value\": \"\", \"detail_show\": 1, \"edit_show\": 0, \"editable\": 0, \"field\": \"update_by\", \"field_type\": \"String\", \"id\": \"row_186\", \"is_json\": 0, \"is_only\": 0, \"label\": \"\\u4fee\\u6539\\u8005\", \"length\": 100, \"list_show\": 1, \"nullable\": 1, \"primary_key\": 0, \"sortNum\": 13, \"table_show\": 1}, {\"all_list_show\": 0, \"clearable\": 0, \"component\": \"Input\", \"componentProps\": \"{}\", \"customRender\": 0, \"default_value\": \"server_default:CURRENT_TIMESTAMP ON UPDATE CURRENT_TIMESTAMP\", \"detail_show\": 1, \"edit_show\": 0, \"editable\": 0, \"field\": \"update_time\", \"field_type\": \"TIMESTAMP\", \"id\": \"row_187\", \"is_json\": 0, \"is_only\": 0, \"label\": \"\\u4fee\\u6539\\u65f6\\u95f4\", \"length\": 0, \"list_show\": 1, \"nullable\": 1, \"primary_key\": 0, \"sortNum\": 14, \"table_show\": 1}, {\"all_list_show\": 0, \"clearable\": 0, \"component\": \"InputNumber\", \"componentProps\": \"{}\", \"customRender\": 1, \"default_value\": 0, \"detail_show\": 1, \"edit_show\": 0, \"editable\": 0, \"field\": \"del_flag\", \"field_type\": \"SmallInteger\", \"id\": \"row_188\", \"is_json\": 0, \"is_only\": 0, \"label\": \"\\u8f6f\\u5220\\u9664\\u6807\\u8bb0\", \"length\": 0, \"list_show\": 1, \"nullable\": 1, \"primary_key\": 0, \"sortNum\": 15, \"table_show\": 0}, {\"all_list_show\": 0, \"clearable\": 0, \"component\": \"InputNumber\", \"componentProps\": \"{}\", \"customRender\": 0, \"default_value\": 1, \"detail_show\": 1, \"edit_show\": 0, \"editable\": 0, \"field\": \"sort_no\", \"field_type\": \"Float\", \"id\": \"row_189\", \"is_json\": 0, \"is_only\": 0, \"label\": \"\\u6392\\u5e8f\\u5b57\\u6bb5\", \"length\": 0, \"list_show\": 1, \"nullable\": 1, \"primary_key\": 0, \"sortNum\": 16, \"table_show\": 0}, {\"all_list_show\": 0, \"clearable\": 0, \"component\": \"InputTextArea\", \"componentProps\": \"{}\", \"customRender\": 0, \"default_value\": \"\", \"detail_show\": 1, \"edit_show\": 1, \"editable\": 1, \"field\": \"description\", \"field_type\": \"Text\", \"is_json\": 0, \"is_only\": 0, \"label\": \"\\u7b80\\u4ecb\\u63cf\\u8ff0\", \"length\": 0, \"list_show\": 1, \"nullable\": 1, \"primary_key\": 0, \"sortNum\": 17, \"table_show\": 1, \"id\": \"row_253\"}]', 1, 1, 1, 1, 1, 800, 0);
INSERT INTO `code_gen_model` VALUES ('', 1, 0, 'admin', '2023-06-19 10:49:21', 'admin', '2023-06-19 11:57:40', '98f3b722dcb040ccb74cfd251b8764d5', '告警策略', 'alert_strategy', '/alert/strategy', '告警策略', 'AlertStrategy', 1, 'alert_strategy', '告警策略', 1, '[{\"colProps\": \"{}\", \"component\": \"Input\", \"componentProps\": \"{}\", \"field\": \"name\", \"id\": \"row_579\", \"label\": \"\\u540d\\u79f0\", \"sortNum\": 3}, {\"colProps\": \"{}\", \"component\": \"JDictSelectTag\", \"componentProps\": \"{}\", \"field\": \"template_code\", \"id\": \"row_580\", \"label\": \"\\u7b56\\u7565\\u6a21\\u7248\", \"sortNum\": 4}]', '[{\"function\": \"list\", \"id\": \"row_312\", \"is_show\": false, \"name\": \"\\u5217\\u8868\\u67e5\\u8be2\", \"permissions\": \"\", \"slot\": \"hideApi\", \"sortNum\": 3}, {\"function\": \"getAllList\", \"id\": \"row_313\", \"is_show\": false, \"name\": \"\\u5168\\u91cf\\u5217\\u8868\", \"permissions\": \"\", \"slot\": \"hideApi\", \"sortNum\": 4}, {\"function\": \"handleDetail\", \"id\": \"row_314\", \"is_show\": true, \"name\": \"\\u8be6\\u60c5\", \"permissions\": \"\", \"slot\": \"actionDropDown\", \"sortNum\": 5}, {\"function\": \"handleAdd\", \"id\": \"row_315\", \"is_show\": true, \"name\": \"\\u65b0\\u589e\", \"permissions\": \"\", \"slot\": \"tableTitle\", \"sortNum\": 6}, {\"function\": \"handleEdit\", \"id\": \"row_316\", \"is_show\": true, \"name\": \"\\u7f16\\u8f91\", \"permissions\": \"\", \"slot\": \"action\", \"sortNum\": 7}, {\"function\": \"handleDelete\", \"id\": \"row_317\", \"is_show\": true, \"name\": \"\\u5220\\u9664\", \"permissions\": \"\", \"slot\": \"actionDropDown\", \"sortNum\": 8}, {\"function\": \"batchHandleDelete\", \"id\": \"row_318\", \"is_show\": true, \"name\": \"\\u6279\\u91cf\\u5220\\u9664\", \"permissions\": \"\", \"slot\": \"overlay\", \"sortNum\": 9}, {\"function\": \"onImportXls\", \"id\": \"row_319\", \"is_show\": false, \"name\": \"\\u5bfc\\u5165\", \"permissions\": \"\", \"slot\": \"tableTitle\", \"sortNum\": 10}, {\"function\": \"onExportXls\", \"id\": \"row_320\", \"is_show\": false, \"name\": \"\\u5bfc\\u51fa\", \"permissions\": \"\", \"slot\": \"tableTitle\", \"sortNum\": 11}]', '[{\"all_list_show\": 1, \"clearable\": 0, \"component\": \"Input\", \"componentProps\": \"{}\", \"customRender\": 0, \"default_value\": \"\", \"detail_show\": 1, \"edit_show\": 0, \"editable\": 0, \"field\": \"id\", \"field_type\": \"String\", \"id\": \"row_304\", \"is_json\": 0, \"is_only\": 1, \"label\": \"\\u4e3b\\u952e\", \"length\": 36, \"list_show\": 1, \"nullable\": 1, \"primary_key\": 1, \"sortNum\": 3, \"table_show\": 1}, {\"all_list_show\": 0, \"clearable\": 0, \"component\": \"Input\", \"componentProps\": \"{}\", \"customRender\": 0, \"default_value\": \"\", \"detail_show\": 1, \"edit_show\": 1, \"editable\": 1, \"field\": \"name\", \"field_type\": \"String\", \"id\": \"row_441\", \"is_json\": 0, \"is_only\": 0, \"label\": \"\\u7b56\\u7565\\u540d\\u79f0\", \"length\": 200, \"list_show\": 1, \"nullable\": 1, \"primary_key\": 0, \"sortNum\": 4, \"table_show\": 1}, {\"all_list_show\": 0, \"clearable\": 0, \"component\": \"Input\", \"componentProps\": \"{}\", \"customRender\": 0, \"default_value\": \"\", \"detail_show\": 1, \"edit_show\": 1, \"editable\": 1, \"field\": \"template_code\", \"field_type\": \"String\", \"id\": \"row_442\", \"is_json\": 0, \"is_only\": 0, \"label\": \"\\u7b56\\u7565\\u6a21\\u7248\", \"length\": 100, \"list_show\": 1, \"nullable\": 1, \"primary_key\": 0, \"sortNum\": 5, \"table_show\": 1}, {\"all_list_show\": 0, \"clearable\": 0, \"component\": \"Input\", \"componentProps\": \"{}\", \"customRender\": 0, \"default_value\": \"{}\", \"detail_show\": 1, \"edit_show\": 1, \"editable\": 1, \"field\": \"trigger_conf\", \"field_type\": \"Text\", \"id\": \"row_445\", \"is_json\": 0, \"is_only\": 0, \"label\": \"\\u89e6\\u53d1\\u6761\\u4ef6\", \"length\": 0, \"list_show\": 1, \"nullable\": 1, \"primary_key\": 0, \"sortNum\": 6, \"table_show\": 1}, {\"all_list_show\": 0, \"clearable\": 0, \"component\": \"Input\", \"componentProps\": \"{}\", \"customRender\": 0, \"default_value\": \"{}\", \"detail_show\": 1, \"edit_show\": 1, \"editable\": 1, \"field\": \"forward_conf\", \"field_type\": \"Text\", \"id\": \"row_446\", \"is_json\": 0, \"is_only\": 0, \"label\": \"\\u8f6c\\u53d1\\u6761\\u4ef6\", \"length\": 0, \"list_show\": 1, \"nullable\": 1, \"primary_key\": 0, \"sortNum\": 7, \"table_show\": 1}, {\"all_list_show\": 0, \"clearable\": 0, \"component\": \"Input\", \"componentProps\": \"{}\", \"customRender\": 0, \"default_value\": \"\", \"detail_show\": 1, \"edit_show\": 0, \"editable\": 0, \"field\": \"create_by\", \"field_type\": \"String\", \"id\": \"row_305\", \"is_json\": 0, \"is_only\": 0, \"label\": \"\\u521b\\u5efa\\u8005\", \"length\": 100, \"list_show\": 1, \"nullable\": 1, \"primary_key\": 0, \"sortNum\": 8, \"table_show\": 1}, {\"all_list_show\": 0, \"clearable\": 0, \"component\": \"Input\", \"componentProps\": \"{}\", \"customRender\": 0, \"default_value\": \"server_default:CURRENT_TIMESTAMP\", \"detail_show\": 1, \"edit_show\": 0, \"editable\": 0, \"field\": \"create_time\", \"field_type\": \"TIMESTAMP\", \"id\": \"row_306\", \"is_json\": 0, \"is_only\": 0, \"label\": \"\\u521b\\u5efa\\u65f6\\u95f4\", \"length\": 0, \"list_show\": 1, \"nullable\": 1, \"primary_key\": 0, \"sortNum\": 9, \"table_show\": 1}, {\"all_list_show\": 0, \"clearable\": 0, \"component\": \"Input\", \"componentProps\": \"{}\", \"customRender\": 0, \"default_value\": \"\", \"detail_show\": 1, \"edit_show\": 0, \"editable\": 0, \"field\": \"update_by\", \"field_type\": \"String\", \"id\": \"row_307\", \"is_json\": 0, \"is_only\": 0, \"label\": \"\\u4fee\\u6539\\u8005\", \"length\": 100, \"list_show\": 1, \"nullable\": 1, \"primary_key\": 0, \"sortNum\": 10, \"table_show\": 1}, {\"all_list_show\": 0, \"clearable\": 0, \"component\": \"Input\", \"componentProps\": \"{}\", \"customRender\": 0, \"default_value\": \"server_default:CURRENT_TIMESTAMP ON UPDATE CURRENT_TIMESTAMP\", \"detail_show\": 1, \"edit_show\": 0, \"editable\": 0, \"field\": \"update_time\", \"field_type\": \"TIMESTAMP\", \"id\": \"row_308\", \"is_json\": 0, \"is_only\": 0, \"label\": \"\\u4fee\\u6539\\u65f6\\u95f4\", \"length\": 0, \"list_show\": 1, \"nullable\": 1, \"primary_key\": 0, \"sortNum\": 11, \"table_show\": 1}, {\"all_list_show\": 0, \"clearable\": 0, \"component\": \"InputNumber\", \"componentProps\": \"{}\", \"customRender\": 1, \"default_value\": 0, \"detail_show\": 1, \"edit_show\": 0, \"editable\": 0, \"field\": \"del_flag\", \"field_type\": \"SmallInteger\", \"id\": \"row_309\", \"is_json\": 0, \"is_only\": 0, \"label\": \"\\u8f6f\\u5220\\u9664\\u6807\\u8bb0\", \"length\": 0, \"list_show\": 1, \"nullable\": 1, \"primary_key\": 0, \"sortNum\": 12, \"table_show\": 0}, {\"all_list_show\": 0, \"clearable\": 0, \"component\": \"InputNumber\", \"componentProps\": \"{}\", \"customRender\": 0, \"default_value\": 1, \"detail_show\": 1, \"edit_show\": 0, \"editable\": 0, \"field\": \"sort_no\", \"field_type\": \"Float\", \"id\": \"row_310\", \"is_json\": 0, \"is_only\": 0, \"label\": \"\\u6392\\u5e8f\\u5b57\\u6bb5\", \"length\": 0, \"list_show\": 1, \"nullable\": 1, \"primary_key\": 0, \"sortNum\": 13, \"table_show\": 0}, {\"all_list_show\": 0, \"clearable\": 0, \"component\": \"InputTextArea\", \"componentProps\": \"{}\", \"customRender\": 0, \"default_value\": \"\", \"detail_show\": 1, \"edit_show\": 1, \"editable\": 1, \"field\": \"description\", \"field_type\": \"Text\", \"id\": \"row_311\", \"is_json\": 0, \"is_only\": 0, \"label\": \"\\u7b80\\u4ecb\\u63cf\\u8ff0\", \"length\": 0, \"list_show\": 1, \"nullable\": 1, \"primary_key\": 0, \"sortNum\": 14, \"table_show\": 1}]', 1, 1, 1, 1, 1, 800, 0);
INSERT INTO `code_gen_model` VALUES ('', 1, 0, 'admin', '2023-02-16 03:39:13', 'admin', '2023-02-16 10:07:21', 'af9d3d6cc4fe4bc7a64e4b74afe5e41f', '数据接口', 'data_interface', '/', '数据接口', 'DataInterface', 1, 'data_interface', '', 1, '[]', '[{\"function\": \"list\", \"id\": \"row_112\", \"is_show\": false, \"name\": \"\\u5217\\u8868\\u67e5\\u8be2\", \"permissions\": \"\", \"slot\": \"hideApi\", \"sortNum\": 3}, {\"function\": \"getAllList\", \"id\": \"row_113\", \"is_show\": false, \"name\": \"\\u5168\\u91cf\\u5217\\u8868\", \"permissions\": \"\", \"slot\": \"hideApi\", \"sortNum\": 4}, {\"function\": \"handleDetail\", \"id\": \"row_114\", \"is_show\": true, \"name\": \"\\u8be6\\u60c5\", \"permissions\": \"\", \"slot\": \"actionDropDown\", \"sortNum\": 5}, {\"function\": \"handleAdd\", \"id\": \"row_115\", \"is_show\": true, \"name\": \"\\u65b0\\u589e\", \"permissions\": \"\", \"slot\": \"tableTitle\", \"sortNum\": 6}, {\"function\": \"handleEdit\", \"id\": \"row_116\", \"is_show\": true, \"name\": \"\\u7f16\\u8f91\", \"permissions\": \"\", \"slot\": \"action\", \"sortNum\": 7}, {\"function\": \"handleDelete\", \"id\": \"row_117\", \"is_show\": true, \"name\": \"\\u5220\\u9664\", \"permissions\": \"\", \"slot\": \"actionDropDown\", \"sortNum\": 8}, {\"function\": \"batchHandleDelete\", \"id\": \"row_118\", \"is_show\": true, \"name\": \"\\u6279\\u91cf\\u5220\\u9664\", \"permissions\": \"\", \"slot\": \"overlay\", \"sortNum\": 9}, {\"function\": \"onImportXls\", \"id\": \"row_119\", \"is_show\": true, \"name\": \"\\u5bfc\\u5165\", \"permissions\": \"\", \"slot\": \"tableTitle\", \"sortNum\": 10}, {\"function\": \"onExportXls\", \"id\": \"row_120\", \"is_show\": true, \"name\": \"\\u5bfc\\u51fa\", \"permissions\": \"\", \"slot\": \"tableTitle\", \"sortNum\": 11}]', '[{\"all_list_show\": 1, \"clearable\": 0, \"component\": \"Input\", \"componentProps\": \"{}\", \"customRender\": 0, \"default_value\": \"\", \"detail_show\": 1, \"edit_show\": 0, \"editable\": 0, \"field\": \"id\", \"field_type\": \"String\", \"id\": \"row_104\", \"is_json\": 0, \"is_only\": 1, \"label\": \"\\u4e3b\\u952e\", \"length\": 36, \"list_show\": 1, \"nullable\": 1, \"primary_key\": 1, \"sortNum\": 3, \"table_show\": 1}, {\"all_list_show\": 0, \"clearable\": 0, \"component\": \"Input\", \"componentProps\": \"{}\", \"customRender\": 0, \"default_value\": \"\", \"detail_show\": 1, \"edit_show\": 0, \"editable\": 0, \"field\": \"create_by\", \"field_type\": \"String\", \"id\": \"row_105\", \"is_json\": 0, \"is_only\": 0, \"label\": \"\\u521b\\u5efa\\u8005\", \"length\": 100, \"list_show\": 1, \"nullable\": 1, \"primary_key\": 0, \"sortNum\": 4, \"table_show\": 1}, {\"all_list_show\": 0, \"clearable\": 0, \"component\": \"Input\", \"componentProps\": \"{}\", \"customRender\": 0, \"default_value\": \"server_default:CURRENT_TIMESTAMP\", \"detail_show\": 1, \"edit_show\": 0, \"editable\": 0, \"field\": \"create_time\", \"field_type\": \"TIMESTAMP\", \"id\": \"row_106\", \"is_json\": 0, \"is_only\": 0, \"label\": \"\\u521b\\u5efa\\u65f6\\u95f4\", \"length\": 0, \"list_show\": 1, \"nullable\": 1, \"primary_key\": 0, \"sortNum\": 5, \"table_show\": 1}, {\"all_list_show\": 0, \"clearable\": 0, \"component\": \"Input\", \"componentProps\": \"{}\", \"customRender\": 0, \"default_value\": \"\", \"detail_show\": 1, \"edit_show\": 0, \"editable\": 0, \"field\": \"update_by\", \"field_type\": \"String\", \"id\": \"row_107\", \"is_json\": 0, \"is_only\": 0, \"label\": \"\\u4fee\\u6539\\u8005\", \"length\": 100, \"list_show\": 1, \"nullable\": 1, \"primary_key\": 0, \"sortNum\": 6, \"table_show\": 1}, {\"all_list_show\": 0, \"clearable\": 0, \"component\": \"Input\", \"componentProps\": \"{}\", \"customRender\": 0, \"default_value\": \"server_default:CURRENT_TIMESTAMP ON UPDATE CURRENT_TIMESTAMP\", \"detail_show\": 1, \"edit_show\": 0, \"editable\": 0, \"field\": \"update_time\", \"field_type\": \"TIMESTAMP\", \"id\": \"row_108\", \"is_json\": 0, \"is_only\": 0, \"label\": \"\\u4fee\\u6539\\u65f6\\u95f4\", \"length\": 0, \"list_show\": 1, \"nullable\": 1, \"primary_key\": 0, \"sortNum\": 7, \"table_show\": 1}, {\"all_list_show\": 0, \"clearable\": 0, \"component\": \"InputNumber\", \"componentProps\": \"{}\", \"customRender\": 1, \"default_value\": 0, \"detail_show\": 1, \"edit_show\": 0, \"editable\": 0, \"field\": \"del_flag\", \"field_type\": \"SmallInteger\", \"id\": \"row_109\", \"is_json\": 0, \"is_only\": 0, \"label\": \"\\u8f6f\\u5220\\u9664\\u6807\\u8bb0\", \"length\": 0, \"list_show\": 1, \"nullable\": 1, \"primary_key\": 0, \"sortNum\": 8, \"table_show\": 0}, {\"all_list_show\": 0, \"clearable\": 0, \"component\": \"InputNumber\", \"componentProps\": \"{}\", \"customRender\": 0, \"default_value\": 1, \"detail_show\": 1, \"edit_show\": 0, \"editable\": 0, \"field\": \"sort_no\", \"field_type\": \"Float\", \"id\": \"row_110\", \"is_json\": 0, \"is_only\": 0, \"label\": \"\\u6392\\u5e8f\\u5b57\\u6bb5\", \"length\": 0, \"list_show\": 1, \"nullable\": 1, \"primary_key\": 0, \"sortNum\": 9, \"table_show\": 0}, {\"all_list_show\": 0, \"clearable\": 0, \"component\": \"InputTextArea\", \"componentProps\": \"{}\", \"customRender\": 0, \"default_value\": \"\", \"detail_show\": 1, \"edit_show\": 1, \"editable\": 1, \"field\": \"description\", \"field_type\": \"Text\", \"id\": \"row_111\", \"is_json\": 0, \"is_only\": 0, \"label\": \"\\u7b80\\u4ecb\\u63cf\\u8ff0\", \"length\": 0, \"list_show\": 1, \"nullable\": 1, \"primary_key\": 0, \"sortNum\": 10, \"table_show\": 1}, {\"all_list_show\": 1, \"clearable\": 0, \"component\": \"ApiSelect\", \"componentProps\": \"{}\", \"customRender\": 0, \"default_value\": \"\", \"detail_show\": 1, \"edit_show\": 1, \"editable\": 1, \"field\": \"datamodel_id\", \"field_type\": \"String\", \"id\": \"row_466\", \"is_json\": 0, \"is_only\": 0, \"label\": \"\\u6240\\u5c5e\\u6570\\u636e\\u6a21\\u578b\", \"length\": 36, \"list_show\": 1, \"nullable\": 0, \"primary_key\": 0, \"sortNum\": 11, \"table_show\": 1}, {\"all_list_show\": 1, \"clearable\": 0, \"component\": \"Input\", \"componentProps\": \"{}\", \"customRender\": 0, \"default_value\": \"\", \"detail_show\": 1, \"edit_show\": 1, \"editable\": 1, \"field\": \"name\", \"field_type\": \"String\", \"id\": \"row_467\", \"is_json\": 0, \"is_only\": 1, \"label\": \"\\u63a5\\u53e3\\u540d\\u79f0\", \"length\": 200, \"list_show\": 1, \"nullable\": 0, \"primary_key\": 0, \"sortNum\": 12, \"table_show\": 1}, {\"all_list_show\": 1, \"clearable\": 0, \"component\": \"JSelectInput\", \"componentProps\": \"{}\", \"customRender\": 0, \"default_value\": \"1\", \"detail_show\": 1, \"edit_show\": 1, \"editable\": 1, \"field\": \"type\", \"field_type\": \"SmallInteger\", \"id\": \"row_468\", \"is_json\": 0, \"is_only\": 0, \"label\": \"\\u7c7b\\u578b\", \"length\": 6, \"list_show\": 1, \"nullable\": 0, \"primary_key\": 0, \"sortNum\": 13, \"table_show\": 1}, {\"label\": \"\\u72b6\\u6001\", \"field\": \"status\", \"component\": \"JSelectInput\", \"componentProps\": \"{}\", \"field_type\": \"SmallInteger\", \"default_value\": \"1\", \"length\": 6, \"primary_key\": 0, \"is_json\": 0, \"is_only\": 0, \"nullable\": 0, \"editable\": 1, \"clearable\": 0, \"table_show\": 1, \"customRender\": 0, \"edit_show\": 1, \"list_show\": 1, \"detail_show\": 1, \"all_list_show\": 1, \"sortNum\": 14}]', 1, 1, 1, 1, 1, 800, 0);
INSERT INTO `code_gen_model` VALUES ('', 1, 0, 'admin', '2023-03-05 17:29:02', '', '2023-03-05 17:29:02', 'bdb2657c7cfa443bb8581ff22399337d', '任务实例', 'task_interface', '/task/instance', '任务实例', 'TaskInterface', 2, 'task_instance', '', 1, '[]', '[{\"name\": \"列表查询\", \"slot\": \"hideApi\", \"function\": \"list\", \"is_show\": false, \"permissions\": \"\", \"id\": \"row_385\", \"sortNum\": 3}, {\"name\": \"全量列表\", \"slot\": \"hideApi\", \"function\": \"getAllList\", \"is_show\": false, \"permissions\": \"\", \"id\": \"row_386\", \"sortNum\": 4}, {\"name\": \"详情\", \"slot\": \"actionDropDown\", \"function\": \"handleDetail\", \"is_show\": true, \"permissions\": \"\", \"id\": \"row_387\", \"sortNum\": 5}, {\"name\": \"新增\", \"slot\": \"tableTitle\", \"function\": \"handleAdd\", \"is_show\": true, \"permissions\": \"\", \"id\": \"row_388\", \"sortNum\": 6}, {\"name\": \"编辑\", \"slot\": \"action\", \"function\": \"handleEdit\", \"is_show\": true, \"permissions\": \"\", \"id\": \"row_389\", \"sortNum\": 7}, {\"name\": \"删除\", \"slot\": \"actionDropDown\", \"function\": \"handleDelete\", \"is_show\": true, \"permissions\": \"\", \"id\": \"row_390\", \"sortNum\": 8}, {\"name\": \"批量删除\", \"slot\": \"overlay\", \"function\": \"batchHandleDelete\", \"is_show\": true, \"permissions\": \"\", \"id\": \"row_391\", \"sortNum\": 9}, {\"name\": \"导入\", \"slot\": \"tableTitle\", \"function\": \"onImportXls\", \"is_show\": false, \"permissions\": \"\", \"id\": \"row_392\", \"sortNum\": 10}, {\"name\": \"导出\", \"slot\": \"tableTitle\", \"function\": \"onExportXls\", \"is_show\": false, \"permissions\": \"\", \"id\": \"row_393\", \"sortNum\": 11}]', '[{\"label\": \"id\", \"field\": \"id\", \"component\": \"Input\", \"componentProps\": \"{}\", \"field_type\": \"String\", \"default_value\": \"\", \"length\": 36, \"nullable\": 1, \"primary_key\": 1, \"is_only\": 1, \"is_json\": 0, \"clearable\": 0, \"editable\": 0, \"customRender\": 0, \"list_show\": 1, \"table_show\": 1, \"edit_show\": 0, \"detail_show\": 1, \"all_list_show\": 1, \"id\": \"row_377\", \"sortNum\": 3}, {\"label\": \"任务id\", \"field\": \"task_id\", \"component\": \"Input\", \"componentProps\": \"{}\", \"field_type\": \"String\", \"default_value\": \"\", \"length\": 36, \"primary_key\": 0, \"is_json\": 0, \"is_only\": 0, \"nullable\": 1, \"editable\": 1, \"clearable\": 0, \"table_show\": 1, \"customRender\": 0, \"edit_show\": 1, \"list_show\": 1, \"detail_show\": 1, \"all_list_show\": 0, \"sortNum\": 4}, {\"label\": \"状态\", \"field\": \"status\", \"component\": \"Input\", \"componentProps\": \"{}\", \"field_type\": \"SmallInteger\", \"default_value\": \"0\", \"length\": 6, \"primary_key\": 0, \"is_json\": 0, \"is_only\": 0, \"nullable\": 1, \"editable\": 1, \"clearable\": 0, \"table_show\": 1, \"customRender\": 0, \"edit_show\": 1, \"list_show\": 1, \"detail_show\": 1, \"all_list_show\": 0, \"sortNum\": 5}, {\"label\": \"任务进度\", \"field\": \"progress\", \"component\": \"Input\", \"componentProps\": \"{}\", \"field_type\": \"Float\", \"default_value\": \"0\", \"length\": 0, \"primary_key\": 0, \"is_json\": 0, \"is_only\": 0, \"nullable\": 1, \"editable\": 1, \"clearable\": 0, \"table_show\": 1, \"customRender\": 0, \"edit_show\": 1, \"list_show\": 1, \"detail_show\": 1, \"all_list_show\": 0, \"sortNum\": 6}, {\"label\": \"开始时间\", \"field\": \"start_time\", \"component\": \"Input\", \"componentProps\": \"{}\", \"field_type\": \"String\", \"default_value\": \"\", \"length\": 100, \"nullable\": 1, \"primary_key\": 0, \"is_only\": 0, \"is_json\": 0, \"clearable\": 0, \"editable\": 0, \"customRender\": 0, \"list_show\": 1, \"table_show\": 1, \"edit_show\": 0, \"detail_show\": 1, \"all_list_show\": 0, \"id\": \"row_378\", \"sortNum\": 7}, {\"label\": \"结束时间\", \"field\": \"end_time\", \"component\": \"Input\", \"componentProps\": \"{}\", \"field_type\": \"TIMESTAMP\", \"default_value\": \"\", \"length\": 0, \"primary_key\": 0, \"is_json\": 0, \"is_only\": 0, \"nullable\": 1, \"editable\": 1, \"clearable\": 0, \"table_show\": 1, \"customRender\": 0, \"edit_show\": 1, \"list_show\": 1, \"detail_show\": 1, \"all_list_show\": 0, \"sortNum\": 8}, {\"label\": \"执行结果\", \"field\": \"result\", \"component\": \"Input\", \"componentProps\": \"{}\", \"field_type\": \"Text\", \"default_value\": \"\", \"length\": 0, \"primary_key\": 0, \"is_json\": 0, \"is_only\": 0, \"nullable\": 1, \"editable\": 1, \"clearable\": 0, \"table_show\": 1, \"customRender\": 0, \"edit_show\": 1, \"list_show\": 1, \"detail_show\": 1, \"all_list_show\": 0, \"sortNum\": 9}]', 1, 1, 1, 1, 1, 800, 0);
INSERT INTO `code_gen_model` VALUES ('', 1, 0, 'admin', '2022-12-19 16:19:38', 'admin', '2022-12-19 16:44:41', 'f9f5506db739408d89664b2e312740f6', '数据模型字段', 'datamodel_field', 'datamodel/field', '数据模型字段', 'DataModelField', 1, 'datamodel_field', '数据模型字段', 1, '[{\"colProps\": \"{}\", \"component\": \"Input\", \"componentProps\": \"{}\", \"field\": \"field_name\", \"id\": \"row_66\", \"label\": \"\\u5b57\\u6bb5\\u540d\", \"sortNum\": 3}, {\"colProps\": \"{}\", \"component\": \"Input\", \"componentProps\": \"{}\", \"field\": \"field_value\", \"id\": \"row_67\", \"label\": \"\\u5b57\\u6bb5\\u503c\", \"sortNum\": 4}]', '[{\"function\": \"list\", \"id\": \"row_68\", \"is_show\": false, \"name\": \"\\u5217\\u8868\\u67e5\\u8be2\", \"permissions\": \"\", \"slot\": \"hideApi\", \"sortNum\": 3}, {\"function\": \"getAllList\", \"id\": \"row_69\", \"is_show\": false, \"name\": \"\\u5168\\u91cf\\u5217\\u8868\", \"permissions\": \"\", \"slot\": \"hideApi\", \"sortNum\": 4}, {\"function\": \"handleDetail\", \"id\": \"row_70\", \"is_show\": true, \"name\": \"\\u8be6\\u60c5\", \"permissions\": \"\", \"slot\": \"actionDropDown\", \"sortNum\": 5}, {\"function\": \"handleAdd\", \"id\": \"row_71\", \"is_show\": true, \"name\": \"\\u65b0\\u589e\", \"permissions\": \"\", \"slot\": \"tableTitle\", \"sortNum\": 6}, {\"function\": \"handleEdit\", \"id\": \"row_72\", \"is_show\": true, \"name\": \"\\u7f16\\u8f91\", \"permissions\": \"\", \"slot\": \"action\", \"sortNum\": 7}, {\"function\": \"handleDelete\", \"id\": \"row_73\", \"is_show\": true, \"name\": \"\\u5220\\u9664\", \"permissions\": \"\", \"slot\": \"actionDropDown\", \"sortNum\": 8}, {\"function\": \"batchHandleDelete\", \"id\": \"row_74\", \"is_show\": true, \"name\": \"\\u6279\\u91cf\\u5220\\u9664\", \"permissions\": \"\", \"slot\": \"overlay\", \"sortNum\": 9}, {\"function\": \"onImportXls\", \"id\": \"row_75\", \"is_show\": false, \"name\": \"\\u5bfc\\u5165\", \"permissions\": \"\", \"slot\": \"tableTitle\", \"sortNum\": 10}, {\"function\": \"onExportXls\", \"id\": \"row_76\", \"is_show\": false, \"name\": \"\\u5bfc\\u51fa\", \"permissions\": \"\", \"slot\": \"tableTitle\", \"sortNum\": 11}]', '[{\"all_list_show\": 1, \"clearable\": 0, \"component\": \"Input\", \"componentProps\": \"{}\", \"customRender\": 0, \"default_value\": \"\", \"detail_show\": 1, \"edit_show\": 0, \"editable\": 0, \"field\": \"id\", \"field_type\": \"String\", \"id\": \"row_60\", \"is_json\": 0, \"is_only\": 1, \"label\": \"\\u4e3b\\u952e\", \"length\": 36, \"list_show\": 1, \"nullable\": 1, \"primary_key\": 1, \"sortNum\": 3, \"table_show\": 1}, {\"all_list_show\": 1, \"clearable\": 0, \"component\": \"ApiSelect\", \"componentProps\": \"{}\", \"customRender\": 0, \"default_value\": \"\", \"detail_show\": 1, \"edit_show\": 1, \"editable\": 1, \"field\": \"datamodel_id\", \"field_type\": \"String\", \"id\": \"row_60\", \"is_json\": 0, \"is_only\": 0, \"label\": \"\\u6240\\u5c5e\\u6570\\u636e\\u6a21\\u578b\", \"length\": 36, \"list_show\": 1, \"nullable\": 1, \"primary_key\": 0, \"sortNum\": 4, \"table_show\": 1}, {\"all_list_show\": 1, \"clearable\": 0, \"component\": \"Input\", \"componentProps\": \"{}\", \"customRender\": 0, \"default_value\": \"\", \"detail_show\": 1, \"edit_show\": 1, \"editable\": 1, \"field\": \"field_name\", \"field_type\": \"String\", \"id\": \"row_61\", \"is_json\": 0, \"is_only\": 1, \"label\": \"\\u5b57\\u6bb5\\u540d\", \"length\": 200, \"list_show\": 1, \"nullable\": 1, \"primary_key\": 0, \"sortNum\": 5, \"table_show\": 1}, {\"all_list_show\": 1, \"clearable\": 0, \"component\": \"Input\", \"componentProps\": \"{}\", \"customRender\": 0, \"default_value\": \"\", \"detail_show\": 1, \"edit_show\": 1, \"editable\": 1, \"field\": \"field_value\", \"field_type\": \"String\", \"id\": \"row_62\", \"is_json\": 0, \"is_only\": 1, \"label\": \"\\u5b57\\u6bb5\\u503c\", \"length\": 200, \"list_show\": 1, \"nullable\": 1, \"primary_key\": 0, \"sortNum\": 6, \"table_show\": 1}, {\"all_list_show\": 1, \"clearable\": 0, \"component\": \"Input\", \"componentProps\": \"{}\", \"customRender\": 0, \"default_value\": \"\", \"detail_show\": 1, \"edit_show\": 1, \"editable\": 1, \"field\": \"field_type\", \"field_type\": \"String\", \"id\": \"row_63\", \"is_json\": 0, \"is_only\": 0, \"label\": \"\\u5b57\\u6bb5\\u7c7b\\u578b\", \"length\": 100, \"list_show\": 1, \"nullable\": 1, \"primary_key\": 0, \"sortNum\": 7, \"table_show\": 1}, {\"all_list_show\": 0, \"clearable\": 0, \"component\": \"InputTextArea\", \"componentProps\": \"{}\", \"customRender\": 0, \"default_value\": \"{}\", \"detail_show\": 1, \"edit_show\": 1, \"editable\": 1, \"field\": \"ext_params\", \"field_type\": \"Text\", \"id\": \"row_64\", \"is_json\": 1, \"is_only\": 0, \"label\": \"\\u62d3\\u5c55\\u5b57\\u6bb5\", \"length\": 0, \"list_show\": 1, \"nullable\": 1, \"primary_key\": 0, \"sortNum\": 8, \"table_show\": 1}, {\"all_list_show\": 0, \"clearable\": 0, \"component\": \"JSelectInput\", \"componentProps\": \"{}\", \"customRender\": 0, \"default_value\": \"0\", \"detail_show\": 1, \"edit_show\": 1, \"editable\": 1, \"field\": \"is_sync\", \"field_type\": \"SmallInteger\", \"id\": \"row_65\", \"is_json\": 0, \"is_only\": 0, \"label\": \"\\u662f\\u5426\\u540c\\u6b65\", \"length\": 6, \"list_show\": 1, \"nullable\": 1, \"primary_key\": 0, \"sortNum\": 9, \"table_show\": 1}, {\"all_list_show\": 0, \"clearable\": 0, \"component\": \"Input\", \"componentProps\": \"{}\", \"customRender\": 0, \"default_value\": \"\", \"detail_show\": 1, \"edit_show\": 0, \"editable\": 0, \"field\": \"create_by\", \"field_type\": \"String\", \"id\": \"row_61\", \"is_json\": 0, \"is_only\": 0, \"label\": \"\\u521b\\u5efa\\u8005\", \"length\": 100, \"list_show\": 1, \"nullable\": 1, \"primary_key\": 0, \"sortNum\": 10, \"table_show\": 0}, {\"all_list_show\": 0, \"clearable\": 0, \"component\": \"Input\", \"componentProps\": \"{}\", \"customRender\": 0, \"default_value\": \"server_default:CURRENT_TIMESTAMP\", \"detail_show\": 1, \"edit_show\": 0, \"editable\": 0, \"field\": \"create_time\", \"field_type\": \"TIMESTAMP\", \"id\": \"row_62\", \"is_json\": 0, \"is_only\": 0, \"label\": \"\\u521b\\u5efa\\u65f6\\u95f4\", \"length\": 0, \"list_show\": 1, \"nullable\": 1, \"primary_key\": 0, \"sortNum\": 11, \"table_show\": 0}, {\"all_list_show\": 0, \"clearable\": 0, \"component\": \"Input\", \"componentProps\": \"{}\", \"customRender\": 0, \"default_value\": \"\", \"detail_show\": 1, \"edit_show\": 0, \"editable\": 0, \"field\": \"update_by\", \"field_type\": \"String\", \"id\": \"row_63\", \"is_json\": 0, \"is_only\": 0, \"label\": \"\\u4fee\\u6539\\u8005\", \"length\": 100, \"list_show\": 1, \"nullable\": 1, \"primary_key\": 0, \"sortNum\": 12, \"table_show\": 0}, {\"all_list_show\": 0, \"clearable\": 0, \"component\": \"Input\", \"componentProps\": \"{}\", \"customRender\": 0, \"default_value\": \"server_default:CURRENT_TIMESTAMP ON UPDATE CURRENT_TIMESTAMP\", \"detail_show\": 1, \"edit_show\": 0, \"editable\": 0, \"field\": \"update_time\", \"field_type\": \"TIMESTAMP\", \"id\": \"row_64\", \"is_json\": 0, \"is_only\": 0, \"label\": \"\\u4fee\\u6539\\u65f6\\u95f4\", \"length\": 0, \"list_show\": 1, \"nullable\": 1, \"primary_key\": 0, \"sortNum\": 13, \"table_show\": 0}, {\"all_list_show\": 0, \"clearable\": 0, \"component\": \"InputNumber\", \"componentProps\": \"{}\", \"customRender\": 1, \"default_value\": 0, \"detail_show\": 1, \"edit_show\": 0, \"editable\": 0, \"field\": \"del_flag\", \"field_type\": \"SmallInteger\", \"id\": \"row_65\", \"is_json\": 0, \"is_only\": 0, \"label\": \"\\u8f6f\\u5220\\u9664\\u6807\\u8bb0\", \"length\": 0, \"list_show\": 1, \"nullable\": 1, \"primary_key\": 0, \"sortNum\": 14, \"table_show\": 0}, {\"all_list_show\": 0, \"clearable\": 0, \"component\": \"InputNumber\", \"componentProps\": \"{}\", \"customRender\": 0, \"default_value\": 1, \"detail_show\": 1, \"edit_show\": 0, \"editable\": 0, \"field\": \"sort_no\", \"field_type\": \"Float\", \"id\": \"row_66\", \"is_json\": 0, \"is_only\": 0, \"label\": \"\\u6392\\u5e8f\\u5b57\\u6bb5\", \"length\": 0, \"list_show\": 1, \"nullable\": 1, \"primary_key\": 0, \"sortNum\": 15, \"table_show\": 0}, {\"all_list_show\": 0, \"clearable\": 0, \"component\": \"InputTextArea\", \"componentProps\": \"{}\", \"customRender\": 0, \"default_value\": \"\", \"detail_show\": 1, \"edit_show\": 1, \"editable\": 1, \"field\": \"description\", \"field_type\": \"Text\", \"id\": \"row_67\", \"is_json\": 0, \"is_only\": 0, \"label\": \"\\u7b80\\u4ecb\\u63cf\\u8ff0\", \"length\": 0, \"list_show\": 1, \"nullable\": 1, \"primary_key\": 0, \"sortNum\": 16, \"table_show\": 1}]', 1, 1, 1, 1, 1, 800, 0);
COMMIT;

-- ----------------------------
-- Table structure for data_interface
-- ----------------------------
DROP TABLE IF EXISTS `data_interface`;
CREATE TABLE `data_interface` (
  `description` text CHARACTER SET utf8mb4 COLLATE utf8mb4_general_ci COMMENT '简介',
  `sort_no` float DEFAULT NULL COMMENT '排序',
  `del_flag` smallint DEFAULT NULL COMMENT '软删除标记',
  `create_by` varchar(100) CHARACTER SET utf8mb4 COLLATE utf8mb4_general_ci DEFAULT NULL COMMENT '创建者',
  `create_time` timestamp NULL DEFAULT CURRENT_TIMESTAMP COMMENT '创建时间',
  `update_by` varchar(100) CHARACTER SET utf8mb4 COLLATE utf8mb4_general_ci DEFAULT NULL COMMENT '修改者',
  `update_time` timestamp NULL DEFAULT CURRENT_TIMESTAMP ON UPDATE CURRENT_TIMESTAMP COMMENT '修改时间',
  `id` varchar(36) CHARACTER SET utf8mb4 COLLATE utf8mb4_general_ci NOT NULL COMMENT '主键',
  `datamodel_id` varchar(36) CHARACTER SET utf8mb4 COLLATE utf8mb4_general_ci NOT NULL COMMENT '所属数据模型id',
  `name` varchar(200) CHARACTER SET utf8mb4 COLLATE utf8mb4_general_ci NOT NULL COMMENT '接口名称',
  `api_key` varchar(36) CHARACTER SET utf8mb4 COLLATE utf8mb4_general_ci NOT NULL COMMENT 'api_key',
  `valid_fields` text CHARACTER SET utf8mb4 COLLATE utf8mb4_general_ci COMMENT '允许访问字段',
  `apply_user_id` int DEFAULT NULL COMMENT '申请人id',
  `apply_user` varchar(100) CHARACTER SET utf8mb4 COLLATE utf8mb4_general_ci DEFAULT NULL COMMENT '申请人',
  `apply_caption` text CHARACTER SET utf8mb4 COLLATE utf8mb4_general_ci COMMENT '申请说明',
  `apply_time` bigint DEFAULT NULL COMMENT '申请时间',
  `apply_time_length` varchar(50) CHARACTER SET utf8mb4 COLLATE utf8mb4_general_ci DEFAULT NULL COMMENT '申请时长',
  `review_user_id` int DEFAULT NULL COMMENT '审核人id',
  `review_user` varchar(100) CHARACTER SET utf8mb4 COLLATE utf8mb4_general_ci DEFAULT NULL COMMENT '审核人',
  `review_caption` text CHARACTER SET utf8mb4 COLLATE utf8mb4_general_ci COMMENT '审核说明',
  `review_time` bigint DEFAULT NULL COMMENT '审核时间',
  `review_time_length` varchar(50) CHARACTER SET utf8mb4 COLLATE utf8mb4_general_ci DEFAULT NULL COMMENT '授权时长',
  `status` smallint NOT NULL COMMENT '状态0禁用1启用',
  `valid_time` bigint DEFAULT NULL COMMENT '有效期限',
  PRIMARY KEY (`id`),
  KEY `ix_data_interface_api_key` (`api_key`),
  KEY `ix_data_interface_datamodel_id` (`datamodel_id`)
) ENGINE=InnoDB DEFAULT CHARSET=utf8mb4 COLLATE=utf8mb4_general_ci;

-- ----------------------------
-- Records of data_interface
-- ----------------------------
BEGIN;
INSERT INTO `data_interface` VALUES ('', 1, 0, 'admin', '2023-10-09 09:10:22', 'admin', '2023-10-09 09:10:27', '3caacf2d44fd4e12a32f9fcf935981db', 'ef08e65504584b5ca56eab765357e3d5', '代码处理', 'f6f3cf4e5ba84040bcf0e6c389adc7c6', '[\'*\']', 1, 'admin', '', 1696842622, 'forever', 1, 'admin', '', 1696842627, 'forever', 1, 4850442627);
INSERT INTO `data_interface` VALUES ('', 1, 0, 'admin', '2023-09-26 14:43:21', 'admin', '2023-09-26 14:43:43', '91950c48a7cf4f8c8e58023bf9e14de1', '00515964800442e687a7feaac3b2b281', 'test', 'add166a249b84caf8fcb0b259581909d', '[\'*\']', 1, 'admin', 'test', 1695739401, '1h', 1, 'admin', '', 1695739423, 'forever', 1, 4849339423);
COMMIT;

-- ----------------------------
-- Table structure for datamodel
-- ----------------------------
DROP TABLE IF EXISTS `datamodel`;
CREATE TABLE `datamodel` (
  `description` text CHARACTER SET utf8mb4 COLLATE utf8mb4_general_ci COMMENT '简介',
  `sort_no` float DEFAULT NULL COMMENT '排序',
  `del_flag` smallint DEFAULT NULL COMMENT '软删除标记',
  `create_by` varchar(100) CHARACTER SET utf8mb4 COLLATE utf8mb4_general_ci DEFAULT NULL COMMENT '创建者',
  `create_time` timestamp NULL DEFAULT CURRENT_TIMESTAMP COMMENT '创建时间',
  `update_by` varchar(100) CHARACTER SET utf8mb4 COLLATE utf8mb4_general_ci DEFAULT NULL COMMENT '修改者',
  `update_time` timestamp NULL DEFAULT CURRENT_TIMESTAMP ON UPDATE CURRENT_TIMESTAMP COMMENT '修改时间',
  `id` varchar(36) CHARACTER SET utf8mb4 COLLATE utf8mb4_general_ci NOT NULL COMMENT '主键',
  `name` varchar(200) CHARACTER SET utf8mb4 COLLATE utf8mb4_general_ci NOT NULL COMMENT '名称',
  `datasource_id` varchar(36) CHARACTER SET utf8mb4 COLLATE utf8mb4_general_ci DEFAULT NULL COMMENT '数据源id',
  `type` varchar(200) CHARACTER SET utf8mb4 COLLATE utf8mb4_general_ci DEFAULT NULL COMMENT '类型',
  `status` smallint DEFAULT NULL COMMENT '模型状态 0未建立，1已建立',
  `model_conf` text CHARACTER SET utf8mb4 COLLATE utf8mb4_general_ci COMMENT '模型配置',
  `ext_params` text CHARACTER SET utf8mb4 COLLATE utf8mb4_general_ci COMMENT '额外参数',
  `can_interface` smallint DEFAULT NULL COMMENT '是否可封装查询接口',
  `depart_list` text CHARACTER SET utf8mb4 COLLATE utf8mb4_general_ci COMMENT '关联部门列表',
  PRIMARY KEY (`id`)
) ENGINE=InnoDB DEFAULT CHARSET=utf8mb4 COLLATE=utf8mb4_general_ci;

-- ----------------------------
-- Records of datamodel
-- ----------------------------
BEGIN;
INSERT INTO `datamodel` VALUES ('', 1, 0, 'admin', '2023-08-10 07:45:07', 'admin', '2023-08-10 07:46:16', '00515964800442e687a7feaac3b2b281', 'btc_history_target.csv', 'ad041e2a154a4d10bd21e29292ce9b1c', 'file_table', 1, '{\n  \"auth_type\": \"query,extract\"\n}', '{}', 1, '[]');
INSERT INTO `datamodel` VALUES ('', 1, 0, 'admin', '2023-08-10 07:53:46', 'admin', '2023-09-15 17:48:53', '77b5008db89348348360893720a01b80', '任务实例表binlog流', 'fdf0938c7d5a44eca94ba093cc8be6c8', 'mysql_binlog', 1, '{\n  \"listen_dbs\": \"ezdata\",\n  \"listen_tables\": \"task_instance\",\n  \"auth_type\": \"extract\",\n  \"only_events\": \"write,update\"\n}', '{}', 0, '[]');
INSERT INTO `datamodel` VALUES ('', 1, 1, 'admin', '2023-08-10 07:55:36', 'admin', '2023-09-16 07:12:51', 'a8d54fafdfdb45ee8f7e4ad0290a7ec0', 'es任务实例索引', '7ef3a3fcbcf840bb8fd0f50cef3a3f88', 'elasticsearch_index', 1, '{\n  \"name\": \"task_instance_history\",\n  \"auth_type\": \"query,create,edit_fields,delete,extract,load\"\n}', '{}', 1, '[]');
INSERT INTO `datamodel` VALUES ('', 1, 0, 'admin', '2023-09-16 07:14:27', 'admin', '2023-09-16 07:14:39', 'ccd7301d29c34f579a99ef8787078a49', '系统日志', '10a0f8f11faa41968f5e75ee5afce4e7', 'elasticsearch_index', 1, '{\n  \"name\": \"sys_logs\",\n  \"auth_type\": \"query,create,edit_data,delete_data,extract,load\"\n}', '{}', 1, '[]');
INSERT INTO `datamodel` VALUES ('', 1, 0, 'admin', '2023-08-10 08:04:53', 'admin', '2023-08-23 03:32:02', 'cfd5c302e6c142ce999566a588f000e5', 'btc_history测试表', 'd82d42fa1b8f4f43aff74d8c9c5254d4', 'mysql_table', 1, '{\n  \"name\": \"btc_history\",\n  \"auth_type\": \"query,create,edit_fields,delete,extract,load,add_data,edit_data,delete_data\"\n}', '{}', 1, '[]');
INSERT INTO `datamodel` VALUES ('', 1, 0, 'admin', '2023-08-10 07:46:27', 'admin', '2023-08-10 07:46:43', 'd1ae329b3b4941f19c9726c575579daf', 'btc_history.csv', 'd018f252ef6740e89e387d32de4c412f', 'file_table', 1, '{\n  \"auth_type\": \"query,extract\"\n}', '{}', 1, '[]');
INSERT INTO `datamodel` VALUES ('', 1, 0, 'admin', '2023-08-10 07:51:08', 'admin', '2023-08-10 09:46:32', 'ef08e65504584b5ca56eab765357e3d5', 'mysql任务实例表', 'fdf0938c7d5a44eca94ba093cc8be6c8', 'mysql_table', 1, '{\n  \"name\": \"task_instance\",\n  \"auth_type\": \"query,extract\"\n}', '{}', 1, '[]');
COMMIT;

-- ----------------------------
-- Table structure for datamodel_field
-- ----------------------------
DROP TABLE IF EXISTS `datamodel_field`;
CREATE TABLE `datamodel_field` (
  `description` text CHARACTER SET utf8mb4 COLLATE utf8mb4_general_ci COMMENT '简介',
  `sort_no` float DEFAULT NULL COMMENT '排序',
  `del_flag` smallint DEFAULT NULL COMMENT '软删除标记',
  `create_by` varchar(100) CHARACTER SET utf8mb4 COLLATE utf8mb4_general_ci DEFAULT NULL COMMENT '创建者',
  `create_time` timestamp NULL DEFAULT CURRENT_TIMESTAMP COMMENT '创建时间',
  `update_by` varchar(100) CHARACTER SET utf8mb4 COLLATE utf8mb4_general_ci DEFAULT NULL COMMENT '修改者',
  `update_time` timestamp NULL DEFAULT CURRENT_TIMESTAMP ON UPDATE CURRENT_TIMESTAMP COMMENT '修改时间',
  `id` varchar(36) CHARACTER SET utf8mb4 COLLATE utf8mb4_general_ci NOT NULL COMMENT '主键',
  `datamodel_id` varchar(36) CHARACTER SET utf8mb4 COLLATE utf8mb4_general_ci DEFAULT NULL COMMENT '所属数据模型',
  `field_name` varchar(200) CHARACTER SET utf8mb4 COLLATE utf8mb4_general_ci DEFAULT NULL COMMENT '字段名',
  `field_value` varchar(200) CHARACTER SET utf8mb4 COLLATE utf8mb4_general_ci DEFAULT NULL COMMENT '字段值',
  `field_type` varchar(100) CHARACTER SET utf8mb4 COLLATE utf8mb4_general_ci DEFAULT NULL COMMENT '字段类型',
  `ext_params` text CHARACTER SET utf8mb4 COLLATE utf8mb4_general_ci COMMENT '拓展字段',
  `is_sync` smallint DEFAULT NULL COMMENT '是否同步',
  PRIMARY KEY (`id`)
) ENGINE=InnoDB DEFAULT CHARSET=utf8mb4 COLLATE=utf8mb4_general_ci;

-- ----------------------------
-- Records of datamodel_field
-- ----------------------------
BEGIN;
INSERT INTO `datamodel_field` VALUES ('', 1, 0, 'admin', '2023-08-14 01:49:10', 'admin', '2023-09-26 10:04:18', '05eb54f3b4a446838bbec7adaa044734', '00515964800442e687a7feaac3b2b281', 'id', 'id', NULL, '{}', 1);
INSERT INTO `datamodel_field` VALUES ('', 1, 0, 'admin', '2023-08-14 01:49:04', '', '2023-08-14 01:49:04', '0767455d766744a680c3d8a4680b9bdd', 'd1ae329b3b4941f19c9726c575579daf', '低', '低', NULL, '{}', 1);
INSERT INTO `datamodel_field` VALUES ('', 1, 0, 'admin', '2023-08-10 09:22:23', '', '2023-08-10 09:22:23', '095c54e6177b4a85958baa749bc7e897', 'ef08e65504584b5ca56eab765357e3d5', '重试次数', 'retry_num', NULL, '{\"type\": \"INTEGER\", \"length\": 0, \"is_primary_key\": false, \"nullable\": true, \"default\": null}', 1);
INSERT INTO `datamodel_field` VALUES ('', 1, 0, 'admin', '2023-08-10 09:22:23', '', '2023-08-10 09:22:23', '0aa4ef0346a7476080d04ce0e42271f1', 'ef08e65504584b5ca56eab765357e3d5', 'dag任务节点id', 'node_id', NULL, '{\"type\": \"VARCHAR\", \"length\": 36, \"is_primary_key\": false, \"nullable\": true, \"default\": null}', 1);
INSERT INTO `datamodel_field` VALUES ('', 1, 0, 'admin', '2023-08-14 01:49:10', 'admin', '2023-09-26 10:04:17', '0dd192842acd436cb813ff034b80135c', '00515964800442e687a7feaac3b2b281', 'time', 'time', NULL, '{}', 1);
INSERT INTO `datamodel_field` VALUES ('', 1, 0, 'admin', '2023-08-14 01:49:10', 'admin', '2023-09-26 10:04:18', '12da4d23a25542cfada78fcd5147e646', '00515964800442e687a7feaac3b2b281', 'high', 'high', NULL, '{}', 1);
INSERT INTO `datamodel_field` VALUES ('', 1, 0, 'admin', '2023-08-14 01:49:10', 'admin', '2023-09-26 10:04:18', '1a10222a50b043aaaed50ede9f25415d', '00515964800442e687a7feaac3b2b281', 'open', 'open', NULL, '{}', 1);
INSERT INTO `datamodel_field` VALUES ('', 1, 0, 'admin', '2023-08-10 11:17:40', 'admin', '2023-08-10 11:28:35', '1e5de1600e4447b5841a460602213bd2', 'cfd5c302e6c142ce999566a588f000e5', '交易对', 'symbol', NULL, '{\"type\": \"VARCHAR\", \"length\": 100, \"is_primary_key\": false, \"nullable\": true, \"default\": null}', 1);
INSERT INTO `datamodel_field` VALUES ('', 1, 0, 'admin', '2023-08-10 11:17:40', 'admin', '2023-08-10 11:18:54', '220de7a3f3e042fca2e8ddbf867d8d71', 'cfd5c302e6c142ce999566a588f000e5', '最低价', 'low', NULL, '{\"type\": \"FLOAT\", \"length\": 0, \"is_primary_key\": false, \"nullable\": true, \"default\": null}', 1);
INSERT INTO `datamodel_field` VALUES ('', 1, 0, 'admin', '2023-08-14 05:27:14', '', '2023-08-14 05:27:14', '2b02f6ba5a4a41b780f55c25d0bffb81', 'a8d54fafdfdb45ee8f7e4ad0290a7ec0', 'task_id', 'task_id', NULL, '{\"type\": \"text\", \"length\": 0, \"is_primary_key\": 0, \"nullable\": 1, \"default\": \"\"}', 1);
INSERT INTO `datamodel_field` VALUES ('', 1, 0, 'admin', '2023-08-10 11:17:40', 'admin', '2023-08-10 11:18:54', '3103539a7eee4827a8d68e53ab90ecb6', 'cfd5c302e6c142ce999566a588f000e5', '开盘价', 'open', NULL, '{\"type\": \"FLOAT\", \"length\": 0, \"is_primary_key\": false, \"nullable\": true, \"default\": null}', 1);
INSERT INTO `datamodel_field` VALUES ('', 1, 0, 'admin', '2023-08-14 01:49:04', '', '2023-08-14 01:49:04', '33b495f76d73483da1fed45795f8f0ad', 'd1ae329b3b4941f19c9726c575579daf', '涨跌幅', '涨跌幅', NULL, '{}', 1);
INSERT INTO `datamodel_field` VALUES ('', 1, 0, 'admin', '2023-08-14 05:27:14', '', '2023-08-14 05:27:14', '370dcfa10cea4585a424192a92567099', 'a8d54fafdfdb45ee8f7e4ad0290a7ec0', 'result', 'result', NULL, '{\"type\": \"text\", \"length\": 0, \"is_primary_key\": 0, \"nullable\": 1, \"default\": \"\"}', 1);
INSERT INTO `datamodel_field` VALUES ('', 1, 0, 'admin', '2023-08-10 09:22:23', '', '2023-08-10 09:22:23', '39ef1f3e053c4d66b55cc22c98fbe443', 'ef08e65504584b5ca56eab765357e3d5', '任务进度', 'progress', NULL, '{\"type\": \"FLOAT\", \"length\": 0, \"is_primary_key\": false, \"nullable\": true, \"default\": null}', 1);
INSERT INTO `datamodel_field` VALUES ('', 1, 0, 'admin', '2023-08-10 09:22:23', '', '2023-08-10 09:22:23', '3b7e8097f27e4f68b8c349d013f76022', 'ef08e65504584b5ca56eab765357e3d5', '结束时间', 'end_time', NULL, '{\"type\": \"TIMESTAMP\", \"length\": 0, \"is_primary_key\": false, \"nullable\": true, \"default\": null}', 1);
INSERT INTO `datamodel_field` VALUES ('', 1, 0, 'admin', '2023-08-10 09:22:23', '', '2023-08-10 09:22:23', '3c34e8e20d194b93a6fe4cd78bb7932d', 'ef08e65504584b5ca56eab765357e3d5', '父任务id', 'parent_id', NULL, '{\"type\": \"VARCHAR\", \"length\": 36, \"is_primary_key\": false, \"nullable\": true, \"default\": null}', 1);
INSERT INTO `datamodel_field` VALUES ('', 1, 0, 'admin', '2023-08-14 01:49:10', 'admin', '2023-09-26 10:04:18', '3f50a2508291461988c2531e78826042', '00515964800442e687a7feaac3b2b281', 'volume', 'volume', NULL, '{}', 1);
INSERT INTO `datamodel_field` VALUES ('', 1, 0, 'admin', '2023-08-10 11:17:40', 'admin', '2023-08-10 11:28:35', '4230ca8908b14c898c70619fd4a09534', 'cfd5c302e6c142ce999566a588f000e5', '时间级别', 'timeframe', NULL, '{\"type\": \"VARCHAR\", \"length\": 50, \"is_primary_key\": false, \"nullable\": true, \"default\": null}', 1);
INSERT INTO `datamodel_field` VALUES ('', 1, 0, 'admin', '2023-08-10 09:22:23', '', '2023-08-10 09:22:23', '465644f0b09d44569aee305deb1899bd', 'ef08e65504584b5ca56eab765357e3d5', '执行结果', 'result', NULL, '{\"type\": \"TEXT COLLATE \\\"utf8mb4_general_ci\\\"\", \"length\": 0, \"is_primary_key\": false, \"nullable\": true, \"default\": null}', 1);
INSERT INTO `datamodel_field` VALUES ('', 1, 0, 'admin', '2023-08-14 05:27:14', '', '2023-08-14 05:27:14', '4eb3fb7582654fb99e4007ff50c4e564', 'a8d54fafdfdb45ee8f7e4ad0290a7ec0', 'end_time', 'end_time', NULL, '{\"type\": \"date\", \"length\": 0, \"is_primary_key\": 0, \"nullable\": 1, \"default\": \"\"}', 1);
INSERT INTO `datamodel_field` VALUES ('', 1, 0, 'admin', '2023-08-14 01:49:10', 'admin', '2023-09-26 10:04:17', '4facecf6262f4b789ce4a3abe77b6b8a', '00515964800442e687a7feaac3b2b281', 'symbol', 'symbol', NULL, '{}', 1);
INSERT INTO `datamodel_field` VALUES ('', 1, 0, 'admin', '2023-08-10 09:22:23', '', '2023-08-10 09:22:23', '530cffe524d3454686dba85837d5cae6', 'ef08e65504584b5ca56eab765357e3d5', '开始时间', 'start_time', NULL, '{\"type\": \"TIMESTAMP\", \"length\": 0, \"is_primary_key\": false, \"nullable\": true, \"default\": null}', 1);
INSERT INTO `datamodel_field` VALUES ('', 1, 0, 'admin', '2023-08-14 05:27:14', '', '2023-08-14 05:27:14', '5a9074dc854940d8b138fbe88bdf2e90', 'a8d54fafdfdb45ee8f7e4ad0290a7ec0', 'closed', 'closed', NULL, '{\"type\": \"long\", \"length\": 0, \"is_primary_key\": 0, \"nullable\": 1, \"default\": \"\"}', 1);
INSERT INTO `datamodel_field` VALUES ('', 1, 0, 'admin', '2023-08-10 09:22:23', '', '2023-08-10 09:22:23', '5bcd2912a1134cf4a5e6192e23621085', 'ef08e65504584b5ca56eab765357e3d5', '是否已关闭', 'closed', NULL, '{\"type\": \"SMALLINT\", \"length\": 0, \"is_primary_key\": false, \"nullable\": true, \"default\": null}', 1);
INSERT INTO `datamodel_field` VALUES ('', 1, 0, 'admin', '2023-08-14 05:27:14', '', '2023-08-14 05:27:14', '5e9a3f05cb664c83a669c68d221bcd16', 'a8d54fafdfdb45ee8f7e4ad0290a7ec0', 'parent_id', 'parent_id', NULL, '{\"type\": \"text\", \"length\": 0, \"is_primary_key\": 0, \"nullable\": 1, \"default\": \"\"}', 1);
INSERT INTO `datamodel_field` VALUES ('', 1, 0, 'admin', '2023-08-14 01:49:04', '', '2023-08-14 01:49:04', '660c224f9db14b28af1b7c3c6bebe150', 'd1ae329b3b4941f19c9726c575579daf', '交易量', '交易量', NULL, '{}', 1);
INSERT INTO `datamodel_field` VALUES ('', 1, 0, 'admin', '2023-08-14 05:27:14', '', '2023-08-14 05:27:14', '68a3476393974e529b125532938f3110', 'a8d54fafdfdb45ee8f7e4ad0290a7ec0', 'status', 'status', NULL, '{\"type\": \"text\", \"length\": 0, \"is_primary_key\": 0, \"nullable\": 1, \"default\": \"\"}', 1);
INSERT INTO `datamodel_field` VALUES ('', 1, 0, 'admin', '2023-08-14 05:27:14', '', '2023-08-14 05:27:14', '8bdeccb0b2fd4d11be620bf75f38af76', 'a8d54fafdfdb45ee8f7e4ad0290a7ec0', 'worker', 'worker', NULL, '{\"type\": \"text\", \"length\": 0, \"is_primary_key\": 0, \"nullable\": 1, \"default\": \"\"}', 1);
INSERT INTO `datamodel_field` VALUES ('', 1, 0, 'admin', '2023-08-14 01:49:10', 'admin', '2023-09-26 10:04:18', '9089cc30cdfe4640abd5283456a2e7f3', '00515964800442e687a7feaac3b2b281', 'low', 'low', NULL, '{}', 1);
INSERT INTO `datamodel_field` VALUES ('', 1, 0, 'admin', '2023-08-10 09:22:23', '', '2023-08-10 09:22:23', '96a95c0d4d05452dbec9bfba45b639a8', 'ef08e65504584b5ca56eab765357e3d5', '任务id', 'task_id', NULL, '{\"type\": \"VARCHAR\", \"length\": 36, \"is_primary_key\": false, \"nullable\": true, \"default\": null}', 1);
INSERT INTO `datamodel_field` VALUES ('', 1, 0, 'admin', '2023-08-10 09:22:23', '', '2023-08-10 09:22:23', '97143061fe204cfe906dc05a4cf9881d', 'ef08e65504584b5ca56eab765357e3d5', 'id', 'id', NULL, '{\"type\": \"VARCHAR\", \"length\": 36, \"is_primary_key\": true, \"nullable\": false, \"default\": null}', 1);
INSERT INTO `datamodel_field` VALUES ('', 1, 0, 'admin', '2023-08-14 05:27:14', '', '2023-08-14 05:27:14', '9eebc1f2a0b5455aa23b467d9f185536', 'a8d54fafdfdb45ee8f7e4ad0290a7ec0', 'start_time', 'start_time', NULL, '{\"type\": \"date\", \"length\": 0, \"is_primary_key\": 0, \"nullable\": 1, \"default\": \"\"}', 1);
INSERT INTO `datamodel_field` VALUES ('', 1, 0, 'admin', '2023-08-10 11:17:40', 'admin', '2023-08-10 11:28:35', 'a37adb8103a147e89c4cfe7159a196e3', 'cfd5c302e6c142ce999566a588f000e5', '时间', 'time', NULL, '{\"type\": \"DATETIME\", \"length\": 0, \"is_primary_key\": false, \"nullable\": true, \"default\": null}', 1);
INSERT INTO `datamodel_field` VALUES ('', 1, 0, 'admin', '2023-08-14 01:49:04', '', '2023-08-14 01:49:04', 'ad42aaef511b40798d8cc98a9cfeaa4c', 'd1ae329b3b4941f19c9726c575579daf', '收盘', '收盘', NULL, '{}', 1);
INSERT INTO `datamodel_field` VALUES ('', 1, 0, 'admin', '2023-08-10 11:17:40', 'admin', '2023-08-10 11:18:54', 'b46eada9aaee416297aa3c7d7c8dbfff', 'cfd5c302e6c142ce999566a588f000e5', '收盘价', 'close', NULL, '{\"type\": \"FLOAT\", \"length\": 0, \"is_primary_key\": false, \"nullable\": true, \"default\": null}', 1);
INSERT INTO `datamodel_field` VALUES ('', 1, 0, 'admin', '2023-08-14 05:27:14', '', '2023-08-14 05:27:14', 'b47348f2e7d240feb954b6596f8cd5dd', 'a8d54fafdfdb45ee8f7e4ad0290a7ec0', 'progress', 'progress', NULL, '{\"type\": \"float\", \"length\": 0, \"is_primary_key\": 0, \"nullable\": 1, \"default\": \"\"}', 1);
INSERT INTO `datamodel_field` VALUES ('', 1, 0, 'admin', '2023-08-14 01:49:04', '', '2023-08-14 01:49:04', 'b99f7c5f9f814b96af0b1b230933dea8', 'd1ae329b3b4941f19c9726c575579daf', '高', '高', NULL, '{}', 1);
INSERT INTO `datamodel_field` VALUES ('', 1, 0, 'admin', '2023-08-14 05:27:14', '', '2023-08-14 05:27:14', 'c64030b0d5434ff880299337624f8778', 'a8d54fafdfdb45ee8f7e4ad0290a7ec0', 'node_id', 'node_id', NULL, '{\"type\": \"text\", \"length\": 0, \"is_primary_key\": 0, \"nullable\": 1, \"default\": \"\"}', 1);
INSERT INTO `datamodel_field` VALUES ('', 1, 0, 'admin', '2023-08-14 01:49:04', '', '2023-08-14 01:49:04', 'd3c7b241dfc9475cb08c0574691735ae', 'd1ae329b3b4941f19c9726c575579daf', '开盘', '开盘', NULL, '{}', 1);
INSERT INTO `datamodel_field` VALUES ('', 1, 0, 'admin', '2023-08-14 01:49:04', '', '2023-08-14 01:49:04', 'd3f74b76e7ef4c19b8e2868b25725d6c', 'd1ae329b3b4941f19c9726c575579daf', '日期', '日期', NULL, '{}', 1);
INSERT INTO `datamodel_field` VALUES ('', 1, 0, 'admin', '2023-08-10 09:22:23', '', '2023-08-10 09:22:23', 'e06dec92c569439ebd881fb8935a3f09', 'ef08e65504584b5ca56eab765357e3d5', '状态', 'status', NULL, '{\"type\": \"VARCHAR\", \"length\": 50, \"is_primary_key\": false, \"nullable\": true, \"default\": null}', 1);
INSERT INTO `datamodel_field` VALUES ('', 1, 0, 'admin', '2023-08-14 01:49:10', 'admin', '2023-09-26 10:04:18', 'e0dff45aedee43f582ac49b35acf62d6', '00515964800442e687a7feaac3b2b281', 'close', 'close', NULL, '{}', 1);
INSERT INTO `datamodel_field` VALUES ('', 1, 0, 'admin', '2023-08-10 09:22:23', '', '2023-08-10 09:22:23', 'e862981198f74df58f6f1df94d9887e8', 'ef08e65504584b5ca56eab765357e3d5', '运行节点', 'worker', NULL, '{\"type\": \"VARCHAR\", \"length\": 200, \"is_primary_key\": false, \"nullable\": true, \"default\": null}', 1);
INSERT INTO `datamodel_field` VALUES ('', 1, 0, 'admin', '2023-08-10 11:17:40', 'admin', '2023-08-10 11:18:54', 'f3eadf74b5574bbf820258fe8891729f', 'cfd5c302e6c142ce999566a588f000e5', '最高价', 'high', NULL, '{\"type\": \"FLOAT\", \"length\": 0, \"is_primary_key\": false, \"nullable\": true, \"default\": null}', 1);
INSERT INTO `datamodel_field` VALUES ('', 1, 0, 'admin', '2023-08-10 11:17:40', 'admin', '2023-08-10 11:18:54', 'f40c68b85cdc4960a76da36f8410237b', 'cfd5c302e6c142ce999566a588f000e5', '交易量', 'volume', NULL, '{\"type\": \"FLOAT\", \"length\": 0, \"is_primary_key\": false, \"nullable\": true, \"default\": null}', 1);
INSERT INTO `datamodel_field` VALUES ('', 1, 0, 'admin', '2023-08-14 05:27:14', '', '2023-08-14 05:27:14', 'f465b8edfc524bf597029976889a5a98', 'a8d54fafdfdb45ee8f7e4ad0290a7ec0', 'retry_num', 'retry_num', NULL, '{\"type\": \"long\", \"length\": 0, \"is_primary_key\": 0, \"nullable\": 1, \"default\": \"\"}', 1);
INSERT INTO `datamodel_field` VALUES ('', 1, 0, 'admin', '2023-08-10 11:16:25', 'admin', '2023-08-10 11:28:35', 'f81395e452ed4b839dae21d47c06ec61', 'cfd5c302e6c142ce999566a588f000e5', 'ID', 'id', NULL, '{\"type\": \"VARCHAR\", \"length\": 36, \"is_primary_key\": true, \"nullable\": false, \"default\": null}', 1);
INSERT INTO `datamodel_field` VALUES ('', 1, 0, 'admin', '2023-08-14 01:49:10', 'admin', '2023-09-26 10:04:17', 'fedf8b5b79034b0f9b09b2fde7363475', '00515964800442e687a7feaac3b2b281', 'timeframe', 'timeframe', NULL, '{}', 1);
COMMIT;

-- ----------------------------
-- Table structure for datasource
-- ----------------------------
DROP TABLE IF EXISTS `datasource`;
CREATE TABLE `datasource` (
  `description` text CHARACTER SET utf8mb4 COLLATE utf8mb4_general_ci COMMENT '简介',
  `sort_no` float DEFAULT NULL COMMENT '排序',
  `del_flag` smallint DEFAULT NULL COMMENT '软删除标记',
  `create_by` varchar(100) CHARACTER SET utf8mb4 COLLATE utf8mb4_general_ci DEFAULT NULL COMMENT '创建者',
  `create_time` timestamp NULL DEFAULT CURRENT_TIMESTAMP COMMENT '创建时间',
  `update_by` varchar(100) CHARACTER SET utf8mb4 COLLATE utf8mb4_general_ci DEFAULT NULL COMMENT '修改者',
  `update_time` timestamp NULL DEFAULT CURRENT_TIMESTAMP ON UPDATE CURRENT_TIMESTAMP COMMENT '修改时间',
  `id` varchar(36) CHARACTER SET utf8mb4 COLLATE utf8mb4_general_ci NOT NULL COMMENT 'ID',
  `name` varchar(200) CHARACTER SET utf8mb4 COLLATE utf8mb4_general_ci NOT NULL COMMENT '名称',
  `type` varchar(200) CHARACTER SET utf8mb4 COLLATE utf8mb4_general_ci NOT NULL COMMENT '类型',
  `conn_conf` text CHARACTER SET utf8mb4 COLLATE utf8mb4_general_ci NOT NULL COMMENT '连接配置',
  `status` int DEFAULT NULL COMMENT '状态',
  `ext_params` text CHARACTER SET utf8mb4 COLLATE utf8mb4_general_ci COMMENT '额外参数',
  PRIMARY KEY (`id`)
) ENGINE=InnoDB DEFAULT CHARSET=utf8mb4 COLLATE=utf8mb4_general_ci;

-- ----------------------------
-- Records of datasource
-- ----------------------------
BEGIN;
INSERT INTO `datasource` VALUES ('私有-分布式云存储', 1, 0, 'admin', '2023-09-13 05:33:32', 'admin', '2023-09-24 09:47:59', '0106d78d22a74df59c6f6b44f2caa843', 'minio_db', 'minio', '{\n  \"username\": \"minio\",\n  \"password\": \"ezdata123\",\n  \"bucket\": \"ezdata\",\n  \"url\": \"110.40.157.36:9000\"\n}', 1, '{}');
INSERT INTO `datasource` VALUES ('', 1, 0, 'admin', '2023-09-16 07:12:38', '', '2023-09-16 07:12:38', '10a0f8f11faa41968f5e75ee5afce4e7', '系统es', 'elasticsearch', '{\n  \"auth_type\": 2,\n  \"url\": \"110.40.157.36:9200\",\n  \"username\": \"elastic\",\n  \"password\": \"ezdata123\"\n}', 1, '{}');
INSERT INTO `datasource` VALUES ('', 1, 0, 'admin', '2023-09-19 15:09:52', 'admin', '2023-09-19 15:20:46', '23cb455d6d6b46bc9b4772b2ccbc8b99', 'redis', 'redis', '{\n  \"host\": \"110.40.157.36\",\n  \"port\": 6379,\n  \"password\": \"ezdata123\",\n  \"db\": 2\n}', 1, '{}');
INSERT INTO `datasource` VALUES ('', 1, 1, 'admin', '2023-08-10 07:38:50', 'admin', '2023-09-14 00:36:55', '7ef3a3fcbcf840bb8fd0f50cef3a3f88', '系统es', 'elasticsearch', '{\n  \"username\": \"elastic\",\n  \"password\": \"ezdata123\",\n  \"auth_type\": 2,\n  \"url\": \"10.0.16.14:9200\"\n}', 1, '{}');
INSERT INTO `datasource` VALUES ('', 1, 0, 'admin', '2023-08-10 07:33:36', 'admin', '2023-08-10 07:36:13', 'ad041e2a154a4d10bd21e29292ce9b1c', '本地文件示例', 'file', '{\n  \"path\": \"examples/btc_history_target.csv\"\n}', 1, '{}');
INSERT INTO `datasource` VALUES ('', 1, 0, 'admin', '2023-08-10 07:31:27', 'admin', '2023-08-10 07:49:59', 'd018f252ef6740e89e387d32de4c412f', '网络文件示例', 'file', '{\n  \"path\": \"http://127.0.0.1:8002/static/btc_history.csv\"\n}', 1, '{}');
INSERT INTO `datasource` VALUES ('腾讯云(华东区)-上海', 1, 0, 'admin', '2023-08-10 07:40:59', 'admin', '2023-09-14 00:41:03', 'd82d42fa1b8f4f43aff74d8c9c5254d4', 'mysql_tencent_db', 'mysql', '{\n  \"host\": \"10.0.16.14\",\n  \"port\": 3306,\n  \"username\": \"root\",\n  \"password\": \"ezdata123\",\n  \"database_name\": \"test\"\n}', 1, '{}');
INSERT INTO `datasource` VALUES ('localhost:3306', 1, 0, 'admin', '2023-08-10 07:38:11', 'admin', '2023-09-14 00:41:22', 'fdf0938c7d5a44eca94ba093cc8be6c8', '系统mysql', 'mysql', '{\n  \"host\": \"10.0.16.14\",\n  \"port\": 3306,\n  \"username\": \"root\",\n  \"password\": \"ezdata123\",\n  \"database_name\": \"ezdata\"\n}', 1, '{}');
COMMIT;

-- ----------------------------
-- Table structure for screen_project
-- ----------------------------
DROP TABLE IF EXISTS `screen_project`;
CREATE TABLE `screen_project` (
  `id` varchar(36) CHARACTER SET utf8mb4 COLLATE utf8mb4_general_ci NOT NULL COMMENT 'id主键',
  `description` text CHARACTER SET utf8mb4 COLLATE utf8mb4_general_ci COMMENT '简介',
  `sort_no` float DEFAULT NULL COMMENT '排序',
  `del_flag` smallint DEFAULT NULL COMMENT '软删除标记',
  `create_by` varchar(100) CHARACTER SET utf8mb4 COLLATE utf8mb4_general_ci DEFAULT NULL COMMENT '创建者',
  `create_time` timestamp NULL DEFAULT CURRENT_TIMESTAMP COMMENT '创建时间',
  `update_by` varchar(100) CHARACTER SET utf8mb4 COLLATE utf8mb4_general_ci DEFAULT NULL COMMENT '修改者',
  `update_time` timestamp NULL DEFAULT CURRENT_TIMESTAMP ON UPDATE CURRENT_TIMESTAMP COMMENT '修改时间',
  `project_name` varchar(255) CHARACTER SET utf8mb4 COLLATE utf8mb4_general_ci DEFAULT NULL COMMENT '项目名称',
  `index_image` varchar(255) CHARACTER SET utf8mb4 COLLATE utf8mb4_general_ci DEFAULT NULL COMMENT '首页图片',
  `remarks` varchar(255) CHARACTER SET utf8mb4 COLLATE utf8mb4_general_ci DEFAULT NULL COMMENT '项目介绍',
  `state` smallint DEFAULT NULL COMMENT '项目状态[-1未发布,1发布]',
  `content` longtext CHARACTER SET utf8mb4 COLLATE utf8mb4_general_ci COMMENT '项目介绍',
  PRIMARY KEY (`id`)
) ENGINE=InnoDB DEFAULT CHARSET=utf8mb4 COLLATE=utf8mb4_general_ci;

-- ----------------------------
-- Records of screen_project
-- ----------------------------
BEGIN;
INSERT INTO `screen_project` VALUES ('21a68d3682d74d7b9c7070e5788716e4', '', 1, 0, 'admin', '2023-10-12 01:57:00', 'admin', '2023-10-12 01:58:01', '2awyhpcqdezo00', 'http://110.40.157.36:9000/ezdata/21a68d3682d74d7b9c7070e5788716e4_index_preview.png', '', 1, '{\r\n  \"editCanvasConfig\": {\r\n    \"projectName\": \"2awyhpcqdezo00\",\r\n    \"width\": 1920,\r\n    \"height\": 1080,\r\n    \"filterShow\": false,\r\n    \"hueRotate\": 0,\r\n    \"saturate\": 1,\r\n    \"contrast\": 1,\r\n    \"brightness\": 1,\r\n    \"opacity\": 1,\r\n    \"rotateZ\": 0,\r\n    \"rotateX\": 0,\r\n    \"rotateY\": 0,\r\n    \"skewX\": 0,\r\n    \"skewY\": 0,\r\n    \"blendMode\": \"normal\",\r\n    \"background\": null,\r\n    \"backgroundImage\": null,\r\n    \"selectColor\": true,\r\n    \"chartThemeColor\": \"dark\",\r\n    \"chartCustomThemeColorInfo\": null,\r\n    \"chartThemeSetting\": {\r\n      \"title\": {\r\n        \"show\": true,\r\n        \"textStyle\": {\r\n          \"color\": \"#BFBFBF\",\r\n          \"fontSize\": 18\r\n        },\r\n        \"subtextStyle\": {\r\n          \"color\": \"#A2A2A2\",\r\n          \"fontSize\": 14\r\n        }\r\n      },\r\n      \"xAxis\": {\r\n        \"show\": true,\r\n        \"name\": \"\",\r\n        \"nameGap\": 15,\r\n        \"nameTextStyle\": {\r\n          \"color\": \"#B9B8CE\",\r\n          \"fontSize\": 12\r\n        },\r\n        \"inverse\": false,\r\n        \"axisLabel\": {\r\n          \"show\": true,\r\n          \"fontSize\": 12,\r\n          \"color\": \"#B9B8CE\",\r\n          \"rotate\": 0\r\n        },\r\n        \"position\": \"bottom\",\r\n        \"axisLine\": {\r\n          \"show\": true,\r\n          \"lineStyle\": {\r\n            \"color\": \"#B9B8CE\",\r\n            \"width\": 1\r\n          },\r\n          \"onZero\": true\r\n        },\r\n        \"axisTick\": {\r\n          \"show\": true,\r\n          \"length\": 5\r\n        },\r\n        \"splitLine\": {\r\n          \"show\": false,\r\n          \"lineStyle\": {\r\n            \"color\": \"#484753\",\r\n            \"width\": 1,\r\n            \"type\": \"solid\"\r\n          }\r\n        }\r\n      },\r\n      \"yAxis\": {\r\n        \"show\": true,\r\n        \"name\": \"\",\r\n        \"nameGap\": 15,\r\n        \"nameTextStyle\": {\r\n          \"color\": \"#B9B8CE\",\r\n          \"fontSize\": 12\r\n        },\r\n        \"inverse\": false,\r\n        \"axisLabel\": {\r\n          \"show\": true,\r\n          \"fontSize\": 12,\r\n          \"color\": \"#B9B8CE\",\r\n          \"rotate\": 0\r\n        },\r\n        \"position\": \"left\",\r\n        \"axisLine\": {\r\n          \"show\": true,\r\n          \"lineStyle\": {\r\n            \"color\": \"#B9B8CE\",\r\n            \"width\": 1\r\n          },\r\n          \"onZero\": true\r\n        },\r\n        \"axisTick\": {\r\n          \"show\": true,\r\n          \"length\": 5\r\n        },\r\n        \"splitLine\": {\r\n          \"show\": true,\r\n          \"lineStyle\": {\r\n            \"color\": \"#484753\",\r\n            \"width\": 1,\r\n            \"type\": \"solid\"\r\n          }\r\n        }\r\n      },\r\n      \"legend\": {\r\n        \"show\": true,\r\n        \"type\": \"scroll\",\r\n        \"x\": \"center\",\r\n        \"y\": \"top\",\r\n        \"icon\": \"circle\",\r\n        \"orient\": \"horizontal\",\r\n        \"textStyle\": {\r\n          \"color\": \"#B9B8CE\",\r\n          \"fontSize\": 18\r\n        },\r\n        \"itemHeight\": 15,\r\n        \"itemWidth\": 15,\r\n        \"pageTextStyle\": {\r\n          \"color\": \"#B9B8CE\"\r\n        }\r\n      },\r\n      \"grid\": {\r\n        \"show\": false,\r\n        \"left\": \"10%\",\r\n        \"top\": \"60\",\r\n        \"right\": \"10%\",\r\n        \"bottom\": \"60\"\r\n      },\r\n      \"dataset\": null,\r\n      \"renderer\": \"svg\"\r\n    },\r\n    \"previewScaleType\": \"fit\"\r\n  },\r\n  \"componentList\": [\r\n    {\r\n      \"id\": \"1tqx6yo8z1cw00\",\r\n      \"isGroup\": false,\r\n      \"attr\": {\r\n        \"x\": -124,\r\n        \"y\": -5,\r\n        \"w\": 500,\r\n        \"h\": 300,\r\n        \"offsetX\": 0,\r\n        \"offsetY\": 0,\r\n        \"zIndex\": -1\r\n      },\r\n      \"styles\": {\r\n        \"filterShow\": false,\r\n        \"hueRotate\": 0,\r\n        \"saturate\": 1,\r\n        \"contrast\": 1,\r\n        \"brightness\": 1,\r\n        \"opacity\": 1,\r\n        \"rotateZ\": 0,\r\n        \"rotateX\": 0,\r\n        \"rotateY\": 0,\r\n        \"skewX\": 0,\r\n        \"skewY\": 0,\r\n        \"blendMode\": \"normal\",\r\n        \"animations\": []\r\n      },\r\n      \"preview\": {\r\n        \"overFlowHidden\": false\r\n      },\r\n      \"status\": {\r\n        \"lock\": false,\r\n        \"hide\": false\r\n      },\r\n      \"request\": {\r\n        \"requestDataType\": 0,\r\n        \"requestHttpType\": \"get\",\r\n        \"requestUrl\": \"\",\r\n        \"requestInterval\": null,\r\n        \"requestIntervalUnit\": \"second\",\r\n        \"requestContentType\": 0,\r\n        \"requestParamsBodyType\": \"none\",\r\n        \"requestSQLContent\": {\r\n          \"sql\": \"select * from  where\"\r\n        },\r\n        \"requestParams\": {\r\n          \"Body\": {\r\n            \"form-data\": {},\r\n            \"x-www-form-urlencoded\": {},\r\n            \"json\": \"\",\r\n            \"xml\": \"\"\r\n          },\r\n          \"Header\": {},\r\n          \"Params\": {}\r\n        }\r\n      },\r\n      \"filter\": null,\r\n      \"events\": {\r\n        \"baseEvent\": {\r\n          \"click\": null,\r\n          \"dblclick\": null,\r\n          \"mouseenter\": null,\r\n          \"mouseleave\": null\r\n        },\r\n        \"advancedEvents\": {\r\n          \"vnodeMounted\": null,\r\n          \"vnodeBeforeMount\": null\r\n        },\r\n        \"interactEvents\": []\r\n      },\r\n      \"key\": \"BarCommon\",\r\n      \"chartConfig\": {\r\n        \"key\": \"BarCommon\",\r\n        \"chartKey\": \"VBarCommon\",\r\n        \"conKey\": \"VCBarCommon\",\r\n        \"title\": \"柱状图\",\r\n        \"category\": \"Bars\",\r\n        \"categoryName\": \"柱状图\",\r\n        \"package\": \"Charts\",\r\n        \"chartFrame\": \"echarts\",\r\n        \"image\": \"bar_x.png\"\r\n      },\r\n      \"option\": {\r\n        \"legend\": {\r\n          \"show\": true,\r\n          \"type\": \"scroll\",\r\n          \"x\": \"center\",\r\n          \"y\": \"top\",\r\n          \"icon\": \"circle\",\r\n          \"orient\": \"horizontal\",\r\n          \"textStyle\": {\r\n            \"color\": \"#B9B8CE\",\r\n            \"fontSize\": 18\r\n          },\r\n          \"itemHeight\": 15,\r\n          \"itemWidth\": 15,\r\n          \"pageTextStyle\": {\r\n            \"color\": \"#B9B8CE\"\r\n          }\r\n        },\r\n        \"xAxis\": {\r\n          \"show\": true,\r\n          \"name\": \"\",\r\n          \"nameGap\": 15,\r\n          \"nameTextStyle\": {\r\n            \"color\": \"#B9B8CE\",\r\n            \"fontSize\": 12\r\n          },\r\n          \"inverse\": false,\r\n          \"axisLabel\": {\r\n            \"show\": true,\r\n            \"fontSize\": 12,\r\n            \"color\": \"#B9B8CE\",\r\n            \"rotate\": 0\r\n          },\r\n          \"position\": \"bottom\",\r\n          \"axisLine\": {\r\n            \"show\": true,\r\n            \"lineStyle\": {\r\n              \"color\": \"#B9B8CE\",\r\n              \"width\": 1\r\n            },\r\n            \"onZero\": true\r\n          },\r\n          \"axisTick\": {\r\n            \"show\": true,\r\n            \"length\": 5\r\n          },\r\n          \"splitLine\": {\r\n            \"show\": false,\r\n            \"lineStyle\": {\r\n              \"color\": \"#484753\",\r\n              \"width\": 1,\r\n              \"type\": \"solid\"\r\n            }\r\n          },\r\n          \"type\": \"category\"\r\n        },\r\n        \"yAxis\": {\r\n          \"show\": true,\r\n          \"name\": \"\",\r\n          \"nameGap\": 15,\r\n          \"nameTextStyle\": {\r\n            \"color\": \"#B9B8CE\",\r\n            \"fontSize\": 12\r\n          },\r\n          \"inverse\": false,\r\n          \"axisLabel\": {\r\n            \"show\": true,\r\n            \"fontSize\": 12,\r\n            \"color\": \"#B9B8CE\",\r\n            \"rotate\": 0\r\n          },\r\n          \"position\": \"left\",\r\n          \"axisLine\": {\r\n            \"show\": true,\r\n            \"lineStyle\": {\r\n              \"color\": \"#B9B8CE\",\r\n              \"width\": 1\r\n            },\r\n            \"onZero\": true\r\n          },\r\n          \"axisTick\": {\r\n            \"show\": true,\r\n            \"length\": 5\r\n          },\r\n          \"splitLine\": {\r\n            \"show\": true,\r\n            \"lineStyle\": {\r\n              \"color\": \"#484753\",\r\n              \"width\": 1,\r\n              \"type\": \"solid\"\r\n            }\r\n          },\r\n          \"type\": \"value\"\r\n        },\r\n        \"grid\": {\r\n          \"show\": false,\r\n          \"left\": \"10%\",\r\n          \"top\": \"60\",\r\n          \"right\": \"10%\",\r\n          \"bottom\": \"60\"\r\n        },\r\n        \"tooltip\": {\r\n          \"show\": true,\r\n          \"trigger\": \"axis\",\r\n          \"axisPointer\": {\r\n            \"show\": true,\r\n            \"type\": \"shadow\"\r\n          }\r\n        },\r\n        \"dataset\": {\r\n          \"dimensions\": [\r\n            \"product\",\r\n            \"data1\",\r\n            \"data2\"\r\n          ],\r\n          \"source\": [\r\n            {\r\n              \"product\": \"Mon\",\r\n              \"data1\": 120,\r\n              \"data2\": 130\r\n            },\r\n            {\r\n              \"product\": \"Tue\",\r\n              \"data1\": 200,\r\n              \"data2\": 130\r\n            },\r\n            {\r\n              \"product\": \"Wed\",\r\n              \"data1\": 150,\r\n              \"data2\": 312\r\n            },\r\n            {\r\n              \"product\": \"Thu\",\r\n              \"data1\": 80,\r\n              \"data2\": 268\r\n            },\r\n            {\r\n              \"product\": \"Fri\",\r\n              \"data1\": 70,\r\n              \"data2\": 155\r\n            },\r\n            {\r\n              \"product\": \"Sat\",\r\n              \"data1\": 110,\r\n              \"data2\": 117\r\n            },\r\n            {\r\n              \"product\": \"Sun\",\r\n              \"data1\": 130,\r\n              \"data2\": 160\r\n            }\r\n          ]\r\n        },\r\n        \"series\": [\r\n          {\r\n            \"type\": \"bar\",\r\n            \"barWidth\": 15,\r\n            \"label\": {\r\n              \"show\": true,\r\n              \"position\": \"top\",\r\n              \"color\": \"#fff\",\r\n              \"fontSize\": 12\r\n            },\r\n            \"itemStyle\": {\r\n              \"color\": null,\r\n              \"borderRadius\": 2\r\n            }\r\n          },\r\n          {\r\n            \"type\": \"bar\",\r\n            \"barWidth\": 15,\r\n            \"label\": {\r\n              \"show\": true,\r\n              \"position\": \"top\",\r\n              \"color\": \"#fff\",\r\n              \"fontSize\": 12\r\n            },\r\n            \"itemStyle\": {\r\n              \"color\": null,\r\n              \"borderRadius\": 2\r\n            }\r\n          }\r\n        ],\r\n        \"backgroundColor\": \"rgba(0,0,0,0)\"\r\n      }\r\n    },\r\n    {\r\n      \"id\": \"1ac3w7jqft3400\",\r\n      \"isGroup\": false,\r\n      \"attr\": {\r\n        \"x\": 460,\r\n        \"y\": 5,\r\n        \"w\": 500,\r\n        \"h\": 300,\r\n        \"offsetX\": 0,\r\n        \"offsetY\": 0,\r\n        \"zIndex\": -1\r\n      },\r\n      \"styles\": {\r\n        \"filterShow\": false,\r\n        \"hueRotate\": 0,\r\n        \"saturate\": 1,\r\n        \"contrast\": 1,\r\n        \"brightness\": 1,\r\n        \"opacity\": 1,\r\n        \"rotateZ\": 0,\r\n        \"rotateX\": 0,\r\n        \"rotateY\": 0,\r\n        \"skewX\": 0,\r\n        \"skewY\": 0,\r\n        \"blendMode\": \"normal\",\r\n        \"animations\": []\r\n      },\r\n      \"preview\": {\r\n        \"overFlowHidden\": false\r\n      },\r\n      \"status\": {\r\n        \"lock\": false,\r\n        \"hide\": false\r\n      },\r\n      \"request\": {\r\n        \"requestDataType\": 0,\r\n        \"requestHttpType\": \"get\",\r\n        \"requestUrl\": \"\",\r\n        \"requestInterval\": null,\r\n        \"requestIntervalUnit\": \"second\",\r\n        \"requestContentType\": 0,\r\n        \"requestParamsBodyType\": \"none\",\r\n        \"requestSQLContent\": {\r\n          \"sql\": \"select * from  where\"\r\n        },\r\n        \"requestParams\": {\r\n          \"Body\": {\r\n            \"form-data\": {},\r\n            \"x-www-form-urlencoded\": {},\r\n            \"json\": \"\",\r\n            \"xml\": \"\"\r\n          },\r\n          \"Header\": {},\r\n          \"Params\": {}\r\n        }\r\n      },\r\n      \"filter\": null,\r\n      \"events\": {\r\n        \"baseEvent\": {\r\n          \"click\": null,\r\n          \"dblclick\": null,\r\n          \"mouseenter\": null,\r\n          \"mouseleave\": null\r\n        },\r\n        \"advancedEvents\": {\r\n          \"vnodeMounted\": null,\r\n          \"vnodeBeforeMount\": null\r\n        },\r\n        \"interactEvents\": []\r\n      },\r\n      \"key\": \"BarCrossrange\",\r\n      \"chartConfig\": {\r\n        \"key\": \"BarCrossrange\",\r\n        \"chartKey\": \"VBarCrossrange\",\r\n        \"conKey\": \"VCBarCrossrange\",\r\n        \"title\": \"横向柱状图\",\r\n        \"category\": \"Bars\",\r\n        \"categoryName\": \"柱状图\",\r\n        \"package\": \"Charts\",\r\n        \"chartFrame\": \"echarts\",\r\n        \"image\": \"bar_y.png\"\r\n      },\r\n      \"option\": {\r\n        \"legend\": {\r\n          \"show\": true,\r\n          \"type\": \"scroll\",\r\n          \"x\": \"center\",\r\n          \"y\": \"top\",\r\n          \"icon\": \"circle\",\r\n          \"orient\": \"horizontal\",\r\n          \"textStyle\": {\r\n            \"color\": \"#B9B8CE\",\r\n            \"fontSize\": 18\r\n          },\r\n          \"itemHeight\": 15,\r\n          \"itemWidth\": 15,\r\n          \"pageTextStyle\": {\r\n            \"color\": \"#B9B8CE\"\r\n          }\r\n        },\r\n        \"xAxis\": {\r\n          \"show\": true,\r\n          \"name\": \"\",\r\n          \"nameGap\": 15,\r\n          \"nameTextStyle\": {\r\n            \"color\": \"#B9B8CE\",\r\n            \"fontSize\": 12\r\n          },\r\n          \"inverse\": false,\r\n          \"axisLabel\": {\r\n            \"show\": true,\r\n            \"fontSize\": 12,\r\n            \"color\": \"#B9B8CE\",\r\n            \"rotate\": 0\r\n          },\r\n          \"position\": \"bottom\",\r\n          \"axisLine\": {\r\n            \"show\": true,\r\n            \"lineStyle\": {\r\n              \"color\": \"#B9B8CE\",\r\n              \"width\": 1\r\n            },\r\n            \"onZero\": true\r\n          },\r\n          \"axisTick\": {\r\n            \"show\": true,\r\n            \"length\": 5\r\n          },\r\n          \"splitLine\": {\r\n            \"show\": false,\r\n            \"lineStyle\": {\r\n              \"color\": \"#484753\",\r\n              \"width\": 1,\r\n              \"type\": \"solid\"\r\n            }\r\n          },\r\n          \"type\": \"value\"\r\n        },\r\n        \"yAxis\": {\r\n          \"show\": true,\r\n          \"name\": \"\",\r\n          \"nameGap\": 15,\r\n          \"nameTextStyle\": {\r\n            \"color\": \"#B9B8CE\",\r\n            \"fontSize\": 12\r\n          },\r\n          \"inverse\": false,\r\n          \"axisLabel\": {\r\n            \"show\": true,\r\n            \"fontSize\": 12,\r\n            \"color\": \"#B9B8CE\",\r\n            \"rotate\": 0\r\n          },\r\n          \"position\": \"left\",\r\n          \"axisLine\": {\r\n            \"show\": true,\r\n            \"lineStyle\": {\r\n              \"color\": \"#B9B8CE\",\r\n              \"width\": 1\r\n            },\r\n            \"onZero\": true\r\n          },\r\n          \"axisTick\": {\r\n            \"show\": true,\r\n            \"length\": 5\r\n          },\r\n          \"splitLine\": {\r\n            \"show\": true,\r\n            \"lineStyle\": {\r\n              \"color\": \"#484753\",\r\n              \"width\": 1,\r\n              \"type\": \"solid\"\r\n            }\r\n          },\r\n          \"type\": \"category\"\r\n        },\r\n        \"grid\": {\r\n          \"show\": false,\r\n          \"left\": \"10%\",\r\n          \"top\": \"60\",\r\n          \"right\": \"10%\",\r\n          \"bottom\": \"60\"\r\n        },\r\n        \"tooltip\": {\r\n          \"show\": true,\r\n          \"trigger\": \"axis\",\r\n          \"axisPointer\": {\r\n            \"show\": true,\r\n            \"type\": \"shadow\"\r\n          }\r\n        },\r\n        \"dataset\": {\r\n          \"dimensions\": [\r\n            \"product\",\r\n            \"data1\",\r\n            \"data2\"\r\n          ],\r\n          \"source\": [\r\n            {\r\n              \"product\": \"Mon\",\r\n              \"data1\": 120,\r\n              \"data2\": 130\r\n            },\r\n            {\r\n              \"product\": \"Tue\",\r\n              \"data1\": 200,\r\n              \"data2\": 130\r\n            },\r\n            {\r\n              \"product\": \"Wed\",\r\n              \"data1\": 150,\r\n              \"data2\": 312\r\n            },\r\n            {\r\n              \"product\": \"Thu\",\r\n              \"data1\": 80,\r\n              \"data2\": 268\r\n            },\r\n            {\r\n              \"product\": \"Fri\",\r\n              \"data1\": 70,\r\n              \"data2\": 155\r\n            },\r\n            {\r\n              \"product\": \"Sat\",\r\n              \"data1\": 110,\r\n              \"data2\": 117\r\n            },\r\n            {\r\n              \"product\": \"Sun\",\r\n              \"data1\": 130,\r\n              \"data2\": 160\r\n            }\r\n          ]\r\n        },\r\n        \"series\": [\r\n          {\r\n            \"type\": \"bar\",\r\n            \"barWidth\": null,\r\n            \"label\": {\r\n              \"show\": true,\r\n              \"position\": \"right\",\r\n              \"color\": \"#fff\",\r\n              \"fontSize\": 12\r\n            },\r\n            \"itemStyle\": {\r\n              \"color\": null,\r\n              \"borderRadius\": 0\r\n            }\r\n          },\r\n          {\r\n            \"type\": \"bar\",\r\n            \"barWidth\": null,\r\n            \"label\": {\r\n              \"show\": true,\r\n              \"position\": \"right\",\r\n              \"color\": \"#fff\",\r\n              \"fontSize\": 12\r\n            },\r\n            \"itemStyle\": {\r\n              \"color\": null,\r\n              \"borderRadius\": 0\r\n            }\r\n          }\r\n        ],\r\n        \"backgroundColor\": \"rgba(0,0,0,0)\"\r\n      }\r\n    }\r\n  ],\r\n  \"requestGlobalConfig\": {\r\n    \"requestDataPond\": [],\r\n    \"requestOriginUrl\": \"\",\r\n    \"requestInterval\": 30,\r\n    \"requestIntervalUnit\": \"second\",\r\n    \"requestParams\": {\r\n      \"Body\": {\r\n        \"form-data\": {},\r\n        \"x-www-form-urlencoded\": {},\r\n        \"json\": \"\",\r\n        \"xml\": \"\"\r\n      },\r\n      \"Header\": {},\r\n      \"Params\": {}\r\n    }\r\n  }\r\n}');
INSERT INTO `screen_project` VALUES ('220170cd5191483aaab23efe40cc4bb1', '', 1, 0, 'admin', '2023-10-09 09:12:21', '', '2023-10-09 09:12:21', '45tj90namuc000', '', '', -1, '{}');
INSERT INTO `screen_project` VALUES ('338b4fceca494d05a512ae296a402b2b', '', 1, 0, 'admin', '2023-09-08 05:42:36', 'admin', '2023-09-27 02:13:56', '3t5fknhefq6000', 'http://110.40.157.36:9000/ezdata/338b4fceca494d05a512ae296a402b2b_index_preview.png', '', 1, '{\r\n  \"editCanvasConfig\": {\r\n    \"projectName\": \"3t5fknhefq6000\",\r\n    \"width\": 1920,\r\n    \"height\": 1080,\r\n    \"filterShow\": false,\r\n    \"hueRotate\": 0,\r\n    \"saturate\": 1,\r\n    \"contrast\": 1,\r\n    \"brightness\": 1,\r\n    \"opacity\": 1,\r\n    \"rotateZ\": 0,\r\n    \"rotateX\": 0,\r\n    \"rotateY\": 0,\r\n    \"skewX\": 0,\r\n    \"skewY\": 0,\r\n    \"blendMode\": \"normal\",\r\n    \"background\": null,\r\n    \"backgroundImage\": null,\r\n    \"selectColor\": true,\r\n    \"chartThemeColor\": \"dark\",\r\n    \"chartCustomThemeColorInfo\": null,\r\n    \"chartThemeSetting\": {\r\n      \"title\": {\r\n        \"show\": true,\r\n        \"textStyle\": {\r\n          \"color\": \"#BFBFBF\",\r\n          \"fontSize\": 18\r\n        },\r\n        \"subtextStyle\": {\r\n          \"color\": \"#A2A2A2\",\r\n          \"fontSize\": 14\r\n        }\r\n      },\r\n      \"xAxis\": {\r\n        \"show\": true,\r\n        \"name\": \"\",\r\n        \"nameGap\": 15,\r\n        \"nameTextStyle\": {\r\n          \"color\": \"#B9B8CE\",\r\n          \"fontSize\": 12\r\n        },\r\n        \"inverse\": false,\r\n        \"axisLabel\": {\r\n          \"show\": true,\r\n          \"fontSize\": 12,\r\n          \"color\": \"#B9B8CE\",\r\n          \"rotate\": 0\r\n        },\r\n        \"position\": \"bottom\",\r\n        \"axisLine\": {\r\n          \"show\": true,\r\n          \"lineStyle\": {\r\n            \"color\": \"#B9B8CE\",\r\n            \"width\": 1\r\n          },\r\n          \"onZero\": true\r\n        },\r\n        \"axisTick\": {\r\n          \"show\": true,\r\n          \"length\": 5\r\n        },\r\n        \"splitLine\": {\r\n          \"show\": false,\r\n          \"lineStyle\": {\r\n            \"color\": \"#484753\",\r\n            \"width\": 1,\r\n            \"type\": \"solid\"\r\n          }\r\n        }\r\n      },\r\n      \"yAxis\": {\r\n        \"show\": true,\r\n        \"name\": \"\",\r\n        \"nameGap\": 15,\r\n        \"nameTextStyle\": {\r\n          \"color\": \"#B9B8CE\",\r\n          \"fontSize\": 12\r\n        },\r\n        \"inverse\": false,\r\n        \"axisLabel\": {\r\n          \"show\": true,\r\n          \"fontSize\": 12,\r\n          \"color\": \"#B9B8CE\",\r\n          \"rotate\": 0\r\n        },\r\n        \"position\": \"left\",\r\n        \"axisLine\": {\r\n          \"show\": true,\r\n          \"lineStyle\": {\r\n            \"color\": \"#B9B8CE\",\r\n            \"width\": 1\r\n          },\r\n          \"onZero\": true\r\n        },\r\n        \"axisTick\": {\r\n          \"show\": true,\r\n          \"length\": 5\r\n        },\r\n        \"splitLine\": {\r\n          \"show\": true,\r\n          \"lineStyle\": {\r\n            \"color\": \"#484753\",\r\n            \"width\": 1,\r\n            \"type\": \"solid\"\r\n          }\r\n        }\r\n      },\r\n      \"legend\": {\r\n        \"show\": true,\r\n        \"type\": \"scroll\",\r\n        \"x\": \"center\",\r\n        \"y\": \"top\",\r\n        \"icon\": \"circle\",\r\n        \"orient\": \"horizontal\",\r\n        \"textStyle\": {\r\n          \"color\": \"#B9B8CE\",\r\n          \"fontSize\": 18\r\n        },\r\n        \"itemHeight\": 15,\r\n        \"itemWidth\": 15,\r\n        \"pageTextStyle\": {\r\n          \"color\": \"#B9B8CE\"\r\n        }\r\n      },\r\n      \"grid\": {\r\n        \"show\": false,\r\n        \"left\": \"10%\",\r\n        \"top\": \"60\",\r\n        \"right\": \"10%\",\r\n        \"bottom\": \"60\"\r\n      },\r\n      \"dataset\": null,\r\n      \"renderer\": \"svg\"\r\n    },\r\n    \"previewScaleType\": \"fit\"\r\n  },\r\n  \"componentList\": [\r\n    {\r\n      \"id\": \"575tcn91xuk000\",\r\n      \"isGroup\": false,\r\n      \"attr\": {\r\n        \"x\": 182,\r\n        \"y\": 446,\r\n        \"w\": 500,\r\n        \"h\": 300,\r\n        \"offsetX\": 0,\r\n        \"offsetY\": 0,\r\n        \"zIndex\": -1\r\n      },\r\n      \"styles\": {\r\n        \"filterShow\": false,\r\n        \"hueRotate\": 0,\r\n        \"saturate\": 1,\r\n        \"contrast\": 1,\r\n        \"brightness\": 1,\r\n        \"opacity\": 1,\r\n        \"rotateZ\": 0,\r\n        \"rotateX\": 0,\r\n        \"rotateY\": 0,\r\n        \"skewX\": 0,\r\n        \"skewY\": 0,\r\n        \"blendMode\": \"normal\",\r\n        \"animations\": []\r\n      },\r\n      \"preview\": {\r\n        \"overFlowHidden\": false\r\n      },\r\n      \"status\": {\r\n        \"lock\": false,\r\n        \"hide\": false\r\n      },\r\n      \"request\": {\r\n        \"requestDataType\": 0,\r\n        \"requestHttpType\": \"get\",\r\n        \"requestUrl\": \"\",\r\n        \"requestInterval\": null,\r\n        \"requestIntervalUnit\": \"second\",\r\n        \"requestContentType\": 0,\r\n        \"requestParamsBodyType\": \"none\",\r\n        \"requestSQLContent\": {\r\n          \"sql\": \"select * from  where\"\r\n        },\r\n        \"requestParams\": {\r\n          \"Body\": {\r\n            \"form-data\": {},\r\n            \"x-www-form-urlencoded\": {},\r\n            \"json\": \"\",\r\n            \"xml\": \"\"\r\n          },\r\n          \"Header\": {},\r\n          \"Params\": {}\r\n        }\r\n      },\r\n      \"filter\": null,\r\n      \"events\": {\r\n        \"baseEvent\": {\r\n          \"click\": null,\r\n          \"dblclick\": null,\r\n          \"mouseenter\": null,\r\n          \"mouseleave\": null\r\n        },\r\n        \"advancedEvents\": {\r\n          \"vnodeMounted\": null,\r\n          \"vnodeBeforeMount\": null\r\n        },\r\n        \"interactEvents\": []\r\n      },\r\n      \"key\": \"BarCommon\",\r\n      \"chartConfig\": {\r\n        \"key\": \"BarCommon\",\r\n        \"chartKey\": \"VBarCommon\",\r\n        \"conKey\": \"VCBarCommon\",\r\n        \"title\": \"柱状图\",\r\n        \"category\": \"Bars\",\r\n        \"categoryName\": \"柱状图\",\r\n        \"package\": \"Charts\",\r\n        \"chartFrame\": \"echarts\",\r\n        \"image\": \"bar_x.png\"\r\n      },\r\n      \"option\": {\r\n        \"legend\": {\r\n          \"show\": true,\r\n          \"type\": \"scroll\",\r\n          \"x\": \"center\",\r\n          \"y\": \"top\",\r\n          \"icon\": \"circle\",\r\n          \"orient\": \"horizontal\",\r\n          \"textStyle\": {\r\n            \"color\": \"#B9B8CE\",\r\n            \"fontSize\": 18\r\n          },\r\n          \"itemHeight\": 15,\r\n          \"itemWidth\": 15,\r\n          \"pageTextStyle\": {\r\n            \"color\": \"#B9B8CE\"\r\n          }\r\n        },\r\n        \"xAxis\": {\r\n          \"show\": true,\r\n          \"name\": \"\",\r\n          \"nameGap\": 15,\r\n          \"nameTextStyle\": {\r\n            \"color\": \"#B9B8CE\",\r\n            \"fontSize\": 12\r\n          },\r\n          \"inverse\": false,\r\n          \"axisLabel\": {\r\n            \"show\": true,\r\n            \"fontSize\": 12,\r\n            \"color\": \"#B9B8CE\",\r\n            \"rotate\": 0\r\n          },\r\n          \"position\": \"bottom\",\r\n          \"axisLine\": {\r\n            \"show\": true,\r\n            \"lineStyle\": {\r\n              \"color\": \"#B9B8CE\",\r\n              \"width\": 1\r\n            },\r\n            \"onZero\": true\r\n          },\r\n          \"axisTick\": {\r\n            \"show\": true,\r\n            \"length\": 5\r\n          },\r\n          \"splitLine\": {\r\n            \"show\": false,\r\n            \"lineStyle\": {\r\n              \"color\": \"#484753\",\r\n              \"width\": 1,\r\n              \"type\": \"solid\"\r\n            }\r\n          },\r\n          \"type\": \"category\"\r\n        },\r\n        \"yAxis\": {\r\n          \"show\": true,\r\n          \"name\": \"\",\r\n          \"nameGap\": 15,\r\n          \"nameTextStyle\": {\r\n            \"color\": \"#B9B8CE\",\r\n            \"fontSize\": 12\r\n          },\r\n          \"inverse\": false,\r\n          \"axisLabel\": {\r\n            \"show\": true,\r\n            \"fontSize\": 12,\r\n            \"color\": \"#B9B8CE\",\r\n            \"rotate\": 0\r\n          },\r\n          \"position\": \"left\",\r\n          \"axisLine\": {\r\n            \"show\": true,\r\n            \"lineStyle\": {\r\n              \"color\": \"#B9B8CE\",\r\n              \"width\": 1\r\n            },\r\n            \"onZero\": true\r\n          },\r\n          \"axisTick\": {\r\n            \"show\": true,\r\n            \"length\": 5\r\n          },\r\n          \"splitLine\": {\r\n            \"show\": true,\r\n            \"lineStyle\": {\r\n              \"color\": \"#484753\",\r\n              \"width\": 1,\r\n              \"type\": \"solid\"\r\n            }\r\n          },\r\n          \"type\": \"value\"\r\n        },\r\n        \"grid\": {\r\n          \"show\": false,\r\n          \"left\": \"10%\",\r\n          \"top\": \"60\",\r\n          \"right\": \"10%\",\r\n          \"bottom\": \"60\"\r\n        },\r\n        \"tooltip\": {\r\n          \"show\": true,\r\n          \"trigger\": \"axis\",\r\n          \"axisPointer\": {\r\n            \"show\": true,\r\n            \"type\": \"shadow\"\r\n          }\r\n        },\r\n        \"dataset\": {\r\n          \"dimensions\": [\r\n            \"product\",\r\n            \"data1\",\r\n            \"data2\"\r\n          ],\r\n          \"source\": [\r\n            {\r\n              \"product\": \"Mon\",\r\n              \"data1\": 120,\r\n              \"data2\": 130\r\n            },\r\n            {\r\n              \"product\": \"Tue\",\r\n              \"data1\": 200,\r\n              \"data2\": 130\r\n            },\r\n            {\r\n              \"product\": \"Wed\",\r\n              \"data1\": 150,\r\n              \"data2\": 312\r\n            },\r\n            {\r\n              \"product\": \"Thu\",\r\n              \"data1\": 80,\r\n              \"data2\": 268\r\n            },\r\n            {\r\n              \"product\": \"Fri\",\r\n              \"data1\": 70,\r\n              \"data2\": 155\r\n            },\r\n            {\r\n              \"product\": \"Sat\",\r\n              \"data1\": 110,\r\n              \"data2\": 117\r\n            },\r\n            {\r\n              \"product\": \"Sun\",\r\n              \"data1\": 130,\r\n              \"data2\": 160\r\n            }\r\n          ]\r\n        },\r\n        \"series\": [\r\n          {\r\n            \"type\": \"bar\",\r\n            \"barWidth\": 15,\r\n            \"label\": {\r\n              \"show\": true,\r\n              \"position\": \"top\",\r\n              \"color\": \"#fff\",\r\n              \"fontSize\": 12\r\n            },\r\n            \"itemStyle\": {\r\n              \"color\": null,\r\n              \"borderRadius\": 2\r\n            }\r\n          },\r\n          {\r\n            \"type\": \"bar\",\r\n            \"barWidth\": 15,\r\n            \"label\": {\r\n              \"show\": true,\r\n              \"position\": \"top\",\r\n              \"color\": \"#fff\",\r\n              \"fontSize\": 12\r\n            },\r\n            \"itemStyle\": {\r\n              \"color\": null,\r\n              \"borderRadius\": 2\r\n            }\r\n          }\r\n        ],\r\n        \"backgroundColor\": \"rgba(0,0,0,0)\"\r\n      }\r\n    },\r\n    {\r\n      \"id\": \"56jhm0hmxtc000\",\r\n      \"isGroup\": false,\r\n      \"attr\": {\r\n        \"x\": 1652,\r\n        \"y\": 15,\r\n        \"w\": 150,\r\n        \"h\": 150,\r\n        \"offsetX\": 0,\r\n        \"offsetY\": 0,\r\n        \"zIndex\": -1\r\n      },\r\n      \"styles\": {\r\n        \"filterShow\": false,\r\n        \"hueRotate\": 0,\r\n        \"saturate\": 1,\r\n        \"contrast\": 1,\r\n        \"brightness\": 1,\r\n        \"opacity\": 1,\r\n        \"rotateZ\": 0,\r\n        \"rotateX\": 0,\r\n        \"rotateY\": 0,\r\n        \"skewX\": 0,\r\n        \"skewY\": 0,\r\n        \"blendMode\": \"normal\",\r\n        \"animations\": []\r\n      },\r\n      \"preview\": {\r\n        \"overFlowHidden\": false\r\n      },\r\n      \"status\": {\r\n        \"lock\": false,\r\n        \"hide\": false\r\n      },\r\n      \"request\": {\r\n        \"requestDataType\": 0,\r\n        \"requestHttpType\": \"get\",\r\n        \"requestUrl\": \"\",\r\n        \"requestInterval\": null,\r\n        \"requestIntervalUnit\": \"second\",\r\n        \"requestContentType\": 0,\r\n        \"requestParamsBodyType\": \"none\",\r\n        \"requestSQLContent\": {\r\n          \"sql\": \"select * from  where\"\r\n        },\r\n        \"requestParams\": {\r\n          \"Body\": {\r\n            \"form-data\": {},\r\n            \"x-www-form-urlencoded\": {},\r\n            \"json\": \"\",\r\n            \"xml\": \"\"\r\n          },\r\n          \"Header\": {},\r\n          \"Params\": {}\r\n        }\r\n      },\r\n      \"filter\": null,\r\n      \"events\": {\r\n        \"baseEvent\": {\r\n          \"click\": null,\r\n          \"dblclick\": null,\r\n          \"mouseenter\": null,\r\n          \"mouseleave\": null\r\n        },\r\n        \"advancedEvents\": {\r\n          \"vnodeMounted\": null,\r\n          \"vnodeBeforeMount\": null\r\n        },\r\n        \"interactEvents\": []\r\n      },\r\n      \"key\": \"FullScreen\",\r\n      \"chartConfig\": {\r\n        \"key\": \"FullScreen\",\r\n        \"chartKey\": \"VFullScreen\",\r\n        \"conKey\": \"VCFullScreen\",\r\n        \"title\": \"全屏按钮\",\r\n        \"category\": \"Mores\",\r\n        \"categoryName\": \"更多\",\r\n        \"package\": \"Decorates\",\r\n        \"chartFrame\": \"static\",\r\n        \"image\": \"fullScreen.png\"\r\n      },\r\n      \"option\": {\r\n        \"border\": 6,\r\n        \"bgColor\": \"#84a5e9\",\r\n        \"borderColor\": \"#84a5e9\"\r\n      }\r\n    },\r\n    {\r\n      \"id\": \"3oaiidujhda000\",\r\n      \"isGroup\": false,\r\n      \"attr\": {\r\n        \"x\": 328,\r\n        \"y\": 40,\r\n        \"w\": 500,\r\n        \"h\": 300,\r\n        \"offsetX\": 0,\r\n        \"offsetY\": 0,\r\n        \"zIndex\": -1\r\n      },\r\n      \"styles\": {\r\n        \"filterShow\": false,\r\n        \"hueRotate\": 0,\r\n        \"saturate\": 1,\r\n        \"contrast\": 1,\r\n        \"brightness\": 1,\r\n        \"opacity\": 1,\r\n        \"rotateZ\": 0,\r\n        \"rotateX\": 0,\r\n        \"rotateY\": 0,\r\n        \"skewX\": 0,\r\n        \"skewY\": 0,\r\n        \"blendMode\": \"normal\",\r\n        \"animations\": []\r\n      },\r\n      \"preview\": {\r\n        \"overFlowHidden\": false\r\n      },\r\n      \"status\": {\r\n        \"lock\": false,\r\n        \"hide\": false\r\n      },\r\n      \"request\": {\r\n        \"requestDataType\": 1,\r\n        \"requestHttpType\": \"post\",\r\n        \"requestUrl\": \"\",\r\n        \"requestInterval\": null,\r\n        \"requestIntervalUnit\": \"second\",\r\n        \"requestContentType\": 1,\r\n        \"requestParamsBodyType\": \"none\",\r\n        \"requestSQLContent\": {\r\n          \"sql\": \"select * from  where\"\r\n        },\r\n        \"requestParams\": {\r\n          \"Body\": {\r\n            \"form-data\": {},\r\n            \"x-www-form-urlencoded\": {},\r\n            \"json\": \"\",\r\n            \"xml\": \"\"\r\n          },\r\n          \"Header\": {},\r\n          \"Params\": {}\r\n        }\r\n      },\r\n      \"filter\": null,\r\n      \"events\": {\r\n        \"baseEvent\": {\r\n          \"click\": null,\r\n          \"dblclick\": null,\r\n          \"mouseenter\": null,\r\n          \"mouseleave\": null\r\n        },\r\n        \"advancedEvents\": {\r\n          \"vnodeMounted\": null,\r\n          \"vnodeBeforeMount\": null\r\n        },\r\n        \"interactEvents\": []\r\n      },\r\n      \"key\": \"BarCrossrange\",\r\n      \"chartConfig\": {\r\n        \"key\": \"BarCrossrange\",\r\n        \"chartKey\": \"VBarCrossrange\",\r\n        \"conKey\": \"VCBarCrossrange\",\r\n        \"title\": \"横向柱状图\",\r\n        \"category\": \"Bars\",\r\n        \"categoryName\": \"柱状图\",\r\n        \"package\": \"Charts\",\r\n        \"chartFrame\": \"echarts\",\r\n        \"image\": \"bar_y.png\"\r\n      },\r\n      \"option\": {\r\n        \"legend\": {\r\n          \"show\": true,\r\n          \"type\": \"scroll\",\r\n          \"x\": \"center\",\r\n          \"y\": \"top\",\r\n          \"icon\": \"circle\",\r\n          \"orient\": \"horizontal\",\r\n          \"textStyle\": {\r\n            \"color\": \"#B9B8CE\",\r\n            \"fontSize\": 18\r\n          },\r\n          \"itemHeight\": 15,\r\n          \"itemWidth\": 15,\r\n          \"pageTextStyle\": {\r\n            \"color\": \"#B9B8CE\"\r\n          }\r\n        },\r\n        \"xAxis\": {\r\n          \"show\": true,\r\n          \"name\": \"\",\r\n          \"nameGap\": 15,\r\n          \"nameTextStyle\": {\r\n            \"color\": \"#B9B8CE\",\r\n            \"fontSize\": 12\r\n          },\r\n          \"inverse\": false,\r\n          \"axisLabel\": {\r\n            \"show\": true,\r\n            \"fontSize\": 12,\r\n            \"color\": \"#B9B8CE\",\r\n            \"rotate\": 0\r\n          },\r\n          \"position\": \"bottom\",\r\n          \"axisLine\": {\r\n            \"show\": true,\r\n            \"lineStyle\": {\r\n              \"color\": \"#B9B8CE\",\r\n              \"width\": 1\r\n            },\r\n            \"onZero\": true\r\n          },\r\n          \"axisTick\": {\r\n            \"show\": true,\r\n            \"length\": 5\r\n          },\r\n          \"splitLine\": {\r\n            \"show\": false,\r\n            \"lineStyle\": {\r\n              \"color\": \"#484753\",\r\n              \"width\": 1,\r\n              \"type\": \"solid\"\r\n            }\r\n          },\r\n          \"type\": \"value\"\r\n        },\r\n        \"yAxis\": {\r\n          \"show\": true,\r\n          \"name\": \"\",\r\n          \"nameGap\": 15,\r\n          \"nameTextStyle\": {\r\n            \"color\": \"#B9B8CE\",\r\n            \"fontSize\": 12\r\n          },\r\n          \"inverse\": false,\r\n          \"axisLabel\": {\r\n            \"show\": true,\r\n            \"fontSize\": 12,\r\n            \"color\": \"#B9B8CE\",\r\n            \"rotate\": 0\r\n          },\r\n          \"position\": \"left\",\r\n          \"axisLine\": {\r\n            \"show\": true,\r\n            \"lineStyle\": {\r\n              \"color\": \"#B9B8CE\",\r\n              \"width\": 1\r\n            },\r\n            \"onZero\": true\r\n          },\r\n          \"axisTick\": {\r\n            \"show\": true,\r\n            \"length\": 5\r\n          },\r\n          \"splitLine\": {\r\n            \"show\": true,\r\n            \"lineStyle\": {\r\n              \"color\": \"#484753\",\r\n              \"width\": 1,\r\n              \"type\": \"solid\"\r\n            }\r\n          },\r\n          \"type\": \"category\"\r\n        },\r\n        \"grid\": {\r\n          \"show\": false,\r\n          \"left\": \"10%\",\r\n          \"top\": \"60\",\r\n          \"right\": \"10%\",\r\n          \"bottom\": \"60\"\r\n        },\r\n        \"tooltip\": {\r\n          \"show\": true,\r\n          \"trigger\": \"axis\",\r\n          \"axisPointer\": {\r\n            \"show\": true,\r\n            \"type\": \"shadow\"\r\n          }\r\n        },\r\n        \"dataset\": {\r\n          \"dimensions\": [\r\n            \"product\",\r\n            \"data1\",\r\n            \"data2\"\r\n          ],\r\n          \"source\": [\r\n            {\r\n              \"product\": \"Mon\",\r\n              \"data1\": 120,\r\n              \"data2\": 130\r\n            },\r\n            {\r\n              \"product\": \"Tue\",\r\n              \"data1\": 200,\r\n              \"data2\": 130\r\n            },\r\n            {\r\n              \"product\": \"Wed\",\r\n              \"data1\": 150,\r\n              \"data2\": 312\r\n            },\r\n            {\r\n              \"product\": \"Thu\",\r\n              \"data1\": 80,\r\n              \"data2\": 268\r\n            },\r\n            {\r\n              \"product\": \"Fri\",\r\n              \"data1\": 70,\r\n              \"data2\": 155\r\n            },\r\n            {\r\n              \"product\": \"Sat\",\r\n              \"data1\": 110,\r\n              \"data2\": 117\r\n            },\r\n            {\r\n              \"product\": \"Sun\",\r\n              \"data1\": 130,\r\n              \"data2\": 160\r\n            }\r\n          ]\r\n        },\r\n        \"series\": [\r\n          {\r\n            \"type\": \"bar\",\r\n            \"barWidth\": null,\r\n            \"label\": {\r\n              \"show\": true,\r\n              \"position\": \"right\",\r\n              \"color\": \"#fff\",\r\n              \"fontSize\": 12\r\n            },\r\n            \"itemStyle\": {\r\n              \"color\": null,\r\n              \"borderRadius\": 0\r\n            }\r\n          },\r\n          {\r\n            \"type\": \"bar\",\r\n            \"barWidth\": null,\r\n            \"label\": {\r\n              \"show\": true,\r\n              \"position\": \"right\",\r\n              \"color\": \"#fff\",\r\n              \"fontSize\": 12\r\n            },\r\n            \"itemStyle\": {\r\n              \"color\": null,\r\n              \"borderRadius\": 0\r\n            }\r\n          }\r\n        ],\r\n        \"backgroundColor\": \"rgba(0,0,0,0)\"\r\n      }\r\n    }\r\n  ],\r\n  \"requestGlobalConfig\": {\r\n    \"requestDataPond\": [],\r\n    \"requestOriginUrl\": \"\",\r\n    \"requestInterval\": 30,\r\n    \"requestIntervalUnit\": \"second\",\r\n    \"requestParams\": {\r\n      \"Body\": {\r\n        \"form-data\": {},\r\n        \"x-www-form-urlencoded\": {},\r\n        \"json\": \"\",\r\n        \"xml\": \"\"\r\n      },\r\n      \"Header\": {},\r\n      \"Params\": {}\r\n    }\r\n  }\r\n}');
INSERT INTO `screen_project` VALUES ('548bc557d2d04ccfbf9d271becb14596', '', 1, 0, 'admin', '2023-10-08 10:22:31', 'admin', '2023-10-08 10:23:36', '4ovvjx505to000', 'http://110.40.157.36:9000/ezdata/548bc557d2d04ccfbf9d271becb14596_index_preview.png', '', 1, '{\n  \"editCanvasConfig\": {\n    \"projectName\": \"4ovvjx505to000\",\n    \"width\": 1920,\n    \"height\": 1080,\n    \"filterShow\": false,\n    \"hueRotate\": 0,\n    \"saturate\": 1,\n    \"contrast\": 1,\n    \"brightness\": 1,\n    \"opacity\": 1,\n    \"rotateZ\": 0,\n    \"rotateX\": 0,\n    \"rotateY\": 0,\n    \"skewX\": 0,\n    \"skewY\": 0,\n    \"blendMode\": \"normal\",\n    \"background\": null,\n    \"backgroundImage\": null,\n    \"selectColor\": true,\n    \"chartThemeColor\": \"dark\",\n    \"chartCustomThemeColorInfo\": null,\n    \"chartThemeSetting\": {\n      \"title\": {\n        \"show\": true,\n        \"textStyle\": {\n          \"color\": \"#BFBFBF\",\n          \"fontSize\": 18\n        },\n        \"subtextStyle\": {\n          \"color\": \"#A2A2A2\",\n          \"fontSize\": 14\n        }\n      },\n      \"xAxis\": {\n        \"show\": true,\n        \"name\": \"\",\n        \"nameGap\": 15,\n        \"nameTextStyle\": {\n          \"color\": \"#B9B8CE\",\n          \"fontSize\": 12\n        },\n        \"inverse\": false,\n        \"axisLabel\": {\n          \"show\": true,\n          \"fontSize\": 12,\n          \"color\": \"#B9B8CE\",\n          \"rotate\": 0\n        },\n        \"position\": \"bottom\",\n        \"axisLine\": {\n          \"show\": true,\n          \"lineStyle\": {\n            \"color\": \"#B9B8CE\",\n            \"width\": 1\n          },\n          \"onZero\": true\n        },\n        \"axisTick\": {\n          \"show\": true,\n          \"length\": 5\n        },\n        \"splitLine\": {\n          \"show\": false,\n          \"lineStyle\": {\n            \"color\": \"#484753\",\n            \"width\": 1,\n            \"type\": \"solid\"\n          }\n        }\n      },\n      \"yAxis\": {\n        \"show\": true,\n        \"name\": \"\",\n        \"nameGap\": 15,\n        \"nameTextStyle\": {\n          \"color\": \"#B9B8CE\",\n          \"fontSize\": 12\n        },\n        \"inverse\": false,\n        \"axisLabel\": {\n          \"show\": true,\n          \"fontSize\": 12,\n          \"color\": \"#B9B8CE\",\n          \"rotate\": 0\n        },\n        \"position\": \"left\",\n        \"axisLine\": {\n          \"show\": true,\n          \"lineStyle\": {\n            \"color\": \"#B9B8CE\",\n            \"width\": 1\n          },\n          \"onZero\": true\n        },\n        \"axisTick\": {\n          \"show\": true,\n          \"length\": 5\n        },\n        \"splitLine\": {\n          \"show\": true,\n          \"lineStyle\": {\n            \"color\": \"#484753\",\n            \"width\": 1,\n            \"type\": \"solid\"\n          }\n        }\n      },\n      \"legend\": {\n        \"show\": true,\n        \"type\": \"scroll\",\n        \"x\": \"center\",\n        \"y\": \"top\",\n        \"icon\": \"circle\",\n        \"orient\": \"horizontal\",\n        \"textStyle\": {\n          \"color\": \"#B9B8CE\",\n          \"fontSize\": 18\n        },\n        \"itemHeight\": 15,\n        \"itemWidth\": 15,\n        \"pageTextStyle\": {\n          \"color\": \"#B9B8CE\"\n        }\n      },\n      \"grid\": {\n        \"show\": false,\n        \"left\": \"10%\",\n        \"top\": \"60\",\n        \"right\": \"10%\",\n        \"bottom\": \"60\"\n      },\n      \"dataset\": null,\n      \"renderer\": \"svg\"\n    },\n    \"previewScaleType\": \"fit\"\n  },\n  \"componentList\": [\n    {\n      \"id\": \"36mkh0oycf8000\",\n      \"isGroup\": false,\n      \"attr\": {\n        \"x\": 31,\n        \"y\": 39,\n        \"w\": 1604,\n        \"h\": 894,\n        \"offsetX\": 0,\n        \"offsetY\": 0,\n        \"zIndex\": -1\n      },\n      \"styles\": {\n        \"filterShow\": false,\n        \"hueRotate\": 0,\n        \"saturate\": 1,\n        \"contrast\": 1,\n        \"brightness\": 1,\n        \"opacity\": 1,\n        \"rotateZ\": 0,\n        \"rotateX\": 0,\n        \"rotateY\": 0,\n        \"skewX\": 0,\n        \"skewY\": 0,\n        \"blendMode\": \"normal\",\n        \"animations\": []\n      },\n      \"preview\": {\n        \"overFlowHidden\": false\n      },\n      \"status\": {\n        \"lock\": false,\n        \"hide\": false\n      },\n      \"request\": {\n        \"requestDataType\": 0,\n        \"requestHttpType\": \"get\",\n        \"requestUrl\": \"\",\n        \"requestInterval\": null,\n        \"requestIntervalUnit\": \"second\",\n        \"requestContentType\": 0,\n        \"requestParamsBodyType\": \"none\",\n        \"requestSQLContent\": {\n          \"sql\": \"select * from  where\"\n        },\n        \"requestParams\": {\n          \"Body\": {\n            \"form-data\": {},\n            \"x-www-form-urlencoded\": {},\n            \"json\": \"\",\n            \"xml\": \"\"\n          },\n          \"Header\": {},\n          \"Params\": {}\n        }\n      },\n      \"filter\": null,\n      \"events\": {\n        \"baseEvent\": {\n          \"click\": null,\n          \"dblclick\": null,\n          \"mouseenter\": null,\n          \"mouseleave\": null\n        },\n        \"advancedEvents\": {\n          \"vnodeMounted\": null,\n          \"vnodeBeforeMount\": null\n        },\n        \"interactEvents\": []\n      },\n      \"key\": \"BarCommon\",\n      \"chartConfig\": {\n        \"key\": \"BarCommon\",\n        \"chartKey\": \"VBarCommon\",\n        \"conKey\": \"VCBarCommon\",\n        \"title\": \"柱状图\",\n        \"category\": \"Bars\",\n        \"categoryName\": \"柱状图\",\n        \"package\": \"Charts\",\n        \"chartFrame\": \"echarts\",\n        \"image\": \"bar_x.png\"\n      },\n      \"option\": {\n        \"legend\": {\n          \"show\": true,\n          \"type\": \"scroll\",\n          \"x\": \"center\",\n          \"y\": \"top\",\n          \"icon\": \"circle\",\n          \"orient\": \"horizontal\",\n          \"textStyle\": {\n            \"color\": \"#B9B8CE\",\n            \"fontSize\": 18\n          },\n          \"itemHeight\": 15,\n          \"itemWidth\": 15,\n          \"pageTextStyle\": {\n            \"color\": \"#B9B8CE\"\n          }\n        },\n        \"xAxis\": {\n          \"show\": true,\n          \"name\": \"\",\n          \"nameGap\": 15,\n          \"nameTextStyle\": {\n            \"color\": \"#B9B8CE\",\n            \"fontSize\": 12\n          },\n          \"inverse\": false,\n          \"axisLabel\": {\n            \"show\": true,\n            \"fontSize\": 12,\n            \"color\": \"#B9B8CE\",\n            \"rotate\": 0\n          },\n          \"position\": \"bottom\",\n          \"axisLine\": {\n            \"show\": true,\n            \"lineStyle\": {\n              \"color\": \"#B9B8CE\",\n              \"width\": 1\n            },\n            \"onZero\": true\n          },\n          \"axisTick\": {\n            \"show\": true,\n            \"length\": 5\n          },\n          \"splitLine\": {\n            \"show\": false,\n            \"lineStyle\": {\n              \"color\": \"#484753\",\n              \"width\": 1,\n              \"type\": \"solid\"\n            }\n          },\n          \"type\": \"category\"\n        },\n        \"yAxis\": {\n          \"show\": true,\n          \"name\": \"\",\n          \"nameGap\": 15,\n          \"nameTextStyle\": {\n            \"color\": \"#B9B8CE\",\n            \"fontSize\": 12\n          },\n          \"inverse\": false,\n          \"axisLabel\": {\n            \"show\": true,\n            \"fontSize\": 12,\n            \"color\": \"#B9B8CE\",\n            \"rotate\": 0\n          },\n          \"position\": \"left\",\n          \"axisLine\": {\n            \"show\": true,\n            \"lineStyle\": {\n              \"color\": \"#B9B8CE\",\n              \"width\": 1\n            },\n            \"onZero\": true\n          },\n          \"axisTick\": {\n            \"show\": true,\n            \"length\": 5\n          },\n          \"splitLine\": {\n            \"show\": true,\n            \"lineStyle\": {\n              \"color\": \"#484753\",\n              \"width\": 1,\n              \"type\": \"solid\"\n            }\n          },\n          \"type\": \"value\"\n        },\n        \"grid\": {\n          \"show\": false,\n          \"left\": \"10%\",\n          \"top\": \"60\",\n          \"right\": \"10%\",\n          \"bottom\": \"60\"\n        },\n        \"tooltip\": {\n          \"show\": true,\n          \"trigger\": \"axis\",\n          \"axisPointer\": {\n            \"show\": true,\n            \"type\": \"shadow\"\n          }\n        },\n        \"dataset\": {\n          \"dimensions\": [\n            \"product\",\n            \"data1\",\n            \"data2\"\n          ],\n          \"source\": [\n            {\n              \"product\": \"Mon\",\n              \"data1\": 120,\n              \"data2\": 130\n            },\n            {\n              \"product\": \"Tue\",\n              \"data1\": 200,\n              \"data2\": 130\n            },\n            {\n              \"product\": \"Wed\",\n              \"data1\": 150,\n              \"data2\": 312\n            },\n            {\n              \"product\": \"Thu\",\n              \"data1\": 80,\n              \"data2\": 268\n            },\n            {\n              \"product\": \"Fri\",\n              \"data1\": 70,\n              \"data2\": 155\n            },\n            {\n              \"product\": \"Sat\",\n              \"data1\": 110,\n              \"data2\": 117\n            },\n            {\n              \"product\": \"Sun\",\n              \"data1\": 130,\n              \"data2\": 160\n            }\n          ]\n        },\n        \"series\": [\n          {\n            \"type\": \"bar\",\n            \"barWidth\": 15,\n            \"label\": {\n              \"show\": true,\n              \"position\": \"top\",\n              \"color\": \"#fff\",\n              \"fontSize\": 12\n            },\n            \"itemStyle\": {\n              \"color\": null,\n              \"borderRadius\": 2\n            }\n          },\n          {\n            \"type\": \"bar\",\n            \"barWidth\": 15,\n            \"label\": {\n              \"show\": true,\n              \"position\": \"top\",\n              \"color\": \"#fff\",\n              \"fontSize\": 12\n            },\n            \"itemStyle\": {\n              \"color\": null,\n              \"borderRadius\": 2\n            }\n          }\n        ],\n        \"backgroundColor\": \"rgba(0,0,0,0)\"\n      }\n    },\n    {\n      \"id\": \"2jiozd23qgq000\",\n      \"isGroup\": false,\n      \"attr\": {\n        \"x\": 113,\n        \"y\": 605,\n        \"w\": 500,\n        \"h\": 300,\n        \"offsetX\": 0,\n        \"offsetY\": 0,\n        \"zIndex\": -1\n      },\n      \"styles\": {\n        \"filterShow\": false,\n        \"hueRotate\": 0,\n        \"saturate\": 1,\n        \"contrast\": 1,\n        \"brightness\": 1,\n        \"opacity\": 1,\n        \"rotateZ\": 0,\n        \"rotateX\": 0,\n        \"rotateY\": 0,\n        \"skewX\": 0,\n        \"skewY\": 0,\n        \"blendMode\": \"normal\",\n        \"animations\": []\n      },\n      \"preview\": {\n        \"overFlowHidden\": false\n      },\n      \"status\": {\n        \"lock\": false,\n        \"hide\": false\n      },\n      \"request\": {\n        \"requestDataType\": 0,\n        \"requestHttpType\": \"get\",\n        \"requestUrl\": \"\",\n        \"requestInterval\": null,\n        \"requestIntervalUnit\": \"second\",\n        \"requestContentType\": 0,\n        \"requestParamsBodyType\": \"none\",\n        \"requestSQLContent\": {\n          \"sql\": \"select * from  where\"\n        },\n        \"requestParams\": {\n          \"Body\": {\n            \"form-data\": {},\n            \"x-www-form-urlencoded\": {},\n            \"json\": \"\",\n            \"xml\": \"\"\n          },\n          \"Header\": {},\n          \"Params\": {}\n        }\n      },\n      \"filter\": null,\n      \"events\": {\n        \"baseEvent\": {\n          \"click\": null,\n          \"dblclick\": null,\n          \"mouseenter\": null,\n          \"mouseleave\": null\n        },\n        \"advancedEvents\": {\n          \"vnodeMounted\": null,\n          \"vnodeBeforeMount\": null\n        },\n        \"interactEvents\": []\n      },\n      \"key\": \"BarCrossrange\",\n      \"chartConfig\": {\n        \"key\": \"BarCrossrange\",\n        \"chartKey\": \"VBarCrossrange\",\n        \"conKey\": \"VCBarCrossrange\",\n        \"title\": \"横向柱状图\",\n        \"category\": \"Bars\",\n        \"categoryName\": \"柱状图\",\n        \"package\": \"Charts\",\n        \"chartFrame\": \"echarts\",\n        \"image\": \"bar_y.png\"\n      },\n      \"option\": {\n        \"legend\": {\n          \"show\": true,\n          \"type\": \"scroll\",\n          \"x\": \"center\",\n          \"y\": \"top\",\n          \"icon\": \"circle\",\n          \"orient\": \"horizontal\",\n          \"textStyle\": {\n            \"color\": \"#B9B8CE\",\n            \"fontSize\": 18\n          },\n          \"itemHeight\": 15,\n          \"itemWidth\": 15,\n          \"pageTextStyle\": {\n            \"color\": \"#B9B8CE\"\n          }\n        },\n        \"xAxis\": {\n          \"show\": true,\n          \"name\": \"\",\n          \"nameGap\": 15,\n          \"nameTextStyle\": {\n            \"color\": \"#B9B8CE\",\n            \"fontSize\": 12\n          },\n          \"inverse\": false,\n          \"axisLabel\": {\n            \"show\": true,\n            \"fontSize\": 12,\n            \"color\": \"#B9B8CE\",\n            \"rotate\": 0\n          },\n          \"position\": \"bottom\",\n          \"axisLine\": {\n            \"show\": true,\n            \"lineStyle\": {\n              \"color\": \"#B9B8CE\",\n              \"width\": 1\n            },\n            \"onZero\": true\n          },\n          \"axisTick\": {\n            \"show\": true,\n            \"length\": 5\n          },\n          \"splitLine\": {\n            \"show\": false,\n            \"lineStyle\": {\n              \"color\": \"#484753\",\n              \"width\": 1,\n              \"type\": \"solid\"\n            }\n          },\n          \"type\": \"value\"\n        },\n        \"yAxis\": {\n          \"show\": true,\n          \"name\": \"\",\n          \"nameGap\": 15,\n          \"nameTextStyle\": {\n            \"color\": \"#B9B8CE\",\n            \"fontSize\": 12\n          },\n          \"inverse\": false,\n          \"axisLabel\": {\n            \"show\": true,\n            \"fontSize\": 12,\n            \"color\": \"#B9B8CE\",\n            \"rotate\": 0\n          },\n          \"position\": \"left\",\n          \"axisLine\": {\n            \"show\": true,\n            \"lineStyle\": {\n              \"color\": \"#B9B8CE\",\n              \"width\": 1\n            },\n            \"onZero\": true\n          },\n          \"axisTick\": {\n            \"show\": true,\n            \"length\": 5\n          },\n          \"splitLine\": {\n            \"show\": true,\n            \"lineStyle\": {\n              \"color\": \"#484753\",\n              \"width\": 1,\n              \"type\": \"solid\"\n            }\n          },\n          \"type\": \"category\"\n        },\n        \"grid\": {\n          \"show\": false,\n          \"left\": \"10%\",\n          \"top\": \"60\",\n          \"right\": \"10%\",\n          \"bottom\": \"60\"\n        },\n        \"tooltip\": {\n          \"show\": true,\n          \"trigger\": \"axis\",\n          \"axisPointer\": {\n            \"show\": true,\n            \"type\": \"shadow\"\n          }\n        },\n        \"dataset\": {\n          \"dimensions\": [\n            \"product\",\n            \"data1\",\n            \"data2\"\n          ],\n          \"source\": [\n            {\n              \"product\": \"Mon\",\n              \"data1\": 120,\n              \"data2\": 130\n            },\n            {\n              \"product\": \"Tue\",\n              \"data1\": 200,\n              \"data2\": 130\n            },\n            {\n              \"product\": \"Wed\",\n              \"data1\": 150,\n              \"data2\": 312\n            },\n            {\n              \"product\": \"Thu\",\n              \"data1\": 80,\n              \"data2\": 268\n            },\n            {\n              \"product\": \"Fri\",\n              \"data1\": 70,\n              \"data2\": 155\n            },\n            {\n              \"product\": \"Sat\",\n              \"data1\": 110,\n              \"data2\": 117\n            },\n            {\n              \"product\": \"Sun\",\n              \"data1\": 130,\n              \"data2\": 160\n            }\n          ]\n        },\n        \"series\": [\n          {\n            \"type\": \"bar\",\n            \"barWidth\": null,\n            \"label\": {\n              \"show\": true,\n              \"position\": \"right\",\n              \"color\": \"#fff\",\n              \"fontSize\": 12\n            },\n            \"itemStyle\": {\n              \"color\": null,\n              \"borderRadius\": 0\n            }\n          },\n          {\n            \"type\": \"bar\",\n            \"barWidth\": null,\n            \"label\": {\n              \"show\": true,\n              \"position\": \"right\",\n              \"color\": \"#fff\",\n              \"fontSize\": 12\n            },\n            \"itemStyle\": {\n              \"color\": null,\n              \"borderRadius\": 0\n            }\n          }\n        ],\n        \"backgroundColor\": \"rgba(0,0,0,0)\"\n      }\n    },\n    {\n      \"id\": \"1hoa0vangahs00\",\n      \"isGroup\": false,\n      \"attr\": {\n        \"x\": 832,\n        \"y\": 67,\n        \"w\": 500,\n        \"h\": 300,\n        \"offsetX\": 0,\n        \"offsetY\": 0,\n        \"zIndex\": -1\n      },\n      \"styles\": {\n        \"filterShow\": false,\n        \"hueRotate\": 0,\n        \"saturate\": 1,\n        \"contrast\": 1,\n        \"brightness\": 1,\n        \"opacity\": 1,\n        \"rotateZ\": 0,\n        \"rotateX\": 0,\n        \"rotateY\": 0,\n        \"skewX\": 0,\n        \"skewY\": 0,\n        \"blendMode\": \"normal\",\n        \"animations\": []\n      },\n      \"preview\": {\n        \"overFlowHidden\": false\n      },\n      \"status\": {\n        \"lock\": false,\n        \"hide\": false\n      },\n      \"request\": {\n        \"requestDataType\": 0,\n        \"requestHttpType\": \"get\",\n        \"requestUrl\": \"\",\n        \"requestInterval\": null,\n        \"requestIntervalUnit\": \"second\",\n        \"requestContentType\": 0,\n        \"requestParamsBodyType\": \"none\",\n        \"requestSQLContent\": {\n          \"sql\": \"select * from  where\"\n        },\n        \"requestParams\": {\n          \"Body\": {\n            \"form-data\": {},\n            \"x-www-form-urlencoded\": {},\n            \"json\": \"\",\n            \"xml\": \"\"\n          },\n          \"Header\": {},\n          \"Params\": {}\n        }\n      },\n      \"filter\": null,\n      \"events\": {\n        \"baseEvent\": {\n          \"click\": null,\n          \"dblclick\": null,\n          \"mouseenter\": null,\n          \"mouseleave\": null\n        },\n        \"advancedEvents\": {\n          \"vnodeMounted\": null,\n          \"vnodeBeforeMount\": null\n        },\n        \"interactEvents\": []\n      },\n      \"key\": \"BarLine\",\n      \"chartConfig\": {\n        \"key\": \"BarLine\",\n        \"chartKey\": \"VBarLine\",\n        \"conKey\": \"VCBarLine\",\n        \"title\": \"柱状图 & 折线图\",\n        \"category\": \"Bars\",\n        \"categoryName\": \"柱状图\",\n        \"package\": \"Charts\",\n        \"chartFrame\": \"echarts\",\n        \"image\": \"bar_line.png\"\n      },\n      \"option\": {\n        \"legend\": {\n          \"show\": true,\n          \"type\": \"scroll\",\n          \"x\": \"center\",\n          \"y\": \"top\",\n          \"icon\": \"circle\",\n          \"orient\": \"horizontal\",\n          \"textStyle\": {\n            \"color\": \"#B9B8CE\",\n            \"fontSize\": 18\n          },\n          \"itemHeight\": 15,\n          \"itemWidth\": 15,\n          \"pageTextStyle\": {\n            \"color\": \"#B9B8CE\"\n          },\n          \"data\": null\n        },\n        \"xAxis\": {\n          \"show\": true,\n          \"name\": \"\",\n          \"nameGap\": 15,\n          \"nameTextStyle\": {\n            \"color\": \"#B9B8CE\",\n            \"fontSize\": 12\n          },\n          \"inverse\": false,\n          \"axisLabel\": {\n            \"show\": true,\n            \"fontSize\": 12,\n            \"color\": \"#B9B8CE\",\n            \"rotate\": 0\n          },\n          \"position\": \"bottom\",\n          \"axisLine\": {\n            \"show\": true,\n            \"lineStyle\": {\n              \"color\": \"#B9B8CE\",\n              \"width\": 1\n            },\n            \"onZero\": true\n          },\n          \"axisTick\": {\n            \"show\": true,\n            \"length\": 5\n          },\n          \"splitLine\": {\n            \"show\": false,\n            \"lineStyle\": {\n              \"color\": \"#484753\",\n              \"width\": 1,\n              \"type\": \"solid\"\n            }\n          },\n          \"type\": \"category\"\n        },\n        \"yAxis\": {\n          \"show\": true,\n          \"name\": \"\",\n          \"nameGap\": 15,\n          \"nameTextStyle\": {\n            \"color\": \"#B9B8CE\",\n            \"fontSize\": 12\n          },\n          \"inverse\": false,\n          \"axisLabel\": {\n            \"show\": true,\n            \"fontSize\": 12,\n            \"color\": \"#B9B8CE\",\n            \"rotate\": 0\n          },\n          \"position\": \"left\",\n          \"axisLine\": {\n            \"show\": true,\n            \"lineStyle\": {\n              \"color\": \"#B9B8CE\",\n              \"width\": 1\n            },\n            \"onZero\": true\n          },\n          \"axisTick\": {\n            \"show\": true,\n            \"length\": 5\n          },\n          \"splitLine\": {\n            \"show\": true,\n            \"lineStyle\": {\n              \"color\": \"#484753\",\n              \"width\": 1,\n              \"type\": \"solid\"\n            }\n          },\n          \"type\": \"value\"\n        },\n        \"grid\": {\n          \"show\": false,\n          \"left\": \"10%\",\n          \"top\": \"60\",\n          \"right\": \"10%\",\n          \"bottom\": \"60\"\n        },\n        \"tooltip\": {\n          \"show\": true,\n          \"trigger\": \"axis\",\n          \"axisPointer\": {\n            \"show\": true,\n            \"type\": \"shadow\"\n          }\n        },\n        \"dataset\": {\n          \"dimensions\": [\n            \"product\",\n            \"data1\",\n            \"data2\"\n          ],\n          \"source\": [\n            {\n              \"product\": \"1月\",\n              \"data1\": 104,\n              \"data2\": 30\n            },\n            {\n              \"product\": \"2月\",\n              \"data1\": 56,\n              \"data2\": 56\n            },\n            {\n              \"product\": \"3月\",\n              \"data1\": 136,\n              \"data2\": 36\n            },\n            {\n              \"product\": \"4月\",\n              \"data1\": 86,\n              \"data2\": 6\n            },\n            {\n              \"product\": \"5月\",\n              \"data1\": 98,\n              \"data2\": 10\n            },\n            {\n              \"product\": \"6月\",\n              \"data1\": 86,\n              \"data2\": 70\n            },\n            {\n              \"product\": \"7月\",\n              \"data1\": 77,\n              \"data2\": 57\n            }\n          ]\n        },\n        \"series\": [\n          {\n            \"type\": \"bar\",\n            \"barWidth\": 15,\n            \"label\": {\n              \"show\": true,\n              \"position\": \"top\",\n              \"color\": \"#fff\",\n              \"fontSize\": 12\n            },\n            \"itemStyle\": {\n              \"color\": null,\n              \"borderRadius\": 2\n            }\n          },\n          {\n            \"type\": \"line\",\n            \"symbol\": \"circle\",\n            \"label\": {\n              \"show\": true,\n              \"position\": \"top\",\n              \"color\": \"#fff\",\n              \"fontSize\": 12\n            },\n            \"symbolSize\": 5,\n            \"itemStyle\": {\n              \"color\": \"#FFE47A\",\n              \"borderWidth\": 1\n            },\n            \"lineStyle\": {\n              \"type\": \"solid\",\n              \"width\": 3,\n              \"color\": null\n            }\n          }\n        ],\n        \"backgroundColor\": \"rgba(0,0,0,0)\"\n      }\n    }\n  ],\n  \"requestGlobalConfig\": {\n    \"requestDataPond\": [],\n    \"requestOriginUrl\": \"\",\n    \"requestInterval\": 30,\n    \"requestIntervalUnit\": \"second\",\n    \"requestParams\": {\n      \"Body\": {\n        \"form-data\": {},\n        \"x-www-form-urlencoded\": {},\n        \"json\": \"\",\n        \"xml\": \"\"\n      },\n      \"Header\": {},\n      \"Params\": {}\n    }\n  }\n}');
INSERT INTO `screen_project` VALUES ('84eb4246d18645f591dd212d945951ef', '', 1, 0, 'admin', '2023-09-08 05:41:43', 'admin', '2023-09-20 14:47:43', '1thwi07iesps00', 'http://110.40.157.36:9000/ezdata/84eb4246d18645f591dd212d945951ef_index_preview.png', '', 1, '{\r\n  \"editCanvasConfig\": {\r\n    \"projectName\": \"1thwi07iesps00\",\r\n    \"width\": 1920,\r\n    \"height\": 1080,\r\n    \"filterShow\": false,\r\n    \"hueRotate\": 0,\r\n    \"saturate\": 1,\r\n    \"contrast\": 1,\r\n    \"brightness\": 1,\r\n    \"opacity\": 1,\r\n    \"rotateZ\": 0,\r\n    \"rotateX\": 0,\r\n    \"rotateY\": 0,\r\n    \"skewX\": 0,\r\n    \"skewY\": 0,\r\n    \"blendMode\": \"normal\",\r\n    \"background\": null,\r\n    \"backgroundImage\": null,\r\n    \"selectColor\": true,\r\n    \"chartThemeColor\": \"dark\",\r\n    \"chartCustomThemeColorInfo\": null,\r\n    \"chartThemeSetting\": {\r\n      \"title\": {\r\n        \"show\": true,\r\n        \"textStyle\": {\r\n          \"color\": \"#BFBFBF\",\r\n          \"fontSize\": 18\r\n        },\r\n        \"subtextStyle\": {\r\n          \"color\": \"#A2A2A2\",\r\n          \"fontSize\": 14\r\n        }\r\n      },\r\n      \"xAxis\": {\r\n        \"show\": true,\r\n        \"name\": \"\",\r\n        \"nameGap\": 15,\r\n        \"nameTextStyle\": {\r\n          \"color\": \"#B9B8CE\",\r\n          \"fontSize\": 12\r\n        },\r\n        \"inverse\": false,\r\n        \"axisLabel\": {\r\n          \"show\": true,\r\n          \"fontSize\": 12,\r\n          \"color\": \"#B9B8CE\",\r\n          \"rotate\": 0\r\n        },\r\n        \"position\": \"bottom\",\r\n        \"axisLine\": {\r\n          \"show\": true,\r\n          \"lineStyle\": {\r\n            \"color\": \"#B9B8CE\",\r\n            \"width\": 1\r\n          },\r\n          \"onZero\": true\r\n        },\r\n        \"axisTick\": {\r\n          \"show\": true,\r\n          \"length\": 5\r\n        },\r\n        \"splitLine\": {\r\n          \"show\": false,\r\n          \"lineStyle\": {\r\n            \"color\": \"#484753\",\r\n            \"width\": 1,\r\n            \"type\": \"solid\"\r\n          }\r\n        }\r\n      },\r\n      \"yAxis\": {\r\n        \"show\": true,\r\n        \"name\": \"\",\r\n        \"nameGap\": 15,\r\n        \"nameTextStyle\": {\r\n          \"color\": \"#B9B8CE\",\r\n          \"fontSize\": 12\r\n        },\r\n        \"inverse\": false,\r\n        \"axisLabel\": {\r\n          \"show\": true,\r\n          \"fontSize\": 12,\r\n          \"color\": \"#B9B8CE\",\r\n          \"rotate\": 0\r\n        },\r\n        \"position\": \"left\",\r\n        \"axisLine\": {\r\n          \"show\": true,\r\n          \"lineStyle\": {\r\n            \"color\": \"#B9B8CE\",\r\n            \"width\": 1\r\n          },\r\n          \"onZero\": true\r\n        },\r\n        \"axisTick\": {\r\n          \"show\": true,\r\n          \"length\": 5\r\n        },\r\n        \"splitLine\": {\r\n          \"show\": true,\r\n          \"lineStyle\": {\r\n            \"color\": \"#484753\",\r\n            \"width\": 1,\r\n            \"type\": \"solid\"\r\n          }\r\n        }\r\n      },\r\n      \"legend\": {\r\n        \"show\": true,\r\n        \"type\": \"scroll\",\r\n        \"x\": \"center\",\r\n        \"y\": \"top\",\r\n        \"icon\": \"circle\",\r\n        \"orient\": \"horizontal\",\r\n        \"textStyle\": {\r\n          \"color\": \"#B9B8CE\",\r\n          \"fontSize\": 18\r\n        },\r\n        \"itemHeight\": 15,\r\n        \"itemWidth\": 15,\r\n        \"pageTextStyle\": {\r\n          \"color\": \"#B9B8CE\"\r\n        }\r\n      },\r\n      \"grid\": {\r\n        \"show\": false,\r\n        \"left\": \"10%\",\r\n        \"top\": \"60\",\r\n        \"right\": \"10%\",\r\n        \"bottom\": \"60\"\r\n      },\r\n      \"dataset\": null,\r\n      \"renderer\": \"svg\"\r\n    },\r\n    \"previewScaleType\": \"fit\"\r\n  },\r\n  \"componentList\": [\r\n    {\r\n      \"id\": \"1p0z42xk9xr400\",\r\n      \"isGroup\": false,\r\n      \"attr\": {\r\n        \"x\": 279,\r\n        \"y\": 430,\r\n        \"w\": 500,\r\n        \"h\": 300,\r\n        \"offsetX\": 0,\r\n        \"offsetY\": 0,\r\n        \"zIndex\": -1\r\n      },\r\n      \"styles\": {\r\n        \"filterShow\": false,\r\n        \"hueRotate\": 0,\r\n        \"saturate\": 1,\r\n        \"contrast\": 1,\r\n        \"brightness\": 1,\r\n        \"opacity\": 1,\r\n        \"rotateZ\": 0,\r\n        \"rotateX\": 0,\r\n        \"rotateY\": 0,\r\n        \"skewX\": 0,\r\n        \"skewY\": 0,\r\n        \"blendMode\": \"normal\",\r\n        \"animations\": []\r\n      },\r\n      \"preview\": {\r\n        \"overFlowHidden\": false\r\n      },\r\n      \"status\": {\r\n        \"lock\": false,\r\n        \"hide\": false\r\n      },\r\n      \"request\": {\r\n        \"requestDataType\": 0,\r\n        \"requestHttpType\": \"get\",\r\n        \"requestUrl\": \"\",\r\n        \"requestInterval\": null,\r\n        \"requestIntervalUnit\": \"second\",\r\n        \"requestContentType\": 0,\r\n        \"requestParamsBodyType\": \"none\",\r\n        \"requestSQLContent\": {\r\n          \"sql\": \"select * from  where\"\r\n        },\r\n        \"requestParams\": {\r\n          \"Body\": {\r\n            \"form-data\": {},\r\n            \"x-www-form-urlencoded\": {},\r\n            \"json\": \"\",\r\n            \"xml\": \"\"\r\n          },\r\n          \"Header\": {},\r\n          \"Params\": {}\r\n        }\r\n      },\r\n      \"filter\": null,\r\n      \"events\": {\r\n        \"baseEvent\": {\r\n          \"click\": null,\r\n          \"dblclick\": null,\r\n          \"mouseenter\": null,\r\n          \"mouseleave\": null\r\n        },\r\n        \"advancedEvents\": {\r\n          \"vnodeMounted\": null,\r\n          \"vnodeBeforeMount\": null\r\n        },\r\n        \"interactEvents\": []\r\n      },\r\n      \"key\": \"BarCrossrange\",\r\n      \"chartConfig\": {\r\n        \"key\": \"BarCrossrange\",\r\n        \"chartKey\": \"VBarCrossrange\",\r\n        \"conKey\": \"VCBarCrossrange\",\r\n        \"title\": \"横向柱状图\",\r\n        \"category\": \"Bars\",\r\n        \"categoryName\": \"柱状图\",\r\n        \"package\": \"Charts\",\r\n        \"chartFrame\": \"echarts\",\r\n        \"image\": \"bar_y.png\"\r\n      },\r\n      \"option\": {\r\n        \"legend\": {\r\n          \"show\": true,\r\n          \"type\": \"scroll\",\r\n          \"x\": \"center\",\r\n          \"y\": \"top\",\r\n          \"icon\": \"circle\",\r\n          \"orient\": \"horizontal\",\r\n          \"textStyle\": {\r\n            \"color\": \"#B9B8CE\",\r\n            \"fontSize\": 18\r\n          },\r\n          \"itemHeight\": 15,\r\n          \"itemWidth\": 15,\r\n          \"pageTextStyle\": {\r\n            \"color\": \"#B9B8CE\"\r\n          }\r\n        },\r\n        \"xAxis\": {\r\n          \"show\": true,\r\n          \"name\": \"\",\r\n          \"nameGap\": 15,\r\n          \"nameTextStyle\": {\r\n            \"color\": \"#B9B8CE\",\r\n            \"fontSize\": 12\r\n          },\r\n          \"inverse\": false,\r\n          \"axisLabel\": {\r\n            \"show\": true,\r\n            \"fontSize\": 12,\r\n            \"color\": \"#B9B8CE\",\r\n            \"rotate\": 0\r\n          },\r\n          \"position\": \"bottom\",\r\n          \"axisLine\": {\r\n            \"show\": true,\r\n            \"lineStyle\": {\r\n              \"color\": \"#B9B8CE\",\r\n              \"width\": 1\r\n            },\r\n            \"onZero\": true\r\n          },\r\n          \"axisTick\": {\r\n            \"show\": true,\r\n            \"length\": 5\r\n          },\r\n          \"splitLine\": {\r\n            \"show\": false,\r\n            \"lineStyle\": {\r\n              \"color\": \"#484753\",\r\n              \"width\": 1,\r\n              \"type\": \"solid\"\r\n            }\r\n          },\r\n          \"type\": \"value\"\r\n        },\r\n        \"yAxis\": {\r\n          \"show\": true,\r\n          \"name\": \"\",\r\n          \"nameGap\": 15,\r\n          \"nameTextStyle\": {\r\n            \"color\": \"#B9B8CE\",\r\n            \"fontSize\": 12\r\n          },\r\n          \"inverse\": false,\r\n          \"axisLabel\": {\r\n            \"show\": true,\r\n            \"fontSize\": 12,\r\n            \"color\": \"#B9B8CE\",\r\n            \"rotate\": 0\r\n          },\r\n          \"position\": \"left\",\r\n          \"axisLine\": {\r\n            \"show\": true,\r\n            \"lineStyle\": {\r\n              \"color\": \"#B9B8CE\",\r\n              \"width\": 1\r\n            },\r\n            \"onZero\": true\r\n          },\r\n          \"axisTick\": {\r\n            \"show\": true,\r\n            \"length\": 5\r\n          },\r\n          \"splitLine\": {\r\n            \"show\": true,\r\n            \"lineStyle\": {\r\n              \"color\": \"#484753\",\r\n              \"width\": 1,\r\n              \"type\": \"solid\"\r\n            }\r\n          },\r\n          \"type\": \"category\"\r\n        },\r\n        \"grid\": {\r\n          \"show\": false,\r\n          \"left\": \"10%\",\r\n          \"top\": \"60\",\r\n          \"right\": \"10%\",\r\n          \"bottom\": \"60\"\r\n        },\r\n        \"tooltip\": {\r\n          \"show\": true,\r\n          \"trigger\": \"axis\",\r\n          \"axisPointer\": {\r\n            \"show\": true,\r\n            \"type\": \"shadow\"\r\n          }\r\n        },\r\n        \"dataset\": {\r\n          \"dimensions\": [\r\n            \"product\",\r\n            \"data1\",\r\n            \"data2\"\r\n          ],\r\n          \"source\": [\r\n            {\r\n              \"product\": \"Mon\",\r\n              \"data1\": 120,\r\n              \"data2\": 130\r\n            },\r\n            {\r\n              \"product\": \"Tue\",\r\n              \"data1\": 200,\r\n              \"data2\": 130\r\n            },\r\n            {\r\n              \"product\": \"Wed\",\r\n              \"data1\": 150,\r\n              \"data2\": 312\r\n            },\r\n            {\r\n              \"product\": \"Thu\",\r\n              \"data1\": 80,\r\n              \"data2\": 268\r\n            },\r\n            {\r\n              \"product\": \"Fri\",\r\n              \"data1\": 70,\r\n              \"data2\": 155\r\n            },\r\n            {\r\n              \"product\": \"Sat\",\r\n              \"data1\": 110,\r\n              \"data2\": 117\r\n            },\r\n            {\r\n              \"product\": \"Sun\",\r\n              \"data1\": 130,\r\n              \"data2\": 160\r\n            }\r\n          ]\r\n        },\r\n        \"series\": [\r\n          {\r\n            \"type\": \"bar\",\r\n            \"barWidth\": null,\r\n            \"label\": {\r\n              \"show\": true,\r\n              \"position\": \"right\",\r\n              \"color\": \"#fff\",\r\n              \"fontSize\": 12\r\n            },\r\n            \"itemStyle\": {\r\n              \"color\": null,\r\n              \"borderRadius\": 0\r\n            }\r\n          },\r\n          {\r\n            \"type\": \"bar\",\r\n            \"barWidth\": null,\r\n            \"label\": {\r\n              \"show\": true,\r\n              \"position\": \"right\",\r\n              \"color\": \"#fff\",\r\n              \"fontSize\": 12\r\n            },\r\n            \"itemStyle\": {\r\n              \"color\": null,\r\n              \"borderRadius\": 0\r\n            }\r\n          }\r\n        ],\r\n        \"backgroundColor\": \"rgba(0,0,0,0)\"\r\n      }\r\n    }\r\n  ],\r\n  \"requestGlobalConfig\": {\r\n    \"requestDataPond\": [],\r\n    \"requestOriginUrl\": \"\",\r\n    \"requestInterval\": 30,\r\n    \"requestIntervalUnit\": \"second\",\r\n    \"requestParams\": {\r\n      \"Body\": {\r\n        \"form-data\": {},\r\n        \"x-www-form-urlencoded\": {},\r\n        \"json\": \"\",\r\n        \"xml\": \"\"\r\n      },\r\n      \"Header\": {},\r\n      \"Params\": {}\r\n    }\r\n  }\r\n}');
INSERT INTO `screen_project` VALUES ('b2f5c209b6e3459092535b51d9f7b7d0', '', 1, 0, 'admin', '2023-08-23 03:25:10', 'admin', '2023-09-13 08:00:53', '3gt73vduy2a000', 'http://110.40.157.36:9000/ezdata/b2f5c209b6e3459092535b51d9f7b7d0_index_preview.png', '', 1, '{\r\n  \"editCanvasConfig\": {\r\n    \"projectName\": \"3gt73vduy2a000\",\r\n    \"width\": 1920,\r\n    \"height\": 1080,\r\n    \"filterShow\": false,\r\n    \"hueRotate\": 0,\r\n    \"saturate\": 1,\r\n    \"contrast\": 1,\r\n    \"brightness\": 1,\r\n    \"opacity\": 1,\r\n    \"rotateZ\": 0,\r\n    \"rotateX\": 0,\r\n    \"rotateY\": 0,\r\n    \"skewX\": 0,\r\n    \"skewY\": 0,\r\n    \"blendMode\": \"normal\",\r\n    \"background\": null,\r\n    \"backgroundImage\": null,\r\n    \"selectColor\": true,\r\n    \"chartThemeColor\": \"dark\",\r\n    \"chartCustomThemeColorInfo\": null,\r\n    \"chartThemeSetting\": {\r\n      \"title\": {\r\n        \"show\": true,\r\n        \"textStyle\": {\r\n          \"color\": \"#BFBFBF\",\r\n          \"fontSize\": 18\r\n        },\r\n        \"subtextStyle\": {\r\n          \"color\": \"#A2A2A2\",\r\n          \"fontSize\": 14\r\n        }\r\n      },\r\n      \"xAxis\": {\r\n        \"show\": true,\r\n        \"name\": \"\",\r\n        \"nameGap\": 15,\r\n        \"nameTextStyle\": {\r\n          \"color\": \"#B9B8CE\",\r\n          \"fontSize\": 12\r\n        },\r\n        \"inverse\": false,\r\n        \"axisLabel\": {\r\n          \"show\": true,\r\n          \"fontSize\": 12,\r\n          \"color\": \"#B9B8CE\",\r\n          \"rotate\": 0\r\n        },\r\n        \"position\": \"bottom\",\r\n        \"axisLine\": {\r\n          \"show\": true,\r\n          \"lineStyle\": {\r\n            \"color\": \"#B9B8CE\",\r\n            \"width\": 1\r\n          },\r\n          \"onZero\": true\r\n        },\r\n        \"axisTick\": {\r\n          \"show\": true,\r\n          \"length\": 5\r\n        },\r\n        \"splitLine\": {\r\n          \"show\": false,\r\n          \"lineStyle\": {\r\n            \"color\": \"#484753\",\r\n            \"width\": 1,\r\n            \"type\": \"solid\"\r\n          }\r\n        }\r\n      },\r\n      \"yAxis\": {\r\n        \"show\": true,\r\n        \"name\": \"\",\r\n        \"nameGap\": 15,\r\n        \"nameTextStyle\": {\r\n          \"color\": \"#B9B8CE\",\r\n          \"fontSize\": 12\r\n        },\r\n        \"inverse\": false,\r\n        \"axisLabel\": {\r\n          \"show\": true,\r\n          \"fontSize\": 12,\r\n          \"color\": \"#B9B8CE\",\r\n          \"rotate\": 0\r\n        },\r\n        \"position\": \"left\",\r\n        \"axisLine\": {\r\n          \"show\": true,\r\n          \"lineStyle\": {\r\n            \"color\": \"#B9B8CE\",\r\n            \"width\": 1\r\n          },\r\n          \"onZero\": true\r\n        },\r\n        \"axisTick\": {\r\n          \"show\": true,\r\n          \"length\": 5\r\n        },\r\n        \"splitLine\": {\r\n          \"show\": true,\r\n          \"lineStyle\": {\r\n            \"color\": \"#484753\",\r\n            \"width\": 1,\r\n            \"type\": \"solid\"\r\n          }\r\n        }\r\n      },\r\n      \"legend\": {\r\n        \"show\": true,\r\n        \"type\": \"scroll\",\r\n        \"x\": \"center\",\r\n        \"y\": \"top\",\r\n        \"icon\": \"circle\",\r\n        \"orient\": \"horizontal\",\r\n        \"textStyle\": {\r\n          \"color\": \"#B9B8CE\",\r\n          \"fontSize\": 18\r\n        },\r\n        \"itemHeight\": 15,\r\n        \"itemWidth\": 15,\r\n        \"pageTextStyle\": {\r\n          \"color\": \"#B9B8CE\"\r\n        }\r\n      },\r\n      \"grid\": {\r\n        \"show\": false,\r\n        \"left\": \"10%\",\r\n        \"top\": \"60\",\r\n        \"right\": \"10%\",\r\n        \"bottom\": \"60\"\r\n      },\r\n      \"dataset\": null,\r\n      \"renderer\": \"svg\"\r\n    },\r\n    \"previewScaleType\": \"fit\"\r\n  },\r\n  \"componentList\": [\r\n    {\r\n      \"id\": \"2g9hqpzsyesk00\",\r\n      \"isGroup\": false,\r\n      \"attr\": {\r\n        \"x\": 302,\r\n        \"y\": 290,\r\n        \"w\": 500,\r\n        \"h\": 300,\r\n        \"offsetX\": 0,\r\n        \"offsetY\": 0,\r\n        \"zIndex\": -1\r\n      },\r\n      \"styles\": {\r\n        \"filterShow\": false,\r\n        \"hueRotate\": 0,\r\n        \"saturate\": 1,\r\n        \"contrast\": 1,\r\n        \"brightness\": 1,\r\n        \"opacity\": 1,\r\n        \"rotateZ\": 0,\r\n        \"rotateX\": 0,\r\n        \"rotateY\": 0,\r\n        \"skewX\": 0,\r\n        \"skewY\": 0,\r\n        \"blendMode\": \"normal\",\r\n        \"animations\": []\r\n      },\r\n      \"preview\": {\r\n        \"overFlowHidden\": false\r\n      },\r\n      \"status\": {\r\n        \"lock\": false,\r\n        \"hide\": false\r\n      },\r\n      \"request\": {\r\n        \"requestDataType\": 0,\r\n        \"requestHttpType\": \"get\",\r\n        \"requestUrl\": \"\",\r\n        \"requestInterval\": null,\r\n        \"requestIntervalUnit\": \"second\",\r\n        \"requestContentType\": 0,\r\n        \"requestParamsBodyType\": \"none\",\r\n        \"requestSQLContent\": {\r\n          \"sql\": \"select * from  where\"\r\n        },\r\n        \"requestParams\": {\r\n          \"Body\": {\r\n            \"form-data\": {},\r\n            \"x-www-form-urlencoded\": {},\r\n            \"json\": \"\",\r\n            \"xml\": \"\"\r\n          },\r\n          \"Header\": {},\r\n          \"Params\": {}\r\n        }\r\n      },\r\n      \"filter\": null,\r\n      \"events\": {\r\n        \"baseEvent\": {\r\n          \"click\": null,\r\n          \"dblclick\": null,\r\n          \"mouseenter\": null,\r\n          \"mouseleave\": null\r\n        },\r\n        \"advancedEvents\": {\r\n          \"vnodeMounted\": null,\r\n          \"vnodeBeforeMount\": null\r\n        },\r\n        \"interactEvents\": []\r\n      },\r\n      \"key\": \"BarCommon\",\r\n      \"chartConfig\": {\r\n        \"key\": \"BarCommon\",\r\n        \"chartKey\": \"VBarCommon\",\r\n        \"conKey\": \"VCBarCommon\",\r\n        \"title\": \"柱状图\",\r\n        \"category\": \"Bars\",\r\n        \"categoryName\": \"柱状图\",\r\n        \"package\": \"Charts\",\r\n        \"chartFrame\": \"echarts\",\r\n        \"image\": \"bar_x.png\"\r\n      },\r\n      \"option\": {\r\n        \"legend\": {\r\n          \"show\": true,\r\n          \"type\": \"scroll\",\r\n          \"x\": \"center\",\r\n          \"y\": \"top\",\r\n          \"icon\": \"circle\",\r\n          \"orient\": \"horizontal\",\r\n          \"textStyle\": {\r\n            \"color\": \"#B9B8CE\",\r\n            \"fontSize\": 18\r\n          },\r\n          \"itemHeight\": 15,\r\n          \"itemWidth\": 15,\r\n          \"pageTextStyle\": {\r\n            \"color\": \"#B9B8CE\"\r\n          }\r\n        },\r\n        \"xAxis\": {\r\n          \"show\": true,\r\n          \"name\": \"\",\r\n          \"nameGap\": 15,\r\n          \"nameTextStyle\": {\r\n            \"color\": \"#B9B8CE\",\r\n            \"fontSize\": 12\r\n          },\r\n          \"inverse\": false,\r\n          \"axisLabel\": {\r\n            \"show\": true,\r\n            \"fontSize\": 12,\r\n            \"color\": \"#B9B8CE\",\r\n            \"rotate\": 0\r\n          },\r\n          \"position\": \"bottom\",\r\n          \"axisLine\": {\r\n            \"show\": true,\r\n            \"lineStyle\": {\r\n              \"color\": \"#B9B8CE\",\r\n              \"width\": 1\r\n            },\r\n            \"onZero\": true\r\n          },\r\n          \"axisTick\": {\r\n            \"show\": true,\r\n            \"length\": 5\r\n          },\r\n          \"splitLine\": {\r\n            \"show\": false,\r\n            \"lineStyle\": {\r\n              \"color\": \"#484753\",\r\n              \"width\": 1,\r\n              \"type\": \"solid\"\r\n            }\r\n          },\r\n          \"type\": \"category\"\r\n        },\r\n        \"yAxis\": {\r\n          \"show\": true,\r\n          \"name\": \"\",\r\n          \"nameGap\": 15,\r\n          \"nameTextStyle\": {\r\n            \"color\": \"#B9B8CE\",\r\n            \"fontSize\": 12\r\n          },\r\n          \"inverse\": false,\r\n          \"axisLabel\": {\r\n            \"show\": true,\r\n            \"fontSize\": 12,\r\n            \"color\": \"#B9B8CE\",\r\n            \"rotate\": 0\r\n          },\r\n          \"position\": \"left\",\r\n          \"axisLine\": {\r\n            \"show\": true,\r\n            \"lineStyle\": {\r\n              \"color\": \"#B9B8CE\",\r\n              \"width\": 1\r\n            },\r\n            \"onZero\": true\r\n          },\r\n          \"axisTick\": {\r\n            \"show\": true,\r\n            \"length\": 5\r\n          },\r\n          \"splitLine\": {\r\n            \"show\": true,\r\n            \"lineStyle\": {\r\n              \"color\": \"#484753\",\r\n              \"width\": 1,\r\n              \"type\": \"solid\"\r\n            }\r\n          },\r\n          \"type\": \"value\"\r\n        },\r\n        \"grid\": {\r\n          \"show\": false,\r\n          \"left\": \"10%\",\r\n          \"top\": \"60\",\r\n          \"right\": \"10%\",\r\n          \"bottom\": \"60\"\r\n        },\r\n        \"tooltip\": {\r\n          \"show\": true,\r\n          \"trigger\": \"axis\",\r\n          \"axisPointer\": {\r\n            \"show\": true,\r\n            \"type\": \"shadow\"\r\n          }\r\n        },\r\n        \"dataset\": {\r\n          \"dimensions\": [\r\n            \"product\",\r\n            \"data1\",\r\n            \"data2\"\r\n          ],\r\n          \"source\": [\r\n            {\r\n              \"product\": \"Mon\",\r\n              \"data1\": 120,\r\n              \"data2\": 130\r\n            },\r\n            {\r\n              \"product\": \"Tue\",\r\n              \"data1\": 200,\r\n              \"data2\": 130\r\n            },\r\n            {\r\n              \"product\": \"Wed\",\r\n              \"data1\": 150,\r\n              \"data2\": 312\r\n            },\r\n            {\r\n              \"product\": \"Thu\",\r\n              \"data1\": 80,\r\n              \"data2\": 268\r\n            },\r\n            {\r\n              \"product\": \"Fri\",\r\n              \"data1\": 70,\r\n              \"data2\": 155\r\n            },\r\n            {\r\n              \"product\": \"Sat\",\r\n              \"data1\": 110,\r\n              \"data2\": 117\r\n            },\r\n            {\r\n              \"product\": \"Sun\",\r\n              \"data1\": 130,\r\n              \"data2\": 160\r\n            }\r\n          ]\r\n        },\r\n        \"series\": [\r\n          {\r\n            \"type\": \"bar\",\r\n            \"barWidth\": 15,\r\n            \"label\": {\r\n              \"show\": true,\r\n              \"position\": \"top\",\r\n              \"color\": \"#fff\",\r\n              \"fontSize\": 12\r\n            },\r\n            \"itemStyle\": {\r\n              \"color\": null,\r\n              \"borderRadius\": 2\r\n            }\r\n          },\r\n          {\r\n            \"type\": \"bar\",\r\n            \"barWidth\": 15,\r\n            \"label\": {\r\n              \"show\": true,\r\n              \"position\": \"top\",\r\n              \"color\": \"#fff\",\r\n              \"fontSize\": 12\r\n            },\r\n            \"itemStyle\": {\r\n              \"color\": null,\r\n              \"borderRadius\": 2\r\n            }\r\n          }\r\n        ],\r\n        \"backgroundColor\": \"rgba(0,0,0,0)\"\r\n      }\r\n    },\r\n    {\r\n      \"id\": \"la27imtaeww0\",\r\n      \"isGroup\": false,\r\n      \"attr\": {\r\n        \"x\": 839,\r\n        \"y\": 278,\r\n        \"w\": 714,\r\n        \"h\": 383,\r\n        \"offsetX\": 0,\r\n        \"offsetY\": 0,\r\n        \"zIndex\": -1\r\n      },\r\n      \"styles\": {\r\n        \"filterShow\": false,\r\n        \"hueRotate\": 0,\r\n        \"saturate\": 1,\r\n        \"contrast\": 1,\r\n        \"brightness\": 1,\r\n        \"opacity\": 1,\r\n        \"rotateZ\": 0,\r\n        \"rotateX\": 0,\r\n        \"rotateY\": 0,\r\n        \"skewX\": 0,\r\n        \"skewY\": 0,\r\n        \"blendMode\": \"normal\",\r\n        \"animations\": []\r\n      },\r\n      \"preview\": {\r\n        \"overFlowHidden\": false\r\n      },\r\n      \"status\": {\r\n        \"lock\": false,\r\n        \"hide\": false\r\n      },\r\n      \"request\": {\r\n        \"requestDataType\": 0,\r\n        \"requestHttpType\": \"get\",\r\n        \"requestUrl\": \"\",\r\n        \"requestInterval\": null,\r\n        \"requestIntervalUnit\": \"second\",\r\n        \"requestContentType\": 0,\r\n        \"requestParamsBodyType\": \"none\",\r\n        \"requestSQLContent\": {\r\n          \"sql\": \"select * from  where\"\r\n        },\r\n        \"requestParams\": {\r\n          \"Body\": {\r\n            \"form-data\": {},\r\n            \"x-www-form-urlencoded\": {},\r\n            \"json\": \"\",\r\n            \"xml\": \"\"\r\n          },\r\n          \"Header\": {},\r\n          \"Params\": {}\r\n        }\r\n      },\r\n      \"filter\": null,\r\n      \"events\": {\r\n        \"baseEvent\": {\r\n          \"click\": null,\r\n          \"dblclick\": null,\r\n          \"mouseenter\": null,\r\n          \"mouseleave\": null\r\n        },\r\n        \"advancedEvents\": {\r\n          \"vnodeMounted\": null,\r\n          \"vnodeBeforeMount\": null\r\n        },\r\n        \"interactEvents\": []\r\n      },\r\n      \"key\": \"LineLinearSingle\",\r\n      \"chartConfig\": {\r\n        \"key\": \"LineLinearSingle\",\r\n        \"chartKey\": \"VLineLinearSingle\",\r\n        \"conKey\": \"VCLineLinearSingle\",\r\n        \"title\": \"单折线渐变图\",\r\n        \"category\": \"Lines\",\r\n        \"categoryName\": \"折线图\",\r\n        \"package\": \"Charts\",\r\n        \"chartFrame\": \"echarts\",\r\n        \"image\": \"line_linear_single.png\"\r\n      },\r\n      \"option\": {\r\n        \"legend\": {\r\n          \"show\": true,\r\n          \"type\": \"scroll\",\r\n          \"x\": \"center\",\r\n          \"y\": \"top\",\r\n          \"icon\": \"circle\",\r\n          \"orient\": \"horizontal\",\r\n          \"textStyle\": {\r\n            \"color\": \"#B9B8CE\",\r\n            \"fontSize\": 18\r\n          },\r\n          \"itemHeight\": 15,\r\n          \"itemWidth\": 15,\r\n          \"pageTextStyle\": {\r\n            \"color\": \"#B9B8CE\"\r\n          }\r\n        },\r\n        \"xAxis\": {\r\n          \"show\": true,\r\n          \"name\": \"\",\r\n          \"nameGap\": 15,\r\n          \"nameTextStyle\": {\r\n            \"color\": \"#B9B8CE\",\r\n            \"fontSize\": 12\r\n          },\r\n          \"inverse\": false,\r\n          \"axisLabel\": {\r\n            \"show\": true,\r\n            \"fontSize\": 12,\r\n            \"color\": \"#B9B8CE\",\r\n            \"rotate\": 0\r\n          },\r\n          \"position\": \"bottom\",\r\n          \"axisLine\": {\r\n            \"show\": true,\r\n            \"lineStyle\": {\r\n              \"color\": \"#B9B8CE\",\r\n              \"width\": 1\r\n            },\r\n            \"onZero\": true\r\n          },\r\n          \"axisTick\": {\r\n            \"show\": true,\r\n            \"length\": 5\r\n          },\r\n          \"splitLine\": {\r\n            \"show\": false,\r\n            \"lineStyle\": {\r\n              \"color\": \"#484753\",\r\n              \"width\": 1,\r\n              \"type\": \"solid\"\r\n            }\r\n          },\r\n          \"type\": \"category\"\r\n        },\r\n        \"yAxis\": {\r\n          \"show\": true,\r\n          \"name\": \"\",\r\n          \"nameGap\": 15,\r\n          \"nameTextStyle\": {\r\n            \"color\": \"#B9B8CE\",\r\n            \"fontSize\": 12\r\n          },\r\n          \"inverse\": false,\r\n          \"axisLabel\": {\r\n            \"show\": true,\r\n            \"fontSize\": 12,\r\n            \"color\": \"#B9B8CE\",\r\n            \"rotate\": 0\r\n          },\r\n          \"position\": \"left\",\r\n          \"axisLine\": {\r\n            \"show\": true,\r\n            \"lineStyle\": {\r\n              \"color\": \"#B9B8CE\",\r\n              \"width\": 1\r\n            },\r\n            \"onZero\": true\r\n          },\r\n          \"axisTick\": {\r\n            \"show\": true,\r\n            \"length\": 5\r\n          },\r\n          \"splitLine\": {\r\n            \"show\": true,\r\n            \"lineStyle\": {\r\n              \"color\": \"#484753\",\r\n              \"width\": 1,\r\n              \"type\": \"solid\"\r\n            }\r\n          },\r\n          \"type\": \"value\"\r\n        },\r\n        \"grid\": {\r\n          \"show\": false,\r\n          \"left\": \"10%\",\r\n          \"top\": \"60\",\r\n          \"right\": \"10%\",\r\n          \"bottom\": \"60\"\r\n        },\r\n        \"tooltip\": {\r\n          \"show\": true,\r\n          \"trigger\": \"axis\",\r\n          \"axisPointer\": {\r\n            \"type\": \"line\"\r\n          }\r\n        },\r\n        \"dataset\": {\r\n          \"dimensions\": [\r\n            \"product\",\r\n            \"data1\"\r\n          ],\r\n          \"source\": [\r\n            {\r\n              \"product\": \"Mon\",\r\n              \"data1\": 120\r\n            },\r\n            {\r\n              \"product\": \"Tue\",\r\n              \"data1\": 200\r\n            },\r\n            {\r\n              \"product\": \"Wed\",\r\n              \"data1\": 150\r\n            },\r\n            {\r\n              \"product\": \"Thu\",\r\n              \"data1\": 80\r\n            },\r\n            {\r\n              \"product\": \"Fri\",\r\n              \"data1\": 70\r\n            },\r\n            {\r\n              \"product\": \"Sat\",\r\n              \"data1\": 110\r\n            },\r\n            {\r\n              \"product\": \"Sun\",\r\n              \"data1\": 130\r\n            }\r\n          ]\r\n        },\r\n        \"series\": [\r\n          {\r\n            \"type\": \"line\",\r\n            \"symbolSize\": 5,\r\n            \"lineStyle\": {\r\n              \"type\": \"solid\",\r\n              \"width\": 3,\r\n              \"color\": {\r\n                \"type\": \"linear\",\r\n                \"x\": 0,\r\n                \"y\": 0,\r\n                \"x2\": 0,\r\n                \"y2\": 1,\r\n                \"colorStops\": [\r\n                  {\r\n                    \"offset\": 0,\r\n                    \"color\": \"#4992ff\"\r\n                  },\r\n                  {\r\n                    \"offset\": 1,\r\n                    \"color\": \"#7cffb2\"\r\n                  }\r\n                ],\r\n                \"globalCoord\": false\r\n              },\r\n              \"shadowColor\": \"rgba(68, 181, 226, 0.3)\",\r\n              \"shadowBlur\": 10,\r\n              \"shadowOffsetY\": 20\r\n            }\r\n          }\r\n        ],\r\n        \"backgroundColor\": \"rgba(0,0,0,0)\"\r\n      }\r\n    }\r\n  ],\r\n  \"requestGlobalConfig\": {\r\n    \"requestDataPond\": [],\r\n    \"requestOriginUrl\": \"\",\r\n    \"requestInterval\": 30,\r\n    \"requestIntervalUnit\": \"second\",\r\n    \"requestParams\": {\r\n      \"Body\": {\r\n        \"form-data\": {},\r\n        \"x-www-form-urlencoded\": {},\r\n        \"json\": \"\",\r\n        \"xml\": \"\"\r\n      },\r\n      \"Header\": {},\r\n      \"Params\": {}\r\n    }\r\n  }\r\n}');
INSERT INTO `screen_project` VALUES ('b9985288465641c492dc133c2adc6fbb', '', 1, 0, 'admin', '2023-10-12 03:12:00', '', '2023-10-12 03:12:00', '4n6zqph4n2u000', '', '', -1, '{}');
COMMIT;

-- ----------------------------
-- Table structure for sys_depart
-- ----------------------------
DROP TABLE IF EXISTS `sys_depart`;
CREATE TABLE `sys_depart` (
  `id` int NOT NULL AUTO_INCREMENT COMMENT 'id主键',
  `description` text CHARACTER SET utf8mb4 COLLATE utf8mb4_general_ci COMMENT '简介',
  `sort_no` float DEFAULT NULL COMMENT '排序',
  `del_flag` smallint DEFAULT NULL COMMENT '软删除标记',
  `create_by` varchar(100) CHARACTER SET utf8mb4 COLLATE utf8mb4_general_ci DEFAULT NULL COMMENT '创建者',
  `create_time` timestamp NULL DEFAULT CURRENT_TIMESTAMP COMMENT '创建时间',
  `update_by` varchar(100) CHARACTER SET utf8mb4 COLLATE utf8mb4_general_ci DEFAULT NULL COMMENT '修改者',
  `update_time` timestamp NULL DEFAULT CURRENT_TIMESTAMP ON UPDATE CURRENT_TIMESTAMP COMMENT '修改时间',
  `depart_name` varchar(100) CHARACTER SET utf8mb4 COLLATE utf8mb4_general_ci DEFAULT NULL COMMENT '机构/部门名称',
  `parent_id` int DEFAULT NULL COMMENT '父级ID',
  `depart_name_en` varchar(500) CHARACTER SET utf8mb4 COLLATE utf8mb4_general_ci DEFAULT NULL COMMENT '英文名',
  `depart_name_abbr` varchar(500) CHARACTER SET utf8mb4 COLLATE utf8mb4_general_ci DEFAULT NULL COMMENT '缩写',
  `org_category` smallint DEFAULT NULL COMMENT '机构类别 1公司，2组织机构，2岗位',
  `org_type` smallint DEFAULT NULL COMMENT '机构类型 1一级部门 2子部门',
  `org_code` varchar(100) CHARACTER SET utf8mb4 COLLATE utf8mb4_general_ci DEFAULT NULL COMMENT '机构编码',
  `mobile` varchar(32) CHARACTER SET utf8mb4 COLLATE utf8mb4_general_ci DEFAULT NULL COMMENT '手机号',
  `fax` varchar(32) CHARACTER SET utf8mb4 COLLATE utf8mb4_general_ci DEFAULT NULL COMMENT '传真',
  `address` varchar(100) CHARACTER SET utf8mb4 COLLATE utf8mb4_general_ci DEFAULT NULL COMMENT '地址',
  `memo` varchar(500) CHARACTER SET utf8mb4 COLLATE utf8mb4_general_ci DEFAULT NULL COMMENT '备注',
  `status` smallint DEFAULT NULL COMMENT '状态（1启用，0不启用）',
  `qywx_identifier` varchar(100) CHARACTER SET utf8mb4 COLLATE utf8mb4_general_ci DEFAULT NULL COMMENT '对接企业微信的ID',
  `permissions` text CHARACTER SET utf8mb4 COLLATE utf8mb4_general_ci COMMENT '权限列表',
  `is_leaf` smallint DEFAULT NULL COMMENT '是否叶子节点: 1:是   0:不是',
  PRIMARY KEY (`id`),
  KEY `ix_sys_depart_depart_name` (`depart_name`),
  KEY `ix_sys_depart_depart_name_en` (`depart_name_en`),
  KEY `ix_sys_depart_depart_name_abbr` (`depart_name_abbr`),
  KEY `ix_sys_depart_org_code` (`org_code`)
) ENGINE=InnoDB AUTO_INCREMENT=8 DEFAULT CHARSET=utf8mb4 COLLATE=utf8mb4_general_ci;

-- ----------------------------
-- Records of sys_depart
-- ----------------------------
BEGIN;
INSERT INTO `sys_depart` VALUES (1, '', 1, 0, 'admin', '2022-11-06 17:01:20', 'admin', '2023-04-27 14:12:36', '默认机构', NULL, NULL, NULL, 1, 1, 'org_1', '18815593959', '1', '134234', '1', 1, NULL, '[\"42\", \"44\"]', 0);
INSERT INTO `sys_depart` VALUES (5, '', 3, 0, 'admin', '2022-11-12 14:19:08', 'admin', '2023-04-27 17:36:38', '管理员组', 1, NULL, NULL, 2, 1, 'org_5', NULL, NULL, NULL, NULL, 1, NULL, '[\"1\", \"3\", \"2\", \"25\", \"26\", \"98\", \"97\", \"96\", \"27\", \"102\", \"101\", \"100\", \"99\", \"37\", \"106\", \"105\", \"104\", \"103\", \"28\", \"110\", \"109\", \"108\", \"107\", \"31\", \"32\", \"83\", \"82\", \"81\", \"80\", \"33\", \"91\", \"87\", \"86\", \"85\", \"84\", \"35\", \"89\", \"88\", \"34\", \"95\", \"94\", \"93\", \"92\", \"90\", \"20\", \"21\", \"38\", \"41\", \"40\", \"78\", \"39\", \"79\", \"23\", \"24\", \"77\", \"76\", \"75\", \"74\", \"4\", \"18\", \"5\", \"73\", \"72\", \"71\", \"7\", \"6\", \"10\", \"70\", \"69\", \"68\", \"11\", \"67\", \"66\", \"65\", \"12\", \"64\", \"63\", \"62\", \"61\", \"13\", \"22\", \"19\", \"59\", \"58\", \"57\", \"14\", \"56\", \"55\", \"54\", \"15\", \"53\", \"52\", \"16\", \"49\", \"48\", \"47\", \"46\", \"45\", \"44\", \"43\", \"42\", \"17\", \"51\", \"50\"]', 1);
INSERT INTO `sys_depart` VALUES (6, '', 0, 0, 'admin', '2022-11-13 03:53:18', '', '2022-11-19 19:18:05', '普通用户组', 1, NULL, NULL, 2, 1, 'org_6', NULL, NULL, NULL, NULL, 1, NULL, '[\"1\", \"3\", \"2\", \"4\", \"18\", \"16\", \"17\", \"13\", \"20\", \"21\"]', 1);
INSERT INTO `sys_depart` VALUES (7, '', 0, 0, 'admin', '2023-04-27 17:40:57', 'admin', '2023-04-27 17:41:07', '开发组', 1, NULL, NULL, 2, 1, 'org_7', NULL, NULL, NULL, NULL, 1, NULL, '[]', 1);
COMMIT;

-- ----------------------------
-- Table structure for sys_dict
-- ----------------------------
DROP TABLE IF EXISTS `sys_dict`;
CREATE TABLE `sys_dict` (
  `id` int NOT NULL AUTO_INCREMENT COMMENT 'id主键',
  `description` text CHARACTER SET utf8mb4 COLLATE utf8mb4_general_ci COMMENT '简介',
  `sort_no` float DEFAULT NULL COMMENT '排序',
  `del_flag` smallint DEFAULT NULL COMMENT '软删除标记',
  `create_by` varchar(100) CHARACTER SET utf8mb4 COLLATE utf8mb4_general_ci DEFAULT NULL COMMENT '创建者',
  `create_time` timestamp NULL DEFAULT CURRENT_TIMESTAMP COMMENT '创建时间',
  `update_by` varchar(100) CHARACTER SET utf8mb4 COLLATE utf8mb4_general_ci DEFAULT NULL COMMENT '修改者',
  `update_time` timestamp NULL DEFAULT CURRENT_TIMESTAMP ON UPDATE CURRENT_TIMESTAMP COMMENT '修改时间',
  `dict_name` varchar(100) CHARACTER SET utf8mb4 COLLATE utf8mb4_general_ci DEFAULT NULL COMMENT '字典名称',
  `dict_code` varchar(100) CHARACTER SET utf8mb4 COLLATE utf8mb4_general_ci DEFAULT NULL COMMENT '字典编码',
  `type` smallint DEFAULT NULL COMMENT '字典值类型，0为string,1为number',
  PRIMARY KEY (`id`)
) ENGINE=InnoDB AUTO_INCREMENT=32 DEFAULT CHARSET=utf8mb4 COLLATE=utf8mb4_general_ci;

-- ----------------------------
-- Records of sys_dict
-- ----------------------------
BEGIN;
INSERT INTO `sys_dict` VALUES (2, '', 1, 0, 'admin', '2022-11-02 07:57:21', 'admin', '2022-11-02 08:36:44', '性别', 'sex', 1);
INSERT INTO `sys_dict` VALUES (3, '', 1, 0, 'admin', '2022-11-02 08:35:23', 'admin', '2023-07-11 03:30:36', '字典项状态', 'dict_item_status', 1);
INSERT INTO `sys_dict` VALUES (4, '', 1, 0, 'admin', '2022-11-09 05:39:40', '', '2022-11-09 05:39:40', '职务职级', 'position_rank', 1);
INSERT INTO `sys_dict` VALUES (5, '', 1, 0, 'admin', '2022-11-09 09:47:18', '', '2022-11-09 09:47:18', '用户状态', 'user_status', 1);
INSERT INTO `sys_dict` VALUES (6, '', 1, 0, 'admin', '2022-11-09 14:24:13', '', '2022-11-09 14:24:13', '有效无效状态', 'valid_status', 1);
INSERT INTO `sys_dict` VALUES (7, '消息类型1:通知公告2:系统消息', 1, 0, 'admin', '2022-11-14 16:23:46', 'admin', '2022-11-14 16:27:36', '通告类型', 'msg_category', 1);
INSERT INTO `sys_dict` VALUES (8, '优先级', 1, 0, 'admin', '2022-11-14 16:28:19', '', '2022-11-14 16:28:19', '优先级', 'priority', 1);
INSERT INTO `sys_dict` VALUES (9, '发布状态', 1, 0, 'admin', '2022-11-14 16:29:36', 'admin', '2022-11-14 16:29:45', '发布状态', 'send_status', 1);
INSERT INTO `sys_dict` VALUES (10, '', 1, 0, 'admin', '2022-11-14 16:32:09', '', '2022-11-14 16:32:09', '推送类别', 'msg_type', 1);
INSERT INTO `sys_dict` VALUES (11, '', 1, 0, 'admin', '2022-11-24 13:09:32', '', '2022-11-24 13:09:32', '代码生成同步状态', 'code_gen_sync_status', 1);
INSERT INTO `sys_dict` VALUES (12, '', 1, 0, 'admin', '2022-11-24 13:14:02', '', '2022-11-24 13:14:02', '代码生成模型类型', 'code_gen_model_type', 1);
INSERT INTO `sys_dict` VALUES (13, '', 1, 0, 'admin', '2022-11-24 16:57:00', '', '2022-11-24 16:57:00', '代码生成前端类型', 'code_gen_frontend_type', 1);
INSERT INTO `sys_dict` VALUES (14, '', 1, 0, 'admin', '2022-11-24 16:58:52', '', '2022-11-24 16:58:52', '代码生成后端类型', 'code_gen_backend_type', 1);
INSERT INTO `sys_dict` VALUES (15, '', 1, 0, 'admin', '2022-11-29 17:00:48', 'admin', '2022-12-01 16:52:46', 'JVxeTable组件类型', 'jvex_component_types', 1);
INSERT INTO `sys_dict` VALUES (16, '', 1, 0, 'admin', '2022-11-30 17:14:46', '', '2022-11-30 17:14:46', '字段类型', 'field_types', 1);
INSERT INTO `sys_dict` VALUES (17, '', 1, 0, 'admin', '2022-12-17 16:22:10', '', '2022-12-17 16:22:10', '数据源类型', 'datasource_type', 1);
INSERT INTO `sys_dict` VALUES (18, '', 1, 0, 'admin', '2022-12-19 15:46:31', '', '2022-12-19 15:46:31', '数据模型类型', 'datamodel_type', 1);
INSERT INTO `sys_dict` VALUES (19, '', 1, 0, 'admin', '2023-03-07 17:19:44', '', '2023-03-07 17:19:44', '任务模版类型', 'task_template_type', 1);
INSERT INTO `sys_dict` VALUES (20, '', 1, 0, 'admin', '2023-03-07 17:21:33', 'admin', '2023-03-07 17:21:40', '任务组件', 'task_components', 1);
INSERT INTO `sys_dict` VALUES (21, '', 1, 0, 'admin', '2023-03-16 03:53:29', '', '2023-03-16 03:53:29', 'celery任务队列', 'celery_queue', 1);
INSERT INTO `sys_dict` VALUES (22, '', 1, 0, 'admin', '2023-04-03 13:48:42', '', '2023-04-03 13:48:42', '算法类型', 'alg_type', 1);
INSERT INTO `sys_dict` VALUES (23, '', 1, 0, 'admin', '2023-04-03 13:53:15', '', '2023-04-03 13:53:15', '算法表单类型', 'alg_form_type', 1);
INSERT INTO `sys_dict` VALUES (24, '', 1, 0, 'admin', '2023-04-03 13:54:15', '', '2023-04-03 13:54:15', '算法组件', 'alg_component', 1);
INSERT INTO `sys_dict` VALUES (29, '', 1, 0, 'admin', '2023-06-19 16:58:30', '', '2023-06-19 16:58:30', '告警策略模版', 'alert_strategy_template', 1);
INSERT INTO `sys_dict` VALUES (30, '', 1, 0, 'admin', '2023-06-20 06:10:39', '', '2023-06-20 06:10:39', '告警等级', 'alert_level', 1);
INSERT INTO `sys_dict` VALUES (31, '', 1, 0, 'admin', '2023-06-20 07:02:29', '', '2023-06-20 07:02:29', '告警状态', 'alert_status', 1);
COMMIT;

-- ----------------------------
-- Table structure for sys_dict_item
-- ----------------------------
DROP TABLE IF EXISTS `sys_dict_item`;
CREATE TABLE `sys_dict_item` (
  `id` int NOT NULL AUTO_INCREMENT COMMENT 'id主键',
  `description` text CHARACTER SET utf8mb4 COLLATE utf8mb4_general_ci COMMENT '简介',
  `sort_no` float DEFAULT NULL COMMENT '排序',
  `del_flag` smallint DEFAULT NULL COMMENT '软删除标记',
  `create_by` varchar(100) CHARACTER SET utf8mb4 COLLATE utf8mb4_general_ci DEFAULT NULL COMMENT '创建者',
  `create_time` timestamp NULL DEFAULT CURRENT_TIMESTAMP COMMENT '创建时间',
  `update_by` varchar(100) CHARACTER SET utf8mb4 COLLATE utf8mb4_general_ci DEFAULT NULL COMMENT '修改者',
  `update_time` timestamp NULL DEFAULT CURRENT_TIMESTAMP ON UPDATE CURRENT_TIMESTAMP COMMENT '修改时间',
  `dict_id` int DEFAULT NULL COMMENT '所属字典id',
  `name` varchar(50) CHARACTER SET utf8mb4 COLLATE utf8mb4_general_ci DEFAULT NULL COMMENT '字典项文本',
  `value` varchar(50) CHARACTER SET utf8mb4 COLLATE utf8mb4_general_ci DEFAULT NULL COMMENT '字典项值',
  `extend` text CHARACTER SET utf8mb4 COLLATE utf8mb4_general_ci COMMENT '额外参数',
  `status` smallint DEFAULT NULL COMMENT '状态（1启用 0禁用）',
  PRIMARY KEY (`id`)
) ENGINE=InnoDB AUTO_INCREMENT=106 DEFAULT CHARSET=utf8mb4 COLLATE=utf8mb4_general_ci;

-- ----------------------------
-- Records of sys_dict_item
-- ----------------------------
BEGIN;
INSERT INTO `sys_dict_item` VALUES (2, '', 1, 0, 'admin', '2022-11-02 07:57:48', 'admin', '2022-11-02 08:40:36', 2, '男', '1', '{}', 1);
INSERT INTO `sys_dict_item` VALUES (3, '', 1, 0, 'admin', '2022-11-02 07:57:55', 'admin', '2022-11-02 08:45:41', 2, '女', '2', '{}', 1);
INSERT INTO `sys_dict_item` VALUES (4, '', 1, 0, 'admin', '2022-11-02 08:35:49', '', '2022-11-02 08:35:49', 3, '启用', '1', '{}', 1);
INSERT INTO `sys_dict_item` VALUES (5, '', 1, 0, 'admin', '2022-11-02 08:35:59', 'admin', '2022-11-02 08:43:33', 3, '不启用', '0', '{}', 1);
INSERT INTO `sys_dict_item` VALUES (6, '', 1, 0, 'admin', '2022-11-09 05:39:58', '', '2022-11-09 05:39:58', 4, '员级', '1', '{}', 1);
INSERT INTO `sys_dict_item` VALUES (7, '', 1, 0, 'admin', '2022-11-09 05:40:09', '', '2022-11-09 05:40:09', 4, '中级', '3', '{}', 1);
INSERT INTO `sys_dict_item` VALUES (8, '', 1, 0, 'admin', '2022-11-09 05:40:19', '', '2022-11-09 05:40:19', 4, '助级', '2', '{}', 1);
INSERT INTO `sys_dict_item` VALUES (9, '', 1, 0, 'admin', '2022-11-09 05:40:31', '', '2022-11-09 05:40:31', 4, '高级', '4', '{}', 1);
INSERT INTO `sys_dict_item` VALUES (10, '', 2, 0, 'admin', '2022-11-09 09:47:48', 'admin', '2022-11-09 09:48:53', 5, '正常', '1', '{}', 1);
INSERT INTO `sys_dict_item` VALUES (11, '', 1, 0, 'admin', '2022-11-09 09:48:07', '', '2022-11-09 09:48:07', 5, '冻结', '2', '{}', 1);
INSERT INTO `sys_dict_item` VALUES (12, '', 3, 0, 'admin', '2022-11-09 09:48:26', 'admin', '2022-11-09 09:49:01', 5, '禁用', '0', '{}', 1);
INSERT INTO `sys_dict_item` VALUES (13, '', 1, 0, 'admin', '2022-11-09 14:24:26', '', '2022-11-09 14:24:26', 6, '有效', '1', '{}', 1);
INSERT INTO `sys_dict_item` VALUES (14, '', 1, 0, 'admin', '2022-11-09 14:24:40', '', '2022-11-09 14:24:40', 6, '无效', '0', '{}', 1);
INSERT INTO `sys_dict_item` VALUES (15, '', 1, 0, 'admin', '2022-11-14 16:24:10', '', '2022-11-14 16:24:10', 7, '通知公告', '1', '{}', 1);
INSERT INTO `sys_dict_item` VALUES (16, '', 1, 0, 'admin', '2022-11-14 16:24:25', '', '2022-11-14 16:24:25', 7, '系统消息', '2', '{}', 1);
INSERT INTO `sys_dict_item` VALUES (17, '', 1, 0, 'admin', '2022-11-14 16:28:39', '', '2022-11-14 16:28:39', 8, '高', 'H', '{}', 1);
INSERT INTO `sys_dict_item` VALUES (18, '', 1, 0, 'admin', '2022-11-14 16:28:52', '', '2022-11-14 16:28:52', 8, '中', 'M', '{}', 1);
INSERT INTO `sys_dict_item` VALUES (19, '', 1, 0, 'admin', '2022-11-14 16:29:03', '', '2022-11-14 16:29:03', 8, '低', 'L', '{}', 1);
INSERT INTO `sys_dict_item` VALUES (20, '', 1, 0, 'admin', '2022-11-14 16:29:59', '', '2022-11-14 16:29:59', 9, '未发布', '0', '{}', 1);
INSERT INTO `sys_dict_item` VALUES (21, '', 1, 0, 'admin', '2022-11-14 16:30:09', '', '2022-11-14 16:30:09', 9, '已发布', '1', '{}', 1);
INSERT INTO `sys_dict_item` VALUES (22, '', 1, 0, 'admin', '2022-11-14 16:30:19', '', '2022-11-14 16:30:19', 9, '已撤销', '2', '{}', 1);
INSERT INTO `sys_dict_item` VALUES (23, '', 1, 0, 'admin', '2022-11-14 16:32:26', 'admin', '2022-11-21 15:07:24', 10, '指定用户', 'USER', '{}', 1);
INSERT INTO `sys_dict_item` VALUES (24, '', 1, 0, 'admin', '2022-11-14 16:32:39', 'admin', '2022-11-23 08:31:11', 10, '全体用户', 'ALL', '{}', 1);
INSERT INTO `sys_dict_item` VALUES (25, '', 1, 0, 'admin', '2022-11-24 13:10:06', '', '2022-11-24 13:10:06', 11, '已同步', '1', '{}', 1);
INSERT INTO `sys_dict_item` VALUES (26, '', 1, 0, 'admin', '2022-11-24 13:10:25', 'admin', '2022-11-24 13:10:32', 11, '未同步', '0', '{}', 1);
INSERT INTO `sys_dict_item` VALUES (27, '', 1, 0, 'admin', '2022-11-24 13:14:18', '', '2022-11-24 13:14:18', 12, '单表模型', '1', '{}', 1);
INSERT INTO `sys_dict_item` VALUES (28, '', 1, 0, 'admin', '2022-11-24 16:57:16', 'admin', '2022-11-24 16:58:16', 13, 'vue3-antd模版', '1', '{}', 1);
INSERT INTO `sys_dict_item` VALUES (29, '', 1, 0, 'admin', '2022-11-24 16:57:29', 'admin', '2022-12-11 10:23:22', 13, 'vue3-antd原生', '2', '{}', 0);
INSERT INTO `sys_dict_item` VALUES (30, '', 1, 0, 'admin', '2022-11-24 16:57:45', 'admin', '2022-12-11 10:23:28', 13, 'vue2', '3', '{}', 0);
INSERT INTO `sys_dict_item` VALUES (31, '', 1, 0, 'admin', '2022-11-24 16:59:16', '', '2022-11-24 16:59:16', 14, 'flaREDACTEDsqlalchemy模版', '1', '{}', 1);
INSERT INTO `sys_dict_item` VALUES (32, '', 100, 0, 'admin', '2022-11-29 17:02:13', 'admin', '2022-11-29 17:07:04', 15, '输入框', 'Input', '{}', 1);
INSERT INTO `sys_dict_item` VALUES (33, '', 1, 0, 'admin', '2022-11-29 17:03:13', 'admin', '2022-11-29 17:04:38', 15, '字典选择器', 'JDictSelectTag', '{\"dictCode\": \"\", \"placeholder\": \"请选择\", \"stringToNumber\": true}', 1);
INSERT INTO `sys_dict_item` VALUES (34, '', 98, 0, 'admin', '2022-11-29 17:05:43', 'admin', '2022-11-29 17:07:24', 15, '下拉栏', 'JSelectInput', '{\"options\": []}', 1);
INSERT INTO `sys_dict_item` VALUES (35, '', 99, 0, 'admin', '2022-11-29 17:06:52', 'admin', '2022-11-29 17:07:17', 15, '数字输入框', 'InputNumber', '{\"placeholder\": \"请输入\"}', 1);
INSERT INTO `sys_dict_item` VALUES (36, '', 1, 0, 'admin', '2022-11-30 17:15:11', 'admin', '2022-11-30 17:20:21', 16, 'String有限长度字符串', 'String', '{}', 1);
INSERT INTO `sys_dict_item` VALUES (37, '', 1, 0, 'admin', '2022-11-30 17:15:28', 'admin', '2022-11-30 17:19:58', 16, 'Text字符串', 'Text', '{}', 1);
INSERT INTO `sys_dict_item` VALUES (38, '', 1, 0, 'admin', '2022-11-30 17:15:51', 'admin', '2022-11-30 17:19:00', 16, 'Integer整数', 'Integer', '{}', 1);
INSERT INTO `sys_dict_item` VALUES (39, '', 1, 0, 'admin', '2022-11-30 17:16:24', 'admin', '2022-11-30 17:19:19', 16, 'Float浮点数', 'Float', '{}', 1);
INSERT INTO `sys_dict_item` VALUES (40, '', 1, 0, 'admin', '2022-11-30 17:17:19', 'admin', '2022-11-30 17:18:42', 16, 'SmallInteger短整数', 'SmallInteger', '{}', 1);
INSERT INTO `sys_dict_item` VALUES (41, '', 1, 0, 'admin', '2022-11-30 17:17:53', '', '2022-11-30 17:17:53', 16, 'TIMESTAMP时间戳', 'TIMESTAMP', '{}', 1);
INSERT INTO `sys_dict_item` VALUES (42, '', 1, 0, 'admin', '2022-11-30 17:18:25', '', '2022-11-30 17:18:25', 16, 'DateTime时间', 'DateTime', '{}', 1);
INSERT INTO `sys_dict_item` VALUES (43, '', 1, 0, 'admin', '2022-12-01 16:44:01', '', '2022-12-01 16:44:01', 15, '多行文本框', 'TextArea', '{}', 1);
INSERT INTO `sys_dict_item` VALUES (44, '', 100, 0, 'admin', '2022-12-17 16:22:23', 'admin', '2022-12-17 19:25:48', 17, 'mysql', 'mysql', '{}', 1);
INSERT INTO `sys_dict_item` VALUES (45, '', 1, 0, 'admin', '2022-12-17 19:10:21', '', '2022-12-17 19:10:21', 17, 'elasticsearch', 'elasticsearch', '{}', 1);
INSERT INTO `sys_dict_item` VALUES (46, '', 1, 0, 'admin', '2022-12-19 12:28:39', '', '2022-12-19 12:28:39', 17, 'clickhouse', 'clickhouse', '{}', 1);
INSERT INTO `sys_dict_item` VALUES (47, '', 99, 0, 'admin', '2022-12-19 15:46:55', 'admin', '2023-02-08 03:02:16', 18, 'mysql数据表', 'mysql_table', '{}', 1);
INSERT INTO `sys_dict_item` VALUES (48, '', 100, 0, 'admin', '2022-12-19 15:47:44', 'admin', '2023-02-08 03:02:10', 18, 'sql', 'sql', '{}', 1);
INSERT INTO `sys_dict_item` VALUES (49, '', 98, 0, 'admin', '2022-12-20 15:56:51', 'admin', '2023-02-08 03:02:23', 18, 'elasticsearch索引', 'elasticsearch_index', '{}', 1);
INSERT INTO `sys_dict_item` VALUES (50, '', 97, 0, 'admin', '2023-02-08 02:56:41', 'admin', '2023-02-08 03:02:32', 18, 'clickhouse数据表', 'clickhouse_table', '{}', 1);
INSERT INTO `sys_dict_item` VALUES (51, '', 1, 0, 'admin', '2023-02-08 02:57:14', '', '2023-02-08 02:57:14', 18, 'influxdb数据表', 'influxdb_table', '{}', 1);
INSERT INTO `sys_dict_item` VALUES (52, '', 1, 0, 'admin', '2023-02-08 03:00:55', '', '2023-02-08 03:00:55', 18, 'neo4j graph', 'neo4j_graph', '{}', 1);
INSERT INTO `sys_dict_item` VALUES (53, '', 1, 0, 'admin', '2023-02-08 03:01:44', '', '2023-02-08 03:01:44', 18, 'mongodb集合', 'mongodb_collection', '{}', 1);
INSERT INTO `sys_dict_item` VALUES (54, '', 1, 0, 'admin', '2023-02-08 03:02:03', '', '2023-02-08 03:02:03', 18, 'kafka topic', 'kafka_topic', '{}', 1);
INSERT INTO `sys_dict_item` VALUES (55, '', 2, 0, 'admin', '2023-03-07 17:20:23', 'admin', '2023-03-08 10:02:17', 19, '组件型', '1', '{}', 1);
INSERT INTO `sys_dict_item` VALUES (56, '', 1, 0, 'admin', '2023-03-07 17:21:01', 'admin', '2023-03-08 10:02:11', 19, '配置型', '2', '{}', 1);
INSERT INTO `sys_dict_item` VALUES (57, '', 1, 0, 'admin', '2023-03-07 17:22:17', 'admin', '2023-03-09 17:05:51', 20, 'python任务', 'PythonTask', '{}', 1);
INSERT INTO `sys_dict_item` VALUES (58, '', 1, 0, 'admin', '2023-03-07 17:22:36', 'admin', '2023-03-09 17:05:41', 20, 'shell任务', 'ShellTask', '{}', 1);
INSERT INTO `sys_dict_item` VALUES (59, '', 1, 0, 'admin', '2023-03-13 03:24:56', '', '2023-03-13 03:24:56', 20, 'spark任务', 'SparkTask', '{}', 1);
INSERT INTO `sys_dict_item` VALUES (60, '', 99, 0, 'admin', '2023-03-16 03:53:46', 'admin', '2023-05-14 13:48:25', 21, '默认队列', 'default', '{}', 1);
INSERT INTO `sys_dict_item` VALUES (61, '', 98, 0, 'admin', '2023-03-16 03:54:11', 'admin', '2023-05-14 13:48:32', 21, '计算型任务队列', 'compute', '{}', 1);
INSERT INTO `sys_dict_item` VALUES (62, '', 96, 0, 'admin', '2023-03-16 03:54:33', 'admin', '2023-05-14 13:48:48', 21, 'eventlet协程队列', 'eventlet', '{}', 1);
INSERT INTO `sys_dict_item` VALUES (63, '', 97, 0, 'admin', '2023-03-16 03:54:52', 'admin', '2023-05-14 13:48:40', 21, '实时任务处理队列', 'realtime', '{}', 1);
INSERT INTO `sys_dict_item` VALUES (64, '', 1, 0, 'admin', '2023-03-24 16:57:00', 'admin', '2023-03-24 17:01:59', 20, '数据集成任务', 'EtlTask', '{}', 1);
INSERT INTO `sys_dict_item` VALUES (65, '', 1, 0, 'admin', '2023-04-03 13:49:11', '', '2023-04-03 13:49:11', 22, '数据转换算法', 'etl_algorithm', '{}', 1);
INSERT INTO `sys_dict_item` VALUES (66, '', 1, 0, 'admin', '2023-04-03 13:53:32', '', '2023-04-03 13:53:32', 23, '组件型', '1', '{}', 1);
INSERT INTO `sys_dict_item` VALUES (67, '', 1, 0, 'admin', '2023-04-03 13:53:41', '', '2023-04-03 13:53:41', 23, '配置型', '2', '{}', 1);
INSERT INTO `sys_dict_item` VALUES (68, '', 1, 0, 'admin', '2023-04-03 13:54:29', '', '2023-04-03 13:54:29', 24, '测试组件', 'test', '{}', 1);
INSERT INTO `sys_dict_item` VALUES (69, '', 1, 0, 'admin', '2023-04-03 14:50:36', '', '2023-04-03 14:50:36', 22, '数据校验算法', 'verify_algorithm', '{}', 1);
INSERT INTO `sys_dict_item` VALUES (70, '', 1, 0, 'admin', '2023-04-18 06:56:39', '', '2023-04-18 06:56:39', 17, 'influxdb', 'influxdb', '{}', 1);
INSERT INTO `sys_dict_item` VALUES (71, '', 1, 0, 'admin', '2023-04-18 06:56:51', '', '2023-04-18 06:56:51', 17, 'neo4j', 'neo4j', '{}', 1);
INSERT INTO `sys_dict_item` VALUES (72, '', 1, 0, 'admin', '2023-04-18 06:57:13', '', '2023-04-18 06:57:13', 17, 'mongodb', 'mongodb', '{}', 1);
INSERT INTO `sys_dict_item` VALUES (73, '', 1, 0, 'admin', '2023-04-18 06:57:49', '', '2023-04-18 06:57:49', 17, 'kafka', 'kafka', '{}', 1);
INSERT INTO `sys_dict_item` VALUES (74, '', 1, 0, 'admin', '2023-05-14 13:49:10', '', '2023-05-14 13:49:10', 21, '外网爬虫队列', 'haiwai_spider', '{}', 1);
INSERT INTO `sys_dict_item` VALUES (75, '', 1, 0, 'admin', '2023-05-14 16:22:42', '', '2023-05-14 16:22:42', 18, 'mysql binlog数据流', 'mysql_binlog', '{}', 1);
INSERT INTO `sys_dict_item` VALUES (84, '', 1, 0, 'admin', '2023-06-19 16:58:59', 'admin', '2023-06-25 07:03:45', 29, '任务失败告警', 'TaskFailStrategy', '{}', 1);
INSERT INTO `sys_dict_item` VALUES (85, '', 1, 0, 'admin', '2023-06-20 06:16:08', '', '2023-06-20 06:16:08', 30, '紧急', '1', '{}', 1);
INSERT INTO `sys_dict_item` VALUES (86, '', 1, 0, 'admin', '2023-06-20 06:16:30', 'admin', '2023-06-20 06:23:29', 30, '严重', '2', '{}', 1);
INSERT INTO `sys_dict_item` VALUES (87, '', 1, 0, 'admin', '2023-06-20 06:16:52', 'admin', '2023-06-25 12:11:21', 30, '中等', '3', '{}', 1);
INSERT INTO `sys_dict_item` VALUES (88, '', 1, 0, 'admin', '2023-06-20 06:17:18', '', '2023-06-20 06:17:18', 30, '提示', '4', '{}', 1);
INSERT INTO `sys_dict_item` VALUES (89, '', 1, 0, 'admin', '2023-06-20 06:17:39', '', '2023-06-20 06:17:39', 30, '信息', '5', '{}', 1);
INSERT INTO `sys_dict_item` VALUES (90, '', 1, 0, 'admin', '2023-06-20 07:02:46', '', '2023-06-20 07:02:46', 31, '未修复', '0', '{}', 1);
INSERT INTO `sys_dict_item` VALUES (91, '', 1, 0, 'admin', '2023-06-20 07:02:56', '', '2023-06-20 07:02:56', 31, '已修复', '1', '{}', 1);
INSERT INTO `sys_dict_item` VALUES (92, '', 1, 0, 'admin', '2023-07-08 07:23:51', '', '2023-07-08 07:23:51', 20, 'flink任务', 'FlinkTask', '{}', 1);
INSERT INTO `sys_dict_item` VALUES (93, '', 1, 0, 'admin', '2023-07-17 10:49:21', '', '2023-07-17 10:49:21', 17, '文件', 'file', '{}', 1);
INSERT INTO `sys_dict_item` VALUES (94, '', 1, 0, 'admin', '2023-07-17 10:54:32', '', '2023-07-17 10:54:32', 18, '表格文件(csv/excel)', 'file_table', '{}', 1);
INSERT INTO `sys_dict_item` VALUES (95, '', 1, 0, 'admin', '2023-09-21 18:56:48', '', '2023-09-21 18:56:48', 17, 'minio对象存储', 'minio', '{}', 1);
INSERT INTO `sys_dict_item` VALUES (96, '', 1, 0, 'admin', '2023-09-21 18:56:58', '', '2023-09-21 18:56:58', 17, 'redis', 'redis', '{}', 1);
INSERT INTO `sys_dict_item` VALUES (97, '', 1, 0, 'admin', '2023-09-21 18:58:25', '', '2023-09-21 18:58:25', 18, 'minio表格文件(csv/excel)', 'minio_table', '{}', 1);
INSERT INTO `sys_dict_item` VALUES (98, '', 1, 0, 'admin', '2023-09-21 18:58:46', '', '2023-09-21 18:58:46', 18, 'minio json文件', 'minio_json', '{}', 1);
INSERT INTO `sys_dict_item` VALUES (99, '', 1, 0, 'admin', '2023-09-21 18:59:07', '', '2023-09-21 18:59:07', 18, 'minio h5文件', 'minio_h5', '{}', 1);
INSERT INTO `sys_dict_item` VALUES (100, '', 1, 0, 'admin', '2023-09-21 18:59:31', '', '2023-09-21 18:59:31', 18, 'json文件', 'file_json', '{}', 1);
INSERT INTO `sys_dict_item` VALUES (101, '', 1, 0, 'admin', '2023-09-21 18:59:46', '', '2023-09-21 18:59:46', 18, 'h5文件', 'file_h5', '{}', 1);
INSERT INTO `sys_dict_item` VALUES (102, '', 1, 0, 'admin', '2023-09-21 19:00:11', '', '2023-09-21 19:00:11', 18, 'redis 字符串', 'redis_string', '{}', 1);
INSERT INTO `sys_dict_item` VALUES (103, '', 1, 0, 'admin', '2023-09-21 19:00:23', '', '2023-09-21 19:00:23', 18, 'redis 列表', 'redis_list', '{}', 1);
INSERT INTO `sys_dict_item` VALUES (104, '', 1, 0, 'admin', '2023-09-21 19:00:41', '', '2023-09-21 19:00:41', 18, 'redis 队列', 'redis_list_stream', '{}', 1);
INSERT INTO `sys_dict_item` VALUES (105, '', 1, 0, 'admin', '2023-09-21 19:00:58', '', '2023-09-21 19:00:58', 18, 'redis 哈希', 'redis_map', '{}', 1);
COMMIT;

-- ----------------------------
-- Table structure for sys_file
-- ----------------------------
DROP TABLE IF EXISTS `sys_file`;
CREATE TABLE `sys_file` (
  `id` int NOT NULL AUTO_INCREMENT COMMENT 'id主键',
  `description` text CHARACTER SET utf8mb4 COLLATE utf8mb4_general_ci COMMENT '简介',
  `sort_no` float DEFAULT NULL COMMENT '排序',
  `del_flag` smallint DEFAULT NULL COMMENT '软删除标记',
  `create_by` varchar(100) CHARACTER SET utf8mb4 COLLATE utf8mb4_general_ci DEFAULT NULL COMMENT '创建者',
  `create_time` timestamp NULL DEFAULT CURRENT_TIMESTAMP COMMENT '创建时间',
  `update_by` varchar(100) CHARACTER SET utf8mb4 COLLATE utf8mb4_general_ci DEFAULT NULL COMMENT '修改者',
  `update_time` timestamp NULL DEFAULT CURRENT_TIMESTAMP ON UPDATE CURRENT_TIMESTAMP COMMENT '修改时间',
  `file_name` varchar(255) CHARACTER SET utf8mb4 COLLATE utf8mb4_general_ci DEFAULT NULL COMMENT '文件名称',
  `url` text CHARACTER SET utf8mb4 COLLATE utf8mb4_general_ci COMMENT '文件地址',
  `file_type` varchar(50) CHARACTER SET utf8mb4 COLLATE utf8mb4_general_ci DEFAULT NULL COMMENT '文档类型（folder:文件夹 excel:excel doc:word ppt:ppt image:图片  archive:其他文档 video:视频 pdf:pdf）',
  `store_type` varchar(50) CHARACTER SET utf8mb4 COLLATE utf8mb4_general_ci DEFAULT NULL COMMENT '文件上传类型(temp/本地上传(临时文件) manage/知识库)',
  `parent_id` int DEFAULT NULL COMMENT '父级id',
  `tenant_id` int DEFAULT NULL COMMENT '租户id',
  `file_size` float DEFAULT NULL COMMENT '文件大小（kb）',
  `iz_folder` smallint DEFAULT NULL COMMENT '是否文件夹(1：是  0：否)',
  `iz_root_folder` smallint DEFAULT NULL COMMENT '是否为1级文件夹，允许为空 (1：是 )',
  `iz_star` smallint DEFAULT NULL COMMENT '是否标星(1：是  0：否)',
  `down_count` int DEFAULT NULL COMMENT '下载次数',
  `read_count` int DEFAULT NULL COMMENT '阅读次数',
  `share_url` varchar(255) CHARACTER SET utf8mb4 COLLATE utf8mb4_general_ci DEFAULT NULL COMMENT '分享链接',
  `share_perms` smallint DEFAULT NULL COMMENT '分享权限(1.关闭分享 2.允许所有联系人查看 3.允许任何人查看)',
  `enable_down` smallint DEFAULT NULL COMMENT '是否允许下载(1：是  0：否)',
  `enable_update` smallint DEFAULT NULL COMMENT '是否允许修改(1：是  0：否)',
  PRIMARY KEY (`id`)
) ENGINE=InnoDB AUTO_INCREMENT=3 DEFAULT CHARSET=utf8mb4 COLLATE=utf8mb4_general_ci;

-- ----------------------------
-- Records of sys_file
-- ----------------------------
BEGIN;
INSERT INTO `sys_file` VALUES (1, '', 1, 0, 'admin', '2023-08-23 03:30:06', '', '2023-08-23 03:30:06', 'flink.png', 'http://110.40.157.36:9000/ezdata/1e8b13823bef5a22d695a17a8cae3268.png', 'png', NULL, NULL, NULL, NULL, 0, 0, 0, 0, 0, NULL, 0, 0, 0);
INSERT INTO `sys_file` VALUES (2, '', 1, 1, 'admin', '2023-08-25 17:15:21', 'admin', '2023-08-26 03:47:51', 'baidu_verify_codeva-EqYFm3fTJC.html', 'http://110.40.157.36:9000/ezdata/d7d7e4e0ee0e6acec394c2bb63ae059f.html', 'html', NULL, NULL, NULL, NULL, 0, 0, 0, 0, 0, NULL, 0, 0, 0);
COMMIT;

-- ----------------------------
-- Table structure for sys_notice
-- ----------------------------
DROP TABLE IF EXISTS `sys_notice`;
CREATE TABLE `sys_notice` (
  `id` int NOT NULL AUTO_INCREMENT COMMENT 'id主键',
  `description` text CHARACTER SET utf8mb4 COLLATE utf8mb4_general_ci COMMENT '简介',
  `sort_no` float DEFAULT NULL COMMENT '排序',
  `del_flag` smallint DEFAULT NULL COMMENT '软删除标记',
  `create_by` varchar(100) CHARACTER SET utf8mb4 COLLATE utf8mb4_general_ci DEFAULT NULL COMMENT '创建者',
  `create_time` timestamp NULL DEFAULT CURRENT_TIMESTAMP COMMENT '创建时间',
  `update_by` varchar(100) CHARACTER SET utf8mb4 COLLATE utf8mb4_general_ci DEFAULT NULL COMMENT '修改者',
  `update_time` timestamp NULL DEFAULT CURRENT_TIMESTAMP ON UPDATE CURRENT_TIMESTAMP COMMENT '修改时间',
  `title` varchar(200) CHARACTER SET utf8mb4 COLLATE utf8mb4_general_ci DEFAULT NULL COMMENT '标题',
  `msg_content` text CHARACTER SET utf8mb4 COLLATE utf8mb4_general_ci COMMENT '内容',
  `start_time` int DEFAULT NULL COMMENT '开始时间',
  `end_time` int DEFAULT NULL COMMENT '结束时间',
  `sender` varchar(100) CHARACTER SET utf8mb4 COLLATE utf8mb4_general_ci DEFAULT NULL COMMENT '发送人',
  `priority` varchar(10) CHARACTER SET utf8mb4 COLLATE utf8mb4_general_ci DEFAULT NULL COMMENT '优先级（L低，M中，H高）',
  `msg_category` varchar(10) CHARACTER SET utf8mb4 COLLATE utf8mb4_general_ci DEFAULT NULL COMMENT '消息类型1:通知公告2:系统消息',
  `msg_type` varchar(10) CHARACTER SET utf8mb4 COLLATE utf8mb4_general_ci DEFAULT NULL COMMENT '通告对象类型（USER:指定用户，ALL:全体用户）',
  `send_status` varchar(10) CHARACTER SET utf8mb4 COLLATE utf8mb4_general_ci DEFAULT NULL COMMENT '发布状态（0未发布，1已发布，2已撤销）',
  `send_time` int DEFAULT NULL COMMENT '发送时间',
  `cancel_time` int DEFAULT NULL COMMENT '撤销时间',
  `bus_type` varchar(20) CHARACTER SET utf8mb4 COLLATE utf8mb4_general_ci DEFAULT NULL COMMENT '业务类型(email:邮件 bpm:流程)',
  `bus_id` varchar(50) CHARACTER SET utf8mb4 COLLATE utf8mb4_general_ci DEFAULT NULL COMMENT '业务id',
  `open_type` varchar(20) CHARACTER SET utf8mb4 COLLATE utf8mb4_general_ci DEFAULT NULL COMMENT '打开方式(组件：component 路由：url)',
  `open_page` varchar(255) CHARACTER SET utf8mb4 COLLATE utf8mb4_general_ci DEFAULT NULL COMMENT '组件/路由 地址',
  `user_ids` text CHARACTER SET utf8mb4 COLLATE utf8mb4_general_ci COMMENT '指定用户',
  `msg_abstract` text CHARACTER SET utf8mb4 COLLATE utf8mb4_general_ci COMMENT '摘要',
  `dt_task_id` varchar(100) CHARACTER SET utf8mb4 COLLATE utf8mb4_general_ci DEFAULT NULL COMMENT '钉钉task_id，用于撤回消息',
  PRIMARY KEY (`id`)
) ENGINE=InnoDB AUTO_INCREMENT=9 DEFAULT CHARSET=utf8mb4 COLLATE=utf8mb4_general_ci;

-- ----------------------------
-- Records of sys_notice
-- ----------------------------
BEGIN;
INSERT INTO `sys_notice` VALUES (1, '', 1, 0, '', '2023-08-11 19:40:59', 'system', '2023-08-11 19:40:59', '任务失败告警策略', '普通任务失败告警:失败任务示例 在重试2次后仍失败。任务报错：/Users/xuwei/Desktop/code/naivedata/naivedata/tasks/normal_task.py:48:division by zero', 1691754059, NULL, 'system', 'M', '2', 'USER', '1', 1691782859, NULL, NULL, NULL, NULL, NULL, '[\"1\", \"8\"]', '系统告警转通知', NULL);
INSERT INTO `sys_notice` VALUES (2, '', 1, 0, '', '2023-08-12 02:08:31', 'system', '2023-08-12 02:08:31', '任务失败告警策略', '普通任务失败告警:失败任务示例 在重试2次后仍失败。任务报错：/Users/xuwei/Desktop/code/naivedata/naivedata/tasks/normal_task.py:48:division by zero', 1691777311, NULL, 'system', 'M', '2', 'USER', '1', 1691806111, NULL, NULL, NULL, NULL, NULL, '[\"1\", \"8\"]', '系统告警转通知', NULL);
INSERT INTO `sys_notice` VALUES (3, '', 1, 0, '', '2023-08-12 02:09:59', 'system', '2023-08-12 02:09:59', '任务失败告警策略', '普通任务失败告警:失败任务示例 在重试2次后仍失败。任务报错：/Users/xuwei/Desktop/code/naivedata/naivedata/tasks/normal_task.py:48:division by zero', 1691777399, NULL, 'system', 'M', '2', 'USER', '1', 1691806199, NULL, NULL, NULL, NULL, NULL, '[\"1\", \"8\"]', '系统告警转通知', NULL);
INSERT INTO `sys_notice` VALUES (4, '', 1, 0, '', '2023-08-14 03:23:55', 'system', '2023-08-14 03:23:55', '任务失败告警策略', '普通任务失败告警:失败任务示例 在重试2次后仍失败。任务报错：/Users/xuwei/Desktop/code/naivedata/naivedata/tasks/normal_task.py:48:division by zero', 1691954635, NULL, 'system', 'M', '2', 'USER', '1', 1691983435, NULL, NULL, NULL, NULL, NULL, '[\"1\", \"8\"]', '系统告警转通知', NULL);
INSERT INTO `sys_notice` VALUES (5, '', 1, 0, '', '2023-08-25 17:45:55', 'system', '2023-08-25 17:45:55', '任务失败告警策略', '普通任务失败告警:失败任务示例 在重试2次后仍失败。任务报错：/opt/ezdata/tasks/normal_task.py:49:division by zero', 1692956755, NULL, 'system', 'M', '2', 'USER', '1', 1692985555, NULL, NULL, NULL, NULL, NULL, '[\"1\", \"8\"]', '系统告警转通知', NULL);
INSERT INTO `sys_notice` VALUES (6, '', 1, 0, '', '2023-09-08 17:22:14', 'system', '2023-09-08 17:22:14', '任务失败告警策略', '普通任务失败告警:失败任务示例 在重试2次后仍失败。任务报错：/opt/ezdata/tasks/normal_task.py:49:division by zero', 1694164934, NULL, 'system', 'M', '2', 'USER', '1', 1694193734, NULL, NULL, NULL, NULL, NULL, '[\"1\", \"8\", \"7\"]', '系统告警转通知', NULL);
INSERT INTO `sys_notice` VALUES (7, '', 1, 0, '', '2023-09-24 08:32:25', 'system', '2023-09-24 08:32:26', '任务失败告警策略', '普通任务失败告警:失败任务示例 在重试2次后仍失败。任务报错：/opt/ezdata/tasks/normal_task.py:49:division by zero', 1695515545, NULL, 'system', 'M', '2', 'USER', '1', 1695544346, NULL, NULL, NULL, NULL, NULL, '[\"1\", \"8\", \"7\"]', '系统告警转通知', NULL);
INSERT INTO `sys_notice` VALUES (8, '', 1, 0, '', '2023-10-10 00:32:18', 'system', '2023-10-10 00:32:18', '任务失败告警策略', '普通任务失败告警:失败任务示例 在重试2次后仍失败。任务报错：/opt/ezdata/tasks/normal_task.py:49:division by zero', 1696869138, NULL, 'system', 'M', '2', 'USER', '1', 1696897938, NULL, NULL, NULL, NULL, NULL, '[\"1\", \"8\", \"7\"]', '系统告警转通知', NULL);
COMMIT;

-- ----------------------------
-- Table structure for sys_notice_send
-- ----------------------------
DROP TABLE IF EXISTS `sys_notice_send`;
CREATE TABLE `sys_notice_send` (
  `id` int NOT NULL AUTO_INCREMENT COMMENT 'id主键',
  `description` text CHARACTER SET utf8mb4 COLLATE utf8mb4_general_ci COMMENT '简介',
  `sort_no` float DEFAULT NULL COMMENT '排序',
  `del_flag` smallint DEFAULT NULL COMMENT '软删除标记',
  `create_by` varchar(100) CHARACTER SET utf8mb4 COLLATE utf8mb4_general_ci DEFAULT NULL COMMENT '创建者',
  `create_time` timestamp NULL DEFAULT CURRENT_TIMESTAMP COMMENT '创建时间',
  `update_by` varchar(100) CHARACTER SET utf8mb4 COLLATE utf8mb4_general_ci DEFAULT NULL COMMENT '修改者',
  `update_time` timestamp NULL DEFAULT CURRENT_TIMESTAMP ON UPDATE CURRENT_TIMESTAMP COMMENT '修改时间',
  `notice_id` int DEFAULT NULL COMMENT '通知id',
  `user_id` int DEFAULT NULL COMMENT '用户id',
  `read_flag` smallint DEFAULT NULL COMMENT '阅读状态（0未读，1已读）',
  `star_flag` smallint DEFAULT NULL COMMENT '标星状态( 1为标星 空/0没有标星)',
  `read_time` int DEFAULT NULL COMMENT '阅读时间',
  PRIMARY KEY (`id`)
) ENGINE=InnoDB AUTO_INCREMENT=36 DEFAULT CHARSET=utf8mb4 COLLATE=utf8mb4_general_ci;

-- ----------------------------
-- Records of sys_notice_send
-- ----------------------------
BEGIN;
INSERT INTO `sys_notice_send` VALUES (17, '', 1, 0, 'system', '2023-08-11 19:40:59', '', '2023-08-11 19:40:59', 1, 1, 0, 0, NULL);
INSERT INTO `sys_notice_send` VALUES (18, '', 1, 0, 'system', '2023-08-11 19:40:59', '', '2023-08-11 19:40:59', 1, 8, 0, 0, NULL);
INSERT INTO `sys_notice_send` VALUES (19, '', 1, 0, 'system', '2023-08-12 02:08:31', 'admin', '2023-09-08 04:57:10', 2, 1, 1, 0, NULL);
INSERT INTO `sys_notice_send` VALUES (20, '', 1, 0, 'system', '2023-08-12 02:08:31', '', '2023-08-12 02:08:31', 2, 8, 0, 0, NULL);
INSERT INTO `sys_notice_send` VALUES (21, '', 1, 0, 'system', '2023-08-12 02:09:59', '', '2023-08-12 02:09:59', 3, 1, 0, 0, NULL);
INSERT INTO `sys_notice_send` VALUES (22, '', 1, 0, 'system', '2023-08-12 02:09:59', '', '2023-08-12 02:09:59', 3, 8, 0, 0, NULL);
INSERT INTO `sys_notice_send` VALUES (23, '', 1, 0, 'system', '2023-08-14 03:23:55', 'admin', '2023-09-28 05:26:39', 4, 1, 0, 0, NULL);
INSERT INTO `sys_notice_send` VALUES (24, '', 1, 0, 'system', '2023-08-14 03:23:55', '', '2023-08-14 03:23:55', 4, 8, 0, 0, NULL);
INSERT INTO `sys_notice_send` VALUES (25, '', 1, 0, 'system', '2023-08-25 17:45:55', 'admin', '2023-09-28 05:26:39', 5, 1, 1, 0, NULL);
INSERT INTO `sys_notice_send` VALUES (26, '', 1, 0, 'system', '2023-08-25 17:45:55', '', '2023-08-25 17:45:55', 5, 8, 0, 0, NULL);
INSERT INTO `sys_notice_send` VALUES (27, '', 1, 0, 'system', '2023-09-08 17:22:14', 'admin', '2023-09-13 17:02:53', 6, 1, 1, 0, NULL);
INSERT INTO `sys_notice_send` VALUES (28, '', 1, 0, 'system', '2023-09-08 17:22:14', '', '2023-09-08 17:22:14', 6, 8, 0, 0, NULL);
INSERT INTO `sys_notice_send` VALUES (29, '', 1, 0, 'system', '2023-09-08 17:22:14', '', '2023-09-08 17:22:14', 6, 7, 0, 0, NULL);
INSERT INTO `sys_notice_send` VALUES (30, '', 1, 0, 'system', '2023-09-24 08:32:25', '', '2023-09-24 08:32:25', 7, 1, 0, 0, NULL);
INSERT INTO `sys_notice_send` VALUES (31, '', 1, 0, 'system', '2023-09-24 08:32:25', '', '2023-09-24 08:32:25', 7, 8, 0, 0, NULL);
INSERT INTO `sys_notice_send` VALUES (32, '', 1, 0, 'system', '2023-09-24 08:32:26', '', '2023-09-24 08:32:26', 7, 7, 0, 0, NULL);
INSERT INTO `sys_notice_send` VALUES (33, '', 1, 0, 'system', '2023-10-10 00:32:18', '', '2023-10-10 00:32:18', 8, 1, 0, 0, NULL);
INSERT INTO `sys_notice_send` VALUES (34, '', 1, 0, 'system', '2023-10-10 00:32:18', '', '2023-10-10 00:32:18', 8, 8, 0, 0, NULL);
INSERT INTO `sys_notice_send` VALUES (35, '', 1, 0, 'system', '2023-10-10 00:32:18', '', '2023-10-10 00:32:18', 8, 7, 0, 0, NULL);
COMMIT;

-- ----------------------------
-- Table structure for sys_permission
-- ----------------------------
DROP TABLE IF EXISTS `sys_permission`;
CREATE TABLE `sys_permission` (
  `id` int NOT NULL AUTO_INCREMENT COMMENT 'id主键',
  `description` text CHARACTER SET utf8mb4 COLLATE utf8mb4_general_ci COMMENT '简介',
  `sort_no` float DEFAULT NULL COMMENT '排序',
  `del_flag` smallint DEFAULT NULL COMMENT '软删除标记',
  `create_by` varchar(100) CHARACTER SET utf8mb4 COLLATE utf8mb4_general_ci DEFAULT NULL COMMENT '创建者',
  `create_time` timestamp NULL DEFAULT CURRENT_TIMESTAMP COMMENT '创建时间',
  `update_by` varchar(100) CHARACTER SET utf8mb4 COLLATE utf8mb4_general_ci DEFAULT NULL COMMENT '修改者',
  `update_time` timestamp NULL DEFAULT CURRENT_TIMESTAMP ON UPDATE CURRENT_TIMESTAMP COMMENT '修改时间',
  `name` varchar(100) CHARACTER SET utf8mb4 COLLATE utf8mb4_general_ci DEFAULT NULL COMMENT '名称',
  `parent_id` int DEFAULT NULL COMMENT '父级ID',
  `url` varchar(255) CHARACTER SET utf8mb4 COLLATE utf8mb4_general_ci DEFAULT NULL COMMENT '路径',
  `component` varchar(255) CHARACTER SET utf8mb4 COLLATE utf8mb4_general_ci DEFAULT NULL COMMENT '组件',
  `component_name` varchar(100) CHARACTER SET utf8mb4 COLLATE utf8mb4_general_ci DEFAULT NULL COMMENT '组件名称',
  `redirect` varchar(255) CHARACTER SET utf8mb4 COLLATE utf8mb4_general_ci DEFAULT NULL COMMENT '一级菜单跳转地址',
  `menu_type` smallint DEFAULT NULL COMMENT '菜单类型(0:一级菜单 1:子菜单:2:按钮权限)',
  `perms` varchar(255) CHARACTER SET utf8mb4 COLLATE utf8mb4_general_ci DEFAULT NULL COMMENT '菜单权限编码',
  `perms_type` smallint DEFAULT NULL COMMENT '权限策略1显示2禁用',
  `always_show` smallint DEFAULT NULL COMMENT '聚合子路由: 1是0否',
  `icon` varchar(255) CHARACTER SET utf8mb4 COLLATE utf8mb4_general_ci DEFAULT NULL COMMENT '菜单图标',
  `is_route` smallint DEFAULT NULL COMMENT '是否路由菜单: 0:不是  1:是（默认值1）',
  `is_leaf` smallint DEFAULT NULL COMMENT '是否叶子节点: 1:是   0:不是',
  `keep_alive` smallint DEFAULT NULL COMMENT '是否缓存该页面:   1:是   0:不是',
  `hidden` smallint DEFAULT NULL COMMENT '是否隐藏路由: 0否,1是',
  `hide_tab` smallint DEFAULT NULL COMMENT '是否隐藏tab: 0否,1是',
  `rule_flag` smallint DEFAULT NULL COMMENT '是否添加数据权限1是0否',
  `status` smallint DEFAULT NULL COMMENT '按钮权限状态(0无效1有效)',
  `internal_or_external` smallint DEFAULT NULL COMMENT '外链菜单打开方式 0/内部打开 1/外部打开',
  PRIMARY KEY (`id`),
  KEY `ix_sys_permission_name` (`name`)
) ENGINE=InnoDB AUTO_INCREMENT=118 DEFAULT CHARSET=utf8mb4 COLLATE=utf8mb4_general_ci;

-- ----------------------------
-- Records of sys_permission
-- ----------------------------
BEGIN;
INSERT INTO `sys_permission` VALUES (1, '', 10, 0, 'admin', '2022-11-01 07:39:03', 'admin', '2023-05-05 06:35:57', '概览', NULL, '/dashboard', 'layouts/default/index', '', '/dashboard/analysis', 0, NULL, 1, 0, 'ant-design:appstore-outlined', 1, 0, 0, 0, 0, 0, 1, 0);
INSERT INTO `sys_permission` VALUES (2, '', 1, 0, 'admin', '2022-11-01 07:39:59', 'admin', '2023-05-05 06:14:46', '工作台', 1, '/dashboard/workbench', 'dashboard/workbench/index', '', '', 1, NULL, 1, 0, 'ant-design:appstore-twotone', 1, 1, 0, 1, 0, 0, 1, 0);
INSERT INTO `sys_permission` VALUES (3, '', 1, 0, 'admin', '2022-11-01 07:41:16', 'admin', '2023-05-05 06:28:03', '首页', 1, '/dashboard/analysis', 'dashboard/Analysis', '', '', 1, NULL, 1, 0, 'ant-design:bank-filled', 1, 1, 1, 0, 0, 0, 1, 0);
INSERT INTO `sys_permission` VALUES (4, '', 1, 0, 'admin', '2022-11-01 07:42:49', 'admin', '2023-04-19 17:28:17', '系统管理', NULL, '/system', 'layouts/default/index', '', '', 0, NULL, 1, 0, 'setting|svg', 1, 0, 0, 0, 0, 0, 1, 0);
INSERT INTO `sys_permission` VALUES (5, '', 2.99, 0, 'admin', '2022-11-01 07:45:52', 'admin', '2022-11-02 03:11:09', '用户管理', 4, '/system/user', 'system/user/index', '', '', 1, NULL, 1, 0, 'ant-design:user-outlined', 1, 1, 1, 0, 0, 0, 1, 0);
INSERT INTO `sys_permission` VALUES (6, '', 1, 0, 'admin', '2022-11-01 07:46:23', 'admin', '2023-04-28 07:26:15', '用户编辑', 5, '', '', '', '', 2, 'user:edit', 1, 1, NULL, 1, 1, 1, 1, 1, 0, 1, 1);
INSERT INTO `sys_permission` VALUES (7, '', 1, 0, 'admin', '2022-11-01 07:46:53', '', '2022-11-02 03:11:09', '新增用户', 5, '', '', '', '', 2, 'user:add', 1, 1, NULL, 1, 1, 1, 1, 1, 0, 1, 1);
INSERT INTO `sys_permission` VALUES (8, '', 1, 1, 'admin', '2022-11-01 07:47:23', 'admin', '2023-04-26 12:50:40', '手机号禁用', 5, '', '', '', '', 2, 'system:role:update', 1, 1, NULL, 1, 1, 1, 1, 1, 0, 1, 1);
INSERT INTO `sys_permission` VALUES (9, '', 1, 1, 'admin', '2022-11-01 07:47:46', 'admin', '2023-04-26 12:50:37', '导入请求', 5, '', '', '', '', 2, 'system:user:import', 1, 1, NULL, 1, 1, 1, 1, 1, 0, 1, 1);
INSERT INTO `sys_permission` VALUES (10, '', 2.98, 0, 'admin', '2022-11-01 07:48:44', 'admin', '2022-11-02 03:11:09', '角色管理', 4, '/system/role', 'system/role/index', '', '', 1, NULL, 1, 0, 'ant-design:solution-outlined', 1, 1, 1, 0, 0, 0, 1, 0);
INSERT INTO `sys_permission` VALUES (11, '', 2.97, 0, 'admin', '2022-11-01 08:27:04', 'admin', '2022-11-02 03:11:09', '菜单管理', 4, '/system/menu', 'system/menu/index', '', '', 1, NULL, 1, 0, 'ant-design:menu-fold-outlined', 1, 1, 0, 0, 0, 0, 1, 0);
INSERT INTO `sys_permission` VALUES (12, '', 2.96, 0, 'admin', '2022-11-01 08:31:42', 'admin', '2022-11-11 05:42:49', '部门管理', 4, '/system/depart', 'system/depart/index', '', '', 1, NULL, 1, 0, 'ant-design:team-outlined', 1, 1, 0, 0, 0, 0, 1, 0);
INSERT INTO `sys_permission` VALUES (13, '', 2.95, 0, 'admin', '2022-11-01 08:32:25', 'admin', '2022-11-02 03:11:09', '我的部门', 4, '/system/depart-user', 'system/departUser/index', '', '', 1, NULL, 1, 0, 'ant-design:home-outlined', 1, 1, 0, 0, 0, 0, 1, 0);
INSERT INTO `sys_permission` VALUES (14, '', 2.94, 0, 'admin', '2022-11-01 08:33:07', 'admin', '2023-07-11 08:39:31', '职务管理', 4, '/system/position', 'system/position/index', '', '', 1, NULL, 1, 0, 'ant-design:database-filled', 1, 0, 0, 0, 0, 0, 1, 0);
INSERT INTO `sys_permission` VALUES (15, '', 2.93, 0, 'admin', '2022-11-01 08:34:10', 'admin', '2022-11-02 03:11:10', '通知公告', 4, '/system/notice', 'system/notice/index', '', '', 1, NULL, 1, 0, 'ant-design:bell-outlined', 1, 1, 0, 0, 0, 0, 1, 0);
INSERT INTO `sys_permission` VALUES (16, '', 2.92, 0, 'admin', '2022-11-01 08:34:46', 'admin', '2022-11-02 03:11:10', '数据字典', 4, '/system/dict', 'system/dict/index', '', '', 1, NULL, 1, 0, 'ant-design:hdd-twotone', 1, 1, 0, 0, 0, 0, 1, 0);
INSERT INTO `sys_permission` VALUES (17, '', 2.91, 0, 'admin', '2022-11-01 08:35:30', 'admin', '2022-11-11 05:42:51', '对象存储', 4, '/system/ossfile', 'system/ossfile/index', '', '', 1, NULL, 1, 0, 'ant-design:file-add-outlined', 1, 1, 0, 0, 0, 0, 1, 0);
INSERT INTO `sys_permission` VALUES (18, '', 3, 0, 'admin', '2022-11-01 09:27:13', 'admin', '2022-11-09 01:40:15', '个人中心', 4, '/system/account/setting', 'system/account/setting/index', '', '', 1, NULL, 1, 0, 'ant-design:user-outlined', 1, 1, 0, 1, 0, 0, 1, 0);
INSERT INTO `sys_permission` VALUES (19, '', 2.945, 0, 'admin', '2022-11-10 06:10:27', 'admin', '2022-11-10 06:10:59', '租户管理', 4, '/system/tenant', 'system/tenant/index', '', '', 1, NULL, 1, 0, 'ant-design:appstore-twotone', 1, 1, 0, 0, 0, 0, 1, 0);
INSERT INTO `sys_permission` VALUES (20, '', 9.3, 1, 'admin', '2022-11-16 14:04:52', 'admin', '2023-10-12 05:58:27', '数据可视化', NULL, '/visualization', 'layouts/default/index', '', '', 0, NULL, 1, 0, 'chart|svg', 1, 0, 0, 0, 0, 0, 1, 0);
INSERT INTO `sys_permission` VALUES (21, '', 1, 0, 'admin', '2022-11-16 14:06:40', 'admin', '2023-04-15 08:12:43', '大屏设计器', 20, '/visualization/bigscreen', '{{ window._CONFIG[\'domianURL\'] }}/bigscreen/#/token_login?token=${token}', '', '', 1, NULL, 1, 0, 'ant-design:dot-chart-outlined', 1, 1, 0, 0, 0, 0, 1, 0);
INSERT INTO `sys_permission` VALUES (22, '', 1, 0, '2222', '2022-11-19 19:23:40', 'admin', '2023-05-04 09:33:18', '部门用户管理', 13, '', '', '', '', 2, 'user-depart:user', 1, 1, NULL, 1, 1, 1, 1, 1, 0, 1, 1);
INSERT INTO `sys_permission` VALUES (23, '', 8, 0, 'admin', '2022-11-21 16:11:58', 'admin', '2023-04-19 17:27:27', '开发工具', NULL, '/devtools', 'layouts/default/index', '', '', 0, NULL, 1, 0, 'dev|svg', 1, 0, 0, 0, 0, 0, 1, 0);
INSERT INTO `sys_permission` VALUES (24, '', 10, 0, 'admin', '2022-11-21 16:16:20', '', '2022-11-21 16:16:20', '代码生成器', 23, '/devtools/code-generator', 'devtools/codeGenerator/index', '', '', 1, NULL, 1, 0, 'ant-design:code-outlined', 1, 1, 0, 0, 0, 0, 1, 0);
INSERT INTO `sys_permission` VALUES (25, '', 9.5, 0, 'admin', '2022-12-16 02:33:48', 'admin', '2023-04-20 07:44:56', '数据管理', NULL, '/dataManage', 'layouts/default/index', '', '', 0, NULL, 1, 0, 'datamanage|svg', 1, 0, 0, 0, 0, 0, 1, 0);
INSERT INTO `sys_permission` VALUES (26, '', 9.9, 0, 'admin', '2022-12-16 02:34:43', 'admin', '2023-04-20 07:45:04', '数据源管理', 25, '/dataManage/dataSource/index', '/dataManage/dataSource/index', '', '', 1, NULL, 1, 0, 'datasource|svg', 1, 1, 0, 0, 0, 0, 1, 0);
INSERT INTO `sys_permission` VALUES (27, '', 9.8, 0, 'admin', '2022-12-19 15:32:22', 'admin', '2023-04-20 07:47:48', '数据模型管理', 25, '/dataManage/dataModel', '/dataManage/dataModel/index', '', '', 1, NULL, 1, 0, 'datamodel|svg', 1, 1, 0, 0, 0, 0, 1, 0);
INSERT INTO `sys_permission` VALUES (28, '', 1, 0, 'admin', '2023-01-28 09:05:13', 'admin', '2023-04-20 07:50:17', '数据查询', 25, '/dataManage/dataQuery', '/dataManage/dataQuery/index', '', '', 1, NULL, 1, 0, 'dataquery|svg', 1, 1, 0, 0, 0, 0, 1, 0);
INSERT INTO `sys_permission` VALUES (29, '', 1, 1, 'admin', '2023-02-06 08:37:40', 'admin', '2023-02-08 07:12:50', '所有数据模型', 27, '', '', '', '', 2, 'all_datamodel', 1, 1, NULL, 1, 1, 1, 1, 1, 0, 1, 1);
INSERT INTO `sys_permission` VALUES (30, '', 1, 1, 'admin', '2023-02-06 08:38:20', 'admin', '2023-02-08 07:12:50', '部分数据模型', 27, '', '', '', '', 2, 'some_datamodel', 1, 1, NULL, 1, 1, 1, 1, 1, 0, 1, 1);
INSERT INTO `sys_permission` VALUES (31, '', 9.4, 0, 'admin', '2023-03-05 17:12:27', 'admin', '2023-04-19 17:24:27', '任务调度', NULL, '/task', 'layouts/default/index', '', '', 0, NULL, 1, 0, 'task|svg', 1, 0, 0, 0, 0, 0, 1, 0);
INSERT INTO `sys_permission` VALUES (32, '', 9, 0, 'admin', '2023-03-06 02:28:58', 'admin', '2023-04-20 07:52:21', '任务模版管理', 31, '/task/task_template', '/task/task_template/index', '', '', 1, NULL, 1, 0, 'task_template|svg', 1, 1, 0, 0, 0, 0, 1, 0);
INSERT INTO `sys_permission` VALUES (33, '', 8, 0, 'admin', '2023-03-08 03:36:25', 'admin', '2023-04-20 07:56:27', '普通任务调度', 31, '/task/index', '/task/index', '', '', 1, NULL, 1, 0, 'task|svg', 1, 1, 0, 0, 0, 0, 1, 0);
INSERT INTO `sys_permission` VALUES (34, '', 1, 0, 'admin', '2023-03-11 04:32:24', 'admin', '2023-04-19 17:14:51', '任务工作流调度', 31, '/task/dag', '/task/dag_task/index', '', '', 1, NULL, 1, 0, 'dag_task|svg', 1, 1, 0, 0, 0, 0, 1, 0);
INSERT INTO `sys_permission` VALUES (35, '', 1, 0, 'admin', '2023-03-13 16:35:00', 'admin', '2023-03-14 09:49:30', '任务工作流详情', 31, '/task/dag/detail', '/task/dag_task/dag-editor/index', '', '', 1, NULL, 1, 0, NULL, 1, 1, 0, 1, 0, 0, 1, 0);
INSERT INTO `sys_permission` VALUES (36, '', 9.3, 1, 'admin', '2023-04-03 10:00:37', 'admin', '2023-04-15 05:57:32', '数据治理', NULL, '/governance', 'layouts/default/index', '', '', 0, NULL, 1, 0, 'ant-design:node-collapse-outlined', 1, 0, 0, 0, 0, 0, 1, 0);
INSERT INTO `sys_permission` VALUES (37, '', 1, 0, 'admin', '2023-04-03 13:00:54', 'admin', '2023-04-20 07:49:24', '算法管理', 25, '/algorithm/index', '/algorithm/index', '', '', 1, NULL, 1, 0, 'algorithm|svg', 1, 1, 0, 0, 0, 0, 1, 0);
INSERT INTO `sys_permission` VALUES (38, '', 9.1, 0, 'admin', '2023-04-11 17:37:35', 'admin', '2023-06-19 16:54:57', '运维监控', NULL, '/ops', 'layouts/default/index', '', '', 0, NULL, 1, 0, 'ops|svg', 1, 0, 0, 0, 0, 0, 1, 0);
INSERT INTO `sys_permission` VALUES (39, '', 1, 0, 'admin', '2023-04-11 17:38:12', 'admin', '2023-04-20 08:02:26', 'worker管理', 38, '/ops/worker', '/ops/workerManage/index', '', '', 1, NULL, 1, 0, 'worker|svg', 1, 1, 0, 0, 0, 0, 1, 0);
INSERT INTO `sys_permission` VALUES (40, '', 1, 0, 'admin', '2023-04-12 06:24:56', 'admin', '2023-04-20 07:58:53', '定时job管理', 38, '/ops/job', '/ops/jobManage/index', '', '', 1, NULL, 1, 0, 'job|svg', 1, 1, 0, 0, 0, 0, 1, 0);
INSERT INTO `sys_permission` VALUES (41, '', 1, 0, 'admin', '2023-04-13 07:54:08', 'admin', '2023-04-20 07:58:00', '日志管理', 38, '/ops/log', '/ops/logManage/index', '', '', 1, NULL, 1, 0, 'log|svg', 1, 1, 0, 0, 0, 0, 1, 0);
INSERT INTO `sys_permission` VALUES (42, '', 1, 0, 'admin', '2023-04-25 07:14:39', '', '2023-04-25 07:14:39', '添加数据字典', 16, '', '', '', '', 2, 'system:dict:add', 1, 1, NULL, 1, 1, 1, 1, 1, 0, 1, 1);
INSERT INTO `sys_permission` VALUES (43, '', 1, 0, 'admin', '2023-04-25 07:15:09', '', '2023-04-25 07:15:09', '编辑数据字典', 16, '', '', '', '', 2, 'system:dict:edit', 1, 1, NULL, 1, 1, 1, 1, 1, 0, 1, 1);
INSERT INTO `sys_permission` VALUES (44, '', 1, 0, 'admin', '2023-04-25 07:16:04', '', '2023-04-25 07:16:04', '添加字典项', 16, '', '', '', '', 2, 'system:dict:item:add', 1, 1, NULL, 1, 1, 1, 1, 1, 0, 1, 1);
INSERT INTO `sys_permission` VALUES (45, '', 1, 0, 'admin', '2023-04-25 07:16:40', '', '2023-04-25 07:16:40', '编辑字典项', 16, '', '', '', '', 2, 'system:dict:item:edit', 1, 1, NULL, 1, 1, 1, 1, 1, 0, 1, 1);
INSERT INTO `sys_permission` VALUES (46, '', 1, 0, 'admin', '2023-04-25 07:17:03', '', '2023-04-25 07:17:03', '删除字典项', 16, '', '', '', '', 2, 'system:dict:item:delete', 1, 1, NULL, 1, 1, 1, 1, 1, 0, 1, 1);
INSERT INTO `sys_permission` VALUES (47, '', 1, 0, 'admin', '2023-04-25 07:17:42', '', '2023-04-25 07:17:42', '删除数据字典', 16, '', '', '', '', 2, 'system:dict:delete', 1, 1, NULL, 1, 1, 1, 1, 1, 0, 1, 1);
INSERT INTO `sys_permission` VALUES (48, '', 1, 0, 'admin', '2023-04-25 17:03:07', '', '2023-04-25 17:03:07', '数据字典回收站', 16, '', '', '', '', 2, 'system:dict:recycle', 1, 1, NULL, 1, 1, 1, 1, 1, 0, 1, 1);
INSERT INTO `sys_permission` VALUES (49, '', 1, 0, 'admin', '2023-04-25 17:04:41', '', '2023-04-25 17:04:41', '刷新字典缓存', 16, '', '', '', '', 2, 'system:dict:refresh', 1, 1, NULL, 1, 1, 1, 1, 1, 0, 1, 1);
INSERT INTO `sys_permission` VALUES (50, '', 1, 0, 'admin', '2023-04-25 17:16:25', '', '2023-04-25 17:16:25', '上传文件', 17, '', '', '', '', 2, 'system:oss:upload', 1, 1, NULL, 1, 1, 1, 1, 1, 0, 1, 1);
INSERT INTO `sys_permission` VALUES (51, '', 1, 0, 'admin', '2023-04-25 17:16:52', '', '2023-04-25 17:16:52', '删除文件', 17, '', '', '', '', 2, 'system:oss:delete', 1, 1, NULL, 1, 1, 1, 1, 1, 0, 1, 1);
INSERT INTO `sys_permission` VALUES (52, '', 1, 0, 'admin', '2023-04-25 17:17:58', '', '2023-04-25 17:17:58', '添加通知', 15, '', '', '', '', 2, 'system:notice:add', 1, 1, NULL, 1, 1, 1, 1, 1, 0, 1, 1);
INSERT INTO `sys_permission` VALUES (53, '', 1, 0, 'admin', '2023-04-25 17:18:32', '', '2023-04-25 17:18:32', '删除通知', 15, '', '', '', '', 2, 'system:notice:delete', 1, 1, NULL, 1, 1, 1, 1, 1, 0, 1, 1);
INSERT INTO `sys_permission` VALUES (54, '', 1, 0, 'admin', '2023-04-25 17:19:36', '', '2023-04-25 17:19:36', '添加职务', 14, '', '', '', '', 2, 'system:position:add', 1, 1, NULL, 1, 1, 1, 1, 1, 0, 1, 1);
INSERT INTO `sys_permission` VALUES (55, '', 1, 0, 'admin', '2023-04-25 17:20:07', '', '2023-04-25 17:20:07', '编辑职务', 14, '', '', '', '', 2, 'system:position:edit', 1, 1, NULL, 1, 1, 1, 1, 1, 0, 1, 1);
INSERT INTO `sys_permission` VALUES (56, '', 1, 0, 'admin', '2023-04-25 17:20:36', '', '2023-04-25 17:20:36', '删除职务', 14, '', '', '', '', 2, 'system:position:delete', 1, 1, NULL, 1, 1, 1, 1, 1, 0, 1, 1);
INSERT INTO `sys_permission` VALUES (57, '', 1, 0, 'admin', '2023-04-25 17:21:18', 'admin', '2023-04-25 17:21:56', '添加租户', 19, '', '', '', '', 2, 'system:tenant:add', 1, 1, NULL, 1, 1, 1, 1, 1, 0, 1, 1);
INSERT INTO `sys_permission` VALUES (58, '', 1, 0, 'admin', '2023-04-25 17:22:34', '', '2023-04-25 17:22:34', '编辑租户', 19, '', '', '', '', 2, 'system:tenant:edit', 1, 1, NULL, 1, 1, 1, 1, 1, 0, 1, 1);
INSERT INTO `sys_permission` VALUES (59, '', 1, 0, 'admin', '2023-04-25 17:23:07', '', '2023-04-25 17:23:07', '删除租户', 19, '', '', '', '', 2, 'system:tenant:delete', 1, 1, NULL, 1, 1, 1, 1, 1, 0, 1, 1);
INSERT INTO `sys_permission` VALUES (60, '', 1, 1, 'admin', '2023-04-26 12:02:20', 'admin', '2023-04-26 12:16:52', 'aaa', 13, '', '', '', '', 2, 'user-depart:user:', 1, 1, NULL, 1, 1, 1, 1, 1, 0, 1, 1);
INSERT INTO `sys_permission` VALUES (61, '', 1, 0, 'admin', '2023-04-26 12:17:26', '', '2023-04-26 12:17:26', '添加部门', 12, '', '', '', '', 2, 'sys:depart:add', 1, 1, NULL, 1, 1, 1, 1, 1, 0, 1, 1);
INSERT INTO `sys_permission` VALUES (62, '', 1, 0, 'admin', '2023-04-26 12:17:57', '', '2023-04-26 12:17:57', '编辑部门', 12, '', '', '', '', 2, 'sys:depart:edit', 1, 1, NULL, 1, 1, 1, 1, 1, 0, 1, 1);
INSERT INTO `sys_permission` VALUES (63, '', 1, 0, 'admin', '2023-04-26 12:18:24', '', '2023-04-26 12:18:24', '删除部门', 12, '', '', '', '', 2, 'sys:depart:delete', 1, 1, NULL, 1, 1, 1, 1, 1, 0, 1, 1);
INSERT INTO `sys_permission` VALUES (64, '', 1, 0, 'admin', '2023-04-26 12:20:06', '', '2023-04-26 12:20:06', '保存部门权限', 12, '', '', '', '', 2, 'sys:depart:save_role', 1, 1, NULL, 1, 1, 1, 1, 1, 0, 1, 1);
INSERT INTO `sys_permission` VALUES (65, '', 1, 0, 'admin', '2023-04-26 12:20:50', '', '2023-04-26 12:20:50', '添加菜单', 11, '', '', '', '', 2, 'sys:menu:add', 1, 1, NULL, 1, 1, 1, 1, 1, 0, 1, 1);
INSERT INTO `sys_permission` VALUES (66, '', 1, 0, 'admin', '2023-04-26 12:21:18', '', '2023-04-26 12:21:18', '编辑菜单', 11, '', '', '', '', 2, 'sys:menu:edit', 1, 1, NULL, 1, 1, 1, 1, 1, 0, 1, 1);
INSERT INTO `sys_permission` VALUES (67, '', 1, 0, 'admin', '2023-04-26 12:21:40', '', '2023-04-26 12:21:40', '删除菜单', 11, '', '', '', '', 2, 'sys:menu:delete', 1, 1, NULL, 1, 1, 1, 1, 1, 0, 1, 1);
INSERT INTO `sys_permission` VALUES (68, '', 1, 0, 'admin', '2023-04-26 12:49:18', '', '2023-04-26 12:49:18', '添加角色', 10, '', '', '', '', 2, 'sys:role:add', 1, 1, NULL, 1, 1, 1, 1, 1, 0, 1, 1);
INSERT INTO `sys_permission` VALUES (69, '', 1, 0, 'admin', '2023-04-26 12:49:52', '', '2023-04-26 12:49:52', '编辑角色', 10, '', '', '', '', 2, 'sys:role:edit', 1, 1, NULL, 1, 1, 1, 1, 1, 0, 1, 1);
INSERT INTO `sys_permission` VALUES (70, '', 1, 0, 'admin', '2023-04-26 12:50:17', '', '2023-04-26 12:50:17', '删除角色', 10, '', '', '', '', 2, 'sys:role:delete', 1, 1, NULL, 1, 1, 1, 1, 1, 0, 1, 1);
INSERT INTO `sys_permission` VALUES (71, '', 1, 0, 'admin', '2023-04-26 12:51:10', '', '2023-04-26 12:51:10', '删除用户', 5, '', '', '', '', 2, 'user:delete', 1, 1, NULL, 1, 1, 1, 1, 1, 0, 1, 1);
INSERT INTO `sys_permission` VALUES (72, '', 1, 0, 'admin', '2023-04-26 12:51:53', '', '2023-04-26 12:51:53', '用户回收站', 5, '', '', '', '', 2, 'user:recycle', 1, 1, NULL, 1, 1, 1, 1, 1, 0, 1, 1);
INSERT INTO `sys_permission` VALUES (73, '', 1, 0, 'admin', '2023-04-26 12:52:14', '', '2023-04-26 12:52:14', '修改用户密码', 5, '', '', '', '', 2, 'user:password', 1, 1, NULL, 1, 1, 1, 1, 1, 0, 1, 1);
INSERT INTO `sys_permission` VALUES (74, '', 1, 0, 'admin', '2023-04-26 17:06:55', '', '2023-04-26 17:06:55', '添加', 24, '', '', '', '', 2, 'codegen:add', 1, 1, NULL, 1, 1, 1, 1, 1, 0, 1, 1);
INSERT INTO `sys_permission` VALUES (75, '', 1, 0, 'admin', '2023-04-26 17:07:25', '', '2023-04-26 17:07:25', '编辑', 24, '', '', '', '', 2, 'codegen:edit', 1, 1, NULL, 1, 1, 1, 1, 1, 0, 1, 1);
INSERT INTO `sys_permission` VALUES (76, '', 1, 0, 'admin', '2023-04-26 17:07:48', '', '2023-04-26 17:07:48', '删除', 24, '', '', '', '', 2, 'codegen:delete', 1, 1, NULL, 1, 1, 1, 1, 1, 0, 1, 1);
INSERT INTO `sys_permission` VALUES (77, '', 1, 0, 'admin', '2023-04-26 17:09:05', '', '2023-04-26 17:09:05', '生成代码', 24, '', '', '', '', 2, 'codegen:generate', 1, 1, NULL, 1, 1, 1, 1, 1, 0, 1, 1);
INSERT INTO `sys_permission` VALUES (78, '', 1, 0, 'admin', '2023-04-26 17:09:33', '', '2023-04-26 17:09:33', '删除job', 40, '', '', '', '', 2, 'job:delete', 1, 1, NULL, 1, 1, 1, 1, 1, 0, 1, 1);
INSERT INTO `sys_permission` VALUES (79, '', 1, 0, 'admin', '2023-04-26 17:09:57', '', '2023-04-26 17:09:57', '查看详情', 39, '', '', '', '', 2, 'worker:detail', 1, 1, NULL, 1, 1, 1, 1, 1, 0, 1, 1);
INSERT INTO `sys_permission` VALUES (80, '', 1, 0, 'admin', '2023-04-26 17:17:02', '', '2023-04-26 17:17:02', '添加任务模版', 32, '', '', '', '', 2, 'task_template:add', 1, 1, NULL, 1, 1, 1, 1, 1, 0, 1, 1);
INSERT INTO `sys_permission` VALUES (81, '', 1, 0, 'admin', '2023-04-26 17:17:19', '', '2023-04-26 17:17:19', '编辑任务模版', 32, '', '', '', '', 2, 'task_template:edit', 1, 1, NULL, 1, 1, 1, 1, 1, 0, 1, 1);
INSERT INTO `sys_permission` VALUES (82, '', 1, 0, 'admin', '2023-04-26 17:17:34', '', '2023-04-26 17:17:34', '删除任务模版', 32, '', '', '', '', 2, 'task_template:delete', 1, 1, NULL, 1, 1, 1, 1, 1, 0, 1, 1);
INSERT INTO `sys_permission` VALUES (83, '', 1, 0, 'admin', '2023-04-26 17:17:49', '', '2023-04-26 17:17:49', '启用禁用', 32, '', '', '', '', 2, 'task_template:status', 1, 1, NULL, 1, 1, 1, 1, 1, 0, 1, 1);
INSERT INTO `sys_permission` VALUES (84, '', 1, 0, 'admin', '2023-04-26 17:18:13', '', '2023-04-26 17:18:13', '添加任务', 33, '', '', '', '', 2, 'task:add', 1, 1, NULL, 1, 1, 1, 1, 1, 0, 1, 1);
INSERT INTO `sys_permission` VALUES (85, '', 1, 0, 'admin', '2023-04-26 17:18:33', '', '2023-04-26 17:18:33', '编辑任务', 33, '', '', '', '', 2, 'task:edit', 1, 1, NULL, 1, 1, 1, 1, 1, 0, 1, 1);
INSERT INTO `sys_permission` VALUES (86, '', 1, 0, 'admin', '2023-04-26 17:18:48', '', '2023-04-26 17:18:48', '删除任务', 33, '', '', '', '', 2, 'task:delete', 1, 1, NULL, 1, 1, 1, 1, 1, 0, 1, 1);
INSERT INTO `sys_permission` VALUES (87, '', 1, 0, 'admin', '2023-04-26 17:19:08', '', '2023-04-26 17:19:08', '启用禁用', 33, '', '', '', '', 2, 'task:status', 1, 1, NULL, 1, 1, 1, 1, 1, 0, 1, 1);
INSERT INTO `sys_permission` VALUES (88, '', 1, 0, 'admin', '2023-04-26 17:19:49', '', '2023-04-26 17:19:49', '运行dag', 35, '', '', '', '', 2, 'dag_detail:run', 1, 1, NULL, 1, 1, 1, 1, 1, 0, 1, 1);
INSERT INTO `sys_permission` VALUES (89, '', 1, 0, 'admin', '2023-04-26 17:20:30', '', '2023-04-26 17:20:30', '删除选中节点', 35, '', '', '', '', 2, 'dag_detail:delete', 1, 1, NULL, 1, 1, 1, 1, 1, 0, 1, 1);
INSERT INTO `sys_permission` VALUES (90, '', 1, 0, 'admin', '2023-04-26 17:21:10', '', '2023-04-26 17:21:10', '添加', 34, '', '', '', '', 2, 'dag:add', 1, 1, NULL, 1, 1, 1, 1, 1, 0, 1, 1);
INSERT INTO `sys_permission` VALUES (91, '', 1, 0, 'admin', '2023-04-26 17:21:32', '', '2023-04-26 17:21:32', '复制任务', 33, '', '', '', '', 2, 'task:copy', 1, 1, NULL, 1, 1, 1, 1, 1, 0, 1, 1);
INSERT INTO `sys_permission` VALUES (92, '', 1, 0, 'admin', '2023-04-26 17:22:32', '', '2023-04-26 17:22:32', '编辑', 34, '', '', '', '', 2, 'dag:edit', 1, 1, NULL, 1, 1, 1, 1, 1, 0, 1, 1);
INSERT INTO `sys_permission` VALUES (93, '', 1, 0, 'admin', '2023-04-26 17:22:58', '', '2023-04-26 17:22:58', '删除', 34, '', '', '', '', 2, 'dag:delete', 1, 1, NULL, 1, 1, 1, 1, 1, 0, 1, 1);
INSERT INTO `sys_permission` VALUES (94, '', 1, 0, 'admin', '2023-04-26 17:23:15', '', '2023-04-26 17:23:15', '复制', 34, '', '', '', '', 2, 'dag:copy', 1, 1, NULL, 1, 1, 1, 1, 1, 0, 1, 1);
INSERT INTO `sys_permission` VALUES (95, '', 1, 0, 'admin', '2023-04-26 17:23:46', '', '2023-04-26 17:23:46', '启用禁用', 34, '', '', '', '', 2, 'dag:status', 1, 1, NULL, 1, 1, 1, 1, 1, 0, 1, 1);
INSERT INTO `sys_permission` VALUES (96, '', 1, 0, 'admin', '2023-04-26 17:24:10', '', '2023-04-26 17:24:10', '添加', 26, '', '', '', '', 2, 'datasource:add', 1, 1, NULL, 1, 1, 1, 1, 1, 0, 1, 1);
INSERT INTO `sys_permission` VALUES (97, '', 1, 0, 'admin', '2023-04-26 17:24:32', '', '2023-04-26 17:24:32', '编辑', 26, '', '', '', '', 2, 'datasource:edit', 1, 1, NULL, 1, 1, 1, 1, 1, 0, 1, 1);
INSERT INTO `sys_permission` VALUES (98, '', 1, 0, 'admin', '2023-04-26 17:24:51', '', '2023-04-26 17:24:51', '删除', 26, '', '', '', '', 2, 'datasource:delete', 1, 1, NULL, 1, 1, 1, 1, 1, 0, 1, 1);
INSERT INTO `sys_permission` VALUES (99, '', 1, 0, 'admin', '2023-04-26 17:25:47', '', '2023-04-26 17:25:47', '添加', 27, '', '', '', '', 2, 'datamodel:add', 1, 1, NULL, 1, 1, 1, 1, 1, 0, 1, 1);
INSERT INTO `sys_permission` VALUES (100, '', 1, 0, 'admin', '2023-04-26 17:26:08', '', '2023-04-26 17:26:08', '编辑', 27, '', '', '', '', 2, 'datamodel:edit', 1, 1, NULL, 1, 1, 1, 1, 1, 0, 1, 1);
INSERT INTO `sys_permission` VALUES (101, '', 1, 0, 'admin', '2023-04-26 17:26:28', '', '2023-04-26 17:26:28', '删除', 27, '', '', '', '', 2, 'datamodel:delete', 1, 1, NULL, 1, 1, 1, 1, 1, 0, 1, 1);
INSERT INTO `sys_permission` VALUES (102, '', 1, 0, 'admin', '2023-04-26 17:26:45', '', '2023-04-26 17:26:45', '复制', 27, '', '', '', '', 2, 'datamodel:copy', 1, 1, NULL, 1, 1, 1, 1, 1, 0, 1, 1);
INSERT INTO `sys_permission` VALUES (103, '', 1, 0, 'admin', '2023-04-26 17:27:03', '', '2023-04-26 17:27:03', '添加', 37, '', '', '', '', 2, 'algorithm:add', 1, 1, NULL, 1, 1, 1, 1, 1, 0, 1, 1);
INSERT INTO `sys_permission` VALUES (104, '', 1, 0, 'admin', '2023-04-26 17:27:25', '', '2023-04-26 17:27:25', '编辑', 37, '', '', '', '', 2, 'algorithm:edit', 1, 1, NULL, 1, 1, 1, 1, 1, 0, 1, 1);
INSERT INTO `sys_permission` VALUES (105, '', 1, 0, 'admin', '2023-04-26 17:27:39', '', '2023-04-26 17:27:39', '删除', 37, '', '', '', '', 2, 'algorithm:delete', 1, 1, NULL, 1, 1, 1, 1, 1, 0, 1, 1);
INSERT INTO `sys_permission` VALUES (106, '', 1, 0, 'admin', '2023-04-26 17:28:05', '', '2023-04-26 17:28:05', '启用禁用', 37, '', '', '', '', 2, 'algorithm:status', 1, 1, NULL, 1, 1, 1, 1, 1, 0, 1, 1);
INSERT INTO `sys_permission` VALUES (107, '', 1, 0, 'admin', '2023-04-26 17:29:07', '', '2023-04-26 17:29:07', '编辑数据接口', 28, '', '', '', '', 2, 'data_interface:edit', 1, 1, NULL, 1, 1, 1, 1, 1, 0, 1, 1);
INSERT INTO `sys_permission` VALUES (108, '', 1, 0, 'admin', '2023-04-26 17:29:29', '', '2023-04-26 17:29:29', '审核接口', 28, '', '', '', '', 2, 'data_interface:verify', 1, 1, NULL, 1, 1, 1, 1, 1, 0, 1, 1);
INSERT INTO `sys_permission` VALUES (109, '', 1, 0, 'admin', '2023-04-26 17:29:47', 'admin', '2023-04-26 17:30:22', '删除接口', 28, '', '', '', '', 2, 'data_interface:delete', 1, 1, NULL, 1, 1, 1, 1, 1, 0, 1, 1);
INSERT INTO `sys_permission` VALUES (110, '', 1, 0, 'admin', '2023-04-26 17:30:12', '', '2023-04-26 17:30:12', '数据接口启用禁用', 28, '', '', '', '', 2, 'data_interface:status', 1, 1, NULL, 1, 1, 1, 1, 1, 0, 1, 1);
INSERT INTO `sys_permission` VALUES (111, '', 1, 0, 'admin', '2023-04-28 07:31:18', 'admin', '2023-04-28 07:36:26', '管理角色用户', 10, '', '', '', '', 2, 'sys:role:user', 1, 1, NULL, 1, 1, 1, 1, 1, 0, 1, 1);
INSERT INTO `sys_permission` VALUES (112, '', 1, 0, 'admin', '2023-04-28 07:32:42', '', '2023-04-28 07:32:42', '授权', 10, '', '', '', '', 2, 'sys:role:auth', 1, 1, NULL, 1, 1, 1, 1, 1, 0, 1, 1);
INSERT INTO `sys_permission` VALUES (113, '', 1, 0, 'admin', '2023-05-04 09:29:15', '', '2023-05-04 09:29:15', '冻结用户', 5, '', '', '', '', 2, 'user:frozen', 1, 1, NULL, 1, 1, 1, 1, 1, 0, 1, 1);
INSERT INTO `sys_permission` VALUES (114, '', 9.2, 0, 'admin', '2023-06-19 12:04:35', 'admin', '2023-06-19 16:54:45', '告警管理', NULL, '/alert', 'layouts/default/index', '', '', 0, NULL, 1, 0, 'ant-design:alert-outlined', 1, 0, 0, 0, 0, 0, 1, 0);
INSERT INTO `sys_permission` VALUES (115, '', 1, 0, 'admin', '2023-06-19 16:51:20', 'admin', '2023-06-19 16:57:44', '告警查询', 114, '/alert/list', '/alert/index', '', '', 1, NULL, 1, 0, 'ant-design:alert-outlined', 1, 1, 0, 0, 0, 0, 1, 0);
INSERT INTO `sys_permission` VALUES (116, '', 99, 0, 'admin', '2023-06-19 16:54:21', 'admin', '2023-06-19 16:55:52', '告警策略', 114, '/alert/alert_strategy', '/alert/alert_strategy/index', '', '', 1, NULL, 1, 0, 'ant-design:exception-outlined', 1, 1, 0, 0, 0, 0, 1, 0);
INSERT INTO `sys_permission` VALUES (117, '', 1, 0, 'admin', '2023-07-28 08:17:22', '', '2023-07-28 08:17:22', '重启所有job', 40, '', '', '', '', 2, 'job:restart', 1, 1, NULL, 1, 1, 1, 1, 1, 0, 1, 1);
COMMIT;

-- ----------------------------
-- Table structure for sys_position
-- ----------------------------
DROP TABLE IF EXISTS `sys_position`;
CREATE TABLE `sys_position` (
  `id` int NOT NULL AUTO_INCREMENT COMMENT 'id主键',
  `description` text CHARACTER SET utf8mb4 COLLATE utf8mb4_general_ci COMMENT '简介',
  `sort_no` float DEFAULT NULL COMMENT '排序',
  `del_flag` smallint DEFAULT NULL COMMENT '软删除标记',
  `create_by` varchar(100) CHARACTER SET utf8mb4 COLLATE utf8mb4_general_ci DEFAULT NULL COMMENT '创建者',
  `create_time` timestamp NULL DEFAULT CURRENT_TIMESTAMP COMMENT '创建时间',
  `update_by` varchar(100) CHARACTER SET utf8mb4 COLLATE utf8mb4_general_ci DEFAULT NULL COMMENT '修改者',
  `update_time` timestamp NULL DEFAULT CURRENT_TIMESTAMP ON UPDATE CURRENT_TIMESTAMP COMMENT '修改时间',
  `name` varchar(100) CHARACTER SET utf8mb4 COLLATE utf8mb4_general_ci DEFAULT NULL COMMENT '名称',
  `code` varchar(100) CHARACTER SET utf8mb4 COLLATE utf8mb4_general_ci DEFAULT NULL COMMENT '编码',
  `org_code` varchar(100) CHARACTER SET utf8mb4 COLLATE utf8mb4_general_ci DEFAULT NULL COMMENT '所属机构编码',
  `post_rank` int DEFAULT NULL COMMENT '职级',
  `company_id` int DEFAULT NULL COMMENT '公司id',
  PRIMARY KEY (`id`)
) ENGINE=InnoDB AUTO_INCREMENT=2 DEFAULT CHARSET=utf8mb4 COLLATE=utf8mb4_general_ci;

-- ----------------------------
-- Records of sys_position
-- ----------------------------
BEGIN;
INSERT INTO `sys_position` VALUES (1, '', 1, 0, 'admin', '2022-11-09 05:41:20', 'admin', '2022-11-11 17:47:40', 'test13333', 'a1', '', 4, NULL);
COMMIT;

-- ----------------------------
-- Table structure for sys_role
-- ----------------------------
DROP TABLE IF EXISTS `sys_role`;
CREATE TABLE `sys_role` (
  `id` int NOT NULL AUTO_INCREMENT COMMENT 'id主键',
  `description` text CHARACTER SET utf8mb4 COLLATE utf8mb4_general_ci COMMENT '简介',
  `sort_no` float DEFAULT NULL COMMENT '排序',
  `del_flag` smallint DEFAULT NULL COMMENT '软删除标记',
  `create_by` varchar(100) CHARACTER SET utf8mb4 COLLATE utf8mb4_general_ci DEFAULT NULL COMMENT '创建者',
  `create_time` timestamp NULL DEFAULT CURRENT_TIMESTAMP COMMENT '创建时间',
  `update_by` varchar(100) CHARACTER SET utf8mb4 COLLATE utf8mb4_general_ci DEFAULT NULL COMMENT '修改者',
  `update_time` timestamp NULL DEFAULT CURRENT_TIMESTAMP ON UPDATE CURRENT_TIMESTAMP COMMENT '修改时间',
  `role_name` varchar(100) CHARACTER SET utf8mb4 COLLATE utf8mb4_general_ci DEFAULT NULL COMMENT '角色名称',
  `role_code` varchar(100) CHARACTER SET utf8mb4 COLLATE utf8mb4_general_ci DEFAULT NULL COMMENT '角色编码',
  `status` smallint DEFAULT NULL COMMENT '1-正常,0-禁用',
  `permissions` text CHARACTER SET utf8mb4 COLLATE utf8mb4_general_ci COMMENT '权限列表',
  PRIMARY KEY (`id`),
  KEY `ix_sys_role_role_name` (`role_name`),
  KEY `ix_sys_role_role_code` (`role_code`)
) ENGINE=InnoDB AUTO_INCREMENT=15 DEFAULT CHARSET=utf8mb4 COLLATE=utf8mb4_general_ci;

-- ----------------------------
-- Records of sys_role
-- ----------------------------
BEGIN;
INSERT INTO `sys_role` VALUES (12, '', 1, 0, 'admin', '2023-04-27 14:32:26', '', '2023-04-27 14:32:57', '管理员', 'admin', 1, '[\"1\", \"3\", \"2\", \"25\", \"26\", \"98\", \"97\", \"96\", \"27\", \"102\", \"101\", \"100\", \"99\", \"37\", \"106\", \"105\", \"104\", \"103\", \"28\", \"110\", \"109\", \"108\", \"107\", \"31\", \"32\", \"83\", \"82\", \"81\", \"80\", \"33\", \"91\", \"87\", \"86\", \"85\", \"84\", \"35\", \"89\", \"88\", \"34\", \"95\", \"94\", \"93\", \"92\", \"90\", \"20\", \"21\", \"38\", \"41\", \"40\", \"78\", \"39\", \"79\", \"23\", \"24\", \"77\", \"76\", \"75\", \"74\", \"4\", \"18\", \"5\", \"73\", \"72\", \"71\", \"7\", \"6\", \"10\", \"70\", \"69\", \"68\", \"11\", \"67\", \"66\", \"65\", \"12\", \"64\", \"63\", \"62\", \"61\", \"13\", \"22\", \"19\", \"59\", \"58\", \"57\", \"14\", \"56\", \"55\", \"54\", \"15\", \"53\", \"52\", \"16\", \"49\", \"48\", \"47\", \"46\", \"45\", \"44\", \"43\", \"42\", \"17\", \"51\", \"50\"]');
INSERT INTO `sys_role` VALUES (13, '', 1, 0, 'admin', '2023-04-27 14:32:45', '', '2023-04-27 14:48:17', '普通用户', 'user', 1, '[\"3\", \"1\", \"25\", \"28\", \"31\", \"33\", \"91\", \"87\", \"86\", \"85\", \"84\", \"35\", \"89\", \"88\", \"34\", \"95\", \"94\", \"93\", \"92\", \"90\", \"20\", \"21\", \"23\", \"24\", \"77\", \"4\", \"18\", \"13\", \"22\", \"15\", \"16\", \"17\", \"50\"]');
INSERT INTO `sys_role` VALUES (14, '', 1, 0, 'admin', '2023-04-27 17:38:31', '', '2023-04-27 17:43:35', '开发者', 'dev_user', 1, '[\"2\", \"1\", \"25\", \"26\", \"98\", \"97\", \"96\", \"27\", \"102\", \"101\", \"100\", \"99\", \"37\", \"106\", \"105\", \"104\", \"103\", \"28\", \"110\", \"109\", \"108\", \"107\", \"31\", \"32\", \"83\", \"82\", \"81\", \"80\", \"33\", \"91\", \"87\", \"86\", \"85\", \"84\", \"35\", \"89\", \"88\", \"34\", \"95\", \"94\", \"93\", \"92\", \"90\", \"20\", \"21\", \"38\", \"41\", \"40\", \"78\", \"39\", \"79\", \"23\", \"24\", \"77\", \"76\", \"75\", \"74\", \"4\", \"18\", \"13\", \"16\", \"17\", \"50\", \"3\"]');
COMMIT;

-- ----------------------------
-- Table structure for sys_tenant
-- ----------------------------
DROP TABLE IF EXISTS `sys_tenant`;
CREATE TABLE `sys_tenant` (
  `id` int NOT NULL AUTO_INCREMENT COMMENT 'id主键',
  `description` text CHARACTER SET utf8mb4 COLLATE utf8mb4_general_ci COMMENT '简介',
  `sort_no` float DEFAULT NULL COMMENT '排序',
  `del_flag` smallint DEFAULT NULL COMMENT '软删除标记',
  `create_by` varchar(100) CHARACTER SET utf8mb4 COLLATE utf8mb4_general_ci DEFAULT NULL COMMENT '创建者',
  `create_time` timestamp NULL DEFAULT CURRENT_TIMESTAMP COMMENT '创建时间',
  `update_by` varchar(100) CHARACTER SET utf8mb4 COLLATE utf8mb4_general_ci DEFAULT NULL COMMENT '修改者',
  `update_time` timestamp NULL DEFAULT CURRENT_TIMESTAMP ON UPDATE CURRENT_TIMESTAMP COMMENT '修改时间',
  `name` varchar(100) CHARACTER SET utf8mb4 COLLATE utf8mb4_general_ci DEFAULT NULL COMMENT '租户名称',
  `begin_date` int DEFAULT NULL COMMENT '开始时间',
  `end_date` int DEFAULT NULL COMMENT '结束时间',
  `status` smallint DEFAULT NULL COMMENT '状态 1正常 0冻结',
  PRIMARY KEY (`id`)
) ENGINE=InnoDB AUTO_INCREMENT=3 DEFAULT CHARSET=utf8mb4 COLLATE=utf8mb4_general_ci;

-- ----------------------------
-- Records of sys_tenant
-- ----------------------------
BEGIN;
INSERT INTO `sys_tenant` VALUES (1, '', 1, 0, 'admin', '2022-11-10 06:13:24', 'admin', '2022-11-10 06:34:53', 'test', 1667911097, 1668159384, 1);
COMMIT;

-- ----------------------------
-- Table structure for sys_user
-- ----------------------------
DROP TABLE IF EXISTS `sys_user`;
CREATE TABLE `sys_user` (
  `id` int NOT NULL AUTO_INCREMENT COMMENT 'id主键',
  `description` text CHARACTER SET utf8mb4 COLLATE utf8mb4_general_ci COMMENT '简介',
  `sort_no` float DEFAULT NULL COMMENT '排序',
  `del_flag` smallint DEFAULT NULL COMMENT '软删除标记',
  `create_by` varchar(100) CHARACTER SET utf8mb4 COLLATE utf8mb4_general_ci DEFAULT NULL COMMENT '创建者',
  `create_time` timestamp NULL DEFAULT CURRENT_TIMESTAMP COMMENT '创建时间',
  `update_by` varchar(100) CHARACTER SET utf8mb4 COLLATE utf8mb4_general_ci DEFAULT NULL COMMENT '修改者',
  `update_time` timestamp NULL DEFAULT CURRENT_TIMESTAMP ON UPDATE CURRENT_TIMESTAMP COMMENT '修改时间',
  `username` varchar(100) CHARACTER SET utf8mb4 COLLATE utf8mb4_general_ci DEFAULT NULL COMMENT '登录的用户名',
  `password` varchar(128) CHARACTER SET utf8mb4 COLLATE utf8mb4_general_ci DEFAULT NULL COMMENT '密码',
  `nickname` varchar(100) CHARACTER SET utf8mb4 COLLATE utf8mb4_general_ci DEFAULT NULL COMMENT '昵称',
  `avatar` varchar(1024) CHARACTER SET utf8mb4 COLLATE utf8mb4_general_ci DEFAULT NULL COMMENT '头像',
  `birthday` datetime DEFAULT NULL COMMENT '生日',
  `sex` smallint DEFAULT NULL COMMENT '性别(0-默认未知,1-男,2-女)',
  `email` varchar(45) CHARACTER SET utf8mb4 COLLATE utf8mb4_general_ci DEFAULT NULL COMMENT '邮箱',
  `phone` varchar(45) CHARACTER SET utf8mb4 COLLATE utf8mb4_general_ci DEFAULT NULL COMMENT '手机号',
  `org_code` varchar(64) CHARACTER SET utf8mb4 COLLATE utf8mb4_general_ci DEFAULT NULL COMMENT '登录会话的机构编码',
  `status` smallint DEFAULT NULL COMMENT '1-正常,0-禁用',
  `user_identity` smallint DEFAULT NULL COMMENT '身份（1普通成员 2上级）',
  `third_id` varchar(100) CHARACTER SET utf8mb4 COLLATE utf8mb4_general_ci DEFAULT NULL COMMENT '第三方登陆的唯一标志',
  `third_type` varchar(100) CHARACTER SET utf8mb4 COLLATE utf8mb4_general_ci DEFAULT NULL COMMENT '第三方登陆的类型',
  `work_no` varchar(100) CHARACTER SET utf8mb4 COLLATE utf8mb4_general_ci DEFAULT NULL COMMENT '工号',
  `depart_id_list` text CHARACTER SET utf8mb4 COLLATE utf8mb4_general_ci COMMENT '部门列表',
  `post_id_list` text CHARACTER SET utf8mb4 COLLATE utf8mb4_general_ci COMMENT '职务列表',
  `role_id_list` text CHARACTER SET utf8mb4 COLLATE utf8mb4_general_ci COMMENT '角色列表',
  `verify_token` varchar(50) CHARACTER SET utf8mb4 COLLATE utf8mb4_general_ci DEFAULT NULL COMMENT '验证token',
  `login_times` int DEFAULT NULL COMMENT '登录次数',
  `login_time` int DEFAULT NULL COMMENT '上次登录时间',
  `login_ip` varchar(30) CHARACTER SET utf8mb4 COLLATE utf8mb4_general_ci DEFAULT NULL COMMENT '上次登录IP',
  `valid_start_time` int DEFAULT NULL COMMENT '有效期(开始)',
  `valid_end_time` int DEFAULT NULL COMMENT '有效期（结束）',
  `tenant_id_list` text CHARACTER SET utf8mb4 COLLATE utf8mb4_general_ci COMMENT '租户列表',
  `tenant_id` int DEFAULT NULL COMMENT '登录会话的租户id',
  PRIMARY KEY (`id`),
  KEY `ix_sys_user_email` (`email`),
  KEY `ix_sys_user_username` (`username`),
  KEY `ix_sys_user_phone` (`phone`),
  KEY `ix_sys_user_org_code` (`org_code`),
  KEY `ix_sys_user_password` (`password`),
  KEY `ix_sys_user_nickname` (`nickname`),
  KEY `ix_sys_user_third_id` (`third_id`),
  KEY `ix_sys_user_work_no` (`work_no`)
) ENGINE=InnoDB AUTO_INCREMENT=9 DEFAULT CHARSET=utf8mb4 COLLATE=utf8mb4_general_ci;

-- ----------------------------
-- Records of sys_user
-- ----------------------------
BEGIN;
INSERT INTO `sys_user` VALUES (1, '', 1, 0, 'system', '2022-10-31 09:41:34', 'admin', '2023-10-13 05:03:58', 'admin', 'pbkdf2:sha256:260000$uPkgXU614UEZVupq$f796a5bc254e02bfc78526a092ead4057073493f0115a9df56288f852cfb228a', '张', '', '2003-03-12 05:56:00', 1, 'yiiid80@gmail.com', '13157520026', 'org_5', 1, 2, NULL, NULL, '20213916', '[\"5\", \"7\"]', '[\"a1\"]', '[\"12\", \"14\"]', '', 733, 1697173438, '221.216.40.38', NULL, NULL, '[\"1\"]', 1);
INSERT INTO `sys_user` VALUES (6, '', 1, 0, 'admin', '2023-04-27 14:52:16', 'admin', '2023-09-14 01:38:33', 'preview', 'pbkdf2:sha256:260000$t4Gm48smy9rPudxM$5e65784bf7616ad5c09e9b85e0c3a0984e965c3aaad38e4ca3fa936011eb0f76', '预览用户', '', '2023-09-13 20:36:00', 0, NULL, NULL, 'org_5', 1, 2, NULL, NULL, '00002', '[\"5\"]', '[]', '[\"11\"]', '', 1, 1682617624, '172.18.0.1', NULL, NULL, '[]', NULL);
INSERT INTO `sys_user` VALUES (7, '', 1, 0, 'admin', '2023-04-27 14:54:05', 'admin', '2023-09-14 07:00:55', 'test1', 'pbkdf2:sha256:260000$VHkgoxdY1LJ4ml66$0dac1b13d19f2965d4e986ff0395aa43bf9766be2e3bd1b8fec7b5947dd65563', 'Zhang Yidi', NULL, '2023-09-13 20:36:00', 0, NULL, NULL, 'org_6', 1, 1, NULL, NULL, '202139160124', '[\"6\"]', '[]', '[\"13\"]', '', 3, 1694674855, '122.243.31.180', NULL, NULL, '[]', NULL);
INSERT INTO `sys_user` VALUES (8, '', 1, 0, 'admin', '2023-04-27 17:40:41', 'admin', '2023-09-13 12:36:33', 'dev1', 'pbkdf2:sha256:260000$3J8QC8NiR8TzyeN8$ff8228e7e8b41194e22a00282e08a2cf762667d3fd3e70a1681bcddc191ff9b4', '开发一', NULL, '2023-09-13 20:36:00', 1, NULL, NULL, 'org_7', 1, 2, NULL, NULL, '0000', '[\"7\"]', '[\"a1\"]', '[\"14\"]', '', 1, 1682617321, '172.18.0.1', NULL, NULL, '[\"1\"]', NULL);
COMMIT;

-- ----------------------------
-- Table structure for task
-- ----------------------------
DROP TABLE IF EXISTS `task`;
CREATE TABLE `task` (
  `description` text CHARACTER SET utf8mb4 COLLATE utf8mb4_general_ci COMMENT '简介',
  `sort_no` float DEFAULT NULL COMMENT '排序',
  `del_flag` smallint DEFAULT NULL COMMENT '软删除标记',
  `create_by` varchar(100) CHARACTER SET utf8mb4 COLLATE utf8mb4_general_ci DEFAULT NULL COMMENT '创建者',
  `create_time` timestamp NULL DEFAULT CURRENT_TIMESTAMP COMMENT '创建时间',
  `update_by` varchar(100) CHARACTER SET utf8mb4 COLLATE utf8mb4_general_ci DEFAULT NULL COMMENT '修改者',
  `update_time` timestamp NULL DEFAULT CURRENT_TIMESTAMP ON UPDATE CURRENT_TIMESTAMP COMMENT '修改时间',
  `id` varchar(36) CHARACTER SET utf8mb4 COLLATE utf8mb4_general_ci NOT NULL COMMENT 'id',
  `template_code` varchar(200) CHARACTER SET utf8mb4 COLLATE utf8mb4_general_ci DEFAULT NULL COMMENT '任务模版id',
  `name` varchar(100) CHARACTER SET utf8mb4 COLLATE utf8mb4_general_ci DEFAULT NULL COMMENT '名称',
  `params` longtext CHARACTER SET utf8mb4 COLLATE utf8mb4_general_ci COMMENT '参数',
  `status` smallint DEFAULT NULL COMMENT '状态',
  `trigger_type` smallint DEFAULT NULL COMMENT '触发方式',
  `crontab` varchar(500) CHARACTER SET utf8mb4 COLLATE utf8mb4_general_ci DEFAULT NULL COMMENT '定时设置',
  `task_type` smallint DEFAULT NULL COMMENT '任务类型，1普通任务2dag工作流任务',
  `run_type` smallint DEFAULT NULL COMMENT 'dag运行类型，1分布式2，单进程',
  `trigger_date` varchar(100) CHARACTER SET utf8mb4 COLLATE utf8mb4_general_ci DEFAULT NULL COMMENT '触发始末时间',
  `priority` int DEFAULT NULL COMMENT '优先级',
  `retry` int DEFAULT NULL COMMENT '失败重试次数',
  `countdown` int DEFAULT NULL COMMENT '失败重试间隔',
  `running_id` varchar(36) CHARACTER SET utf8mb4 COLLATE utf8mb4_general_ci DEFAULT NULL COMMENT '运行中任务实例id',
  `run_queue` varchar(200) CHARACTER SET utf8mb4 COLLATE utf8mb4_general_ci DEFAULT NULL COMMENT '运行队列',
  `alert_strategy_ids` text CHARACTER SET utf8mb4 COLLATE utf8mb4_general_ci COMMENT '绑定告警策略列表',
  PRIMARY KEY (`id`)
) ENGINE=InnoDB DEFAULT CHARSET=utf8mb4 COLLATE=utf8mb4_general_ci;

-- ----------------------------
-- Records of task
-- ----------------------------
BEGIN;
INSERT INTO `task` VALUES ('', 1, 0, 'admin', '2023-08-25 17:51:27', 'admin', '2023-08-26 09:20:28', '068324857ff6407895db34881c1c3f92', '', 'dag示例2', '{\n  \"cells\": [\n    {\n      \"shape\": \"edge\",\n      \"attrs\": {\n        \"line\": {\n          \"stroke\": \"#A2B1C3\",\n          \"strokeWidth\": 1,\n          \"targetMarker\": {\n            \"height\": 6,\n            \"name\": \"block\",\n            \"width\": 10\n          }\n        }\n      },\n      \"id\": \"eb8fc6c6-c3b5-4676-ae11-e84a90e77583\",\n      \"zIndex\": 0,\n      \"source\": {\n        \"cell\": \"c079b781-55ea-4c8e-bb6a-39d2a54ea18d\",\n        \"port\": \"9ce488b8-dc91-435d-8adf-646aea0dc35f\"\n      },\n      \"target\": {\n        \"cell\": \"41684aa0-2123-4988-a667-871bf3d23b05\",\n        \"port\": \"02d2fff0-f547-4247-aeee-056d7bb929aa\"\n      }\n    },\n    {\n      \"shape\": \"edge\",\n      \"attrs\": {\n        \"line\": {\n          \"stroke\": \"#A2B1C3\",\n          \"strokeWidth\": 1,\n          \"targetMarker\": {\n            \"height\": 6,\n            \"name\": \"block\",\n            \"width\": 10\n          }\n        }\n      },\n      \"id\": \"63e6cfe3-6c13-427f-8a42-4f17050113af\",\n      \"zIndex\": 0,\n      \"source\": {\n        \"cell\": \"41684aa0-2123-4988-a667-871bf3d23b05\",\n        \"port\": \"9ce488b8-dc91-435d-8adf-646aea0dc35f\"\n      },\n      \"target\": {\n        \"cell\": \"9302f8d4-2d18-4653-8ce2-8ca89da43500\",\n        \"port\": \"02d2fff0-f547-4247-aeee-056d7bb929aa\"\n      }\n    },\n    {\n      \"position\": {\n        \"x\": -110,\n        \"y\": -40\n      },\n      \"size\": {\n        \"width\": 180,\n        \"height\": 40\n      },\n      \"view\": \"vue-shape-view\",\n      \"shape\": \"container-node\",\n      \"img\": \"https://gw.alipayobjects.com/mdn/rms_43231b/afts/img/A*evDjT5vjkX0AAAAAAAAAAAAAARQnAQ\",\n      \"component\": {},\n      \"ports\": {\n        \"groups\": {\n          \"top\": {\n            \"position\": \"top\",\n            \"attrs\": {\n              \"circle\": {\n                \"r\": 4,\n                \"magnet\": true,\n                \"stroke\": \"#5F95FF\",\n                \"strokeWidth\": 1,\n                \"fill\": \"#fff\",\n                \"style\": {\n                  \"visibility\": \"hidden\"\n                }\n              }\n            }\n          },\n          \"bottom\": {\n            \"position\": \"bottom\",\n            \"attrs\": {\n              \"circle\": {\n                \"r\": 4,\n                \"magnet\": true,\n                \"stroke\": \"#5F95FF\",\n                \"strokeWidth\": 1,\n                \"fill\": \"#fff\",\n                \"style\": {\n                  \"visibility\": \"hidden\"\n                }\n              }\n            }\n          }\n        },\n        \"items\": [\n          {\n            \"group\": \"top\",\n            \"id\": \"02d2fff0-f547-4247-aeee-056d7bb929aa\"\n          },\n          {\n            \"group\": \"bottom\",\n            \"id\": \"9ce488b8-dc91-435d-8adf-646aea0dc35f\"\n          }\n        ]\n      },\n      \"id\": \"c079b781-55ea-4c8e-bb6a-39d2a54ea18d\",\n      \"data\": {\n        \"img\": \"https://gw.alipayobjects.com/mdn/rms_43231b/afts/img/A*evDjT5vjkX0AAAAAAAAAAAAAARQnAQ\",\n        \"label\": \"python任务\",\n        \"params\": {\n          \"countdown\": 0,\n          \"error_type\": \"throw\",\n          \"retry\": 0,\n          \"task_conf\": {\n            \"code\": \"import time\\nfor i in range(5):\\n    logger.info(i)\\n    time.sleep(1)\",\n            \"run_type\": \"code\"\n          },\n          \"template_code\": \"PythonTask\"\n        },\n        \"status\": \"\"\n      },\n      \"zIndex\": 1\n    },\n    {\n      \"position\": {\n        \"x\": -110,\n        \"y\": 250\n      },\n      \"size\": {\n        \"width\": 180,\n        \"height\": 40\n      },\n      \"view\": \"vue-shape-view\",\n      \"shape\": \"container-node\",\n      \"img\": \"https://gw.alipayobjects.com/mdn/rms_43231b/afts/img/A*evDjT5vjkX0AAAAAAAAAAAAAARQnAQ\",\n      \"component\": {},\n      \"ports\": {\n        \"groups\": {\n          \"top\": {\n            \"position\": \"top\",\n            \"attrs\": {\n              \"circle\": {\n                \"r\": 4,\n                \"magnet\": true,\n                \"stroke\": \"#5F95FF\",\n                \"strokeWidth\": 1,\n                \"fill\": \"#fff\",\n                \"style\": {\n                  \"visibility\": \"hidden\"\n                }\n              }\n            }\n          },\n          \"bottom\": {\n            \"position\": \"bottom\",\n            \"attrs\": {\n              \"circle\": {\n                \"r\": 4,\n                \"magnet\": true,\n                \"stroke\": \"#5F95FF\",\n                \"strokeWidth\": 1,\n                \"fill\": \"#fff\",\n                \"style\": {\n                  \"visibility\": \"hidden\"\n                }\n              }\n            }\n          }\n        },\n        \"items\": [\n          {\n            \"group\": \"top\",\n            \"id\": \"02d2fff0-f547-4247-aeee-056d7bb929aa\"\n          },\n          {\n            \"group\": \"bottom\",\n            \"id\": \"9ce488b8-dc91-435d-8adf-646aea0dc35f\"\n          }\n        ]\n      },\n      \"id\": \"9302f8d4-2d18-4653-8ce2-8ca89da43500\",\n      \"data\": {\n        \"img\": \"https://gw.alipayobjects.com/mdn/rms_43231b/afts/img/A*evDjT5vjkX0AAAAAAAAAAAAAARQnAQ\",\n        \"label\": \"python任务\",\n        \"params\": {\n          \"countdown\": 0,\n          \"error_type\": \"throw\",\n          \"retry\": 0,\n          \"task_conf\": {\n            \"code\": \"import time\\nfor i in range(5):\\n    logger.info(i)\\n    time.sleep(1)\",\n            \"run_type\": \"code\"\n          },\n          \"template_code\": \"PythonTask\"\n        },\n        \"status\": \"\"\n      },\n      \"zIndex\": 2\n    },\n    {\n      \"position\": {\n        \"x\": -110,\n        \"y\": 110\n      },\n      \"size\": {\n        \"width\": 180,\n        \"height\": 40\n      },\n      \"view\": \"vue-shape-view\",\n      \"shape\": \"container-node\",\n      \"img\": \"https://gw.alipayobjects.com/mdn/rms_43231b/afts/img/A*evDjT5vjkX0AAAAAAAAAAAAAARQnAQ\",\n      \"component\": {},\n      \"ports\": {\n        \"groups\": {\n          \"top\": {\n            \"position\": \"top\",\n            \"attrs\": {\n              \"circle\": {\n                \"r\": 4,\n                \"magnet\": true,\n                \"stroke\": \"#5F95FF\",\n                \"strokeWidth\": 1,\n                \"fill\": \"#fff\",\n                \"style\": {\n                  \"visibility\": \"hidden\"\n                }\n              }\n            }\n          },\n          \"bottom\": {\n            \"position\": \"bottom\",\n            \"attrs\": {\n              \"circle\": {\n                \"r\": 4,\n                \"magnet\": true,\n                \"stroke\": \"#5F95FF\",\n                \"strokeWidth\": 1,\n                \"fill\": \"#fff\",\n                \"style\": {\n                  \"visibility\": \"hidden\"\n                }\n              }\n            }\n          }\n        },\n        \"items\": [\n          {\n            \"group\": \"top\",\n            \"id\": \"02d2fff0-f547-4247-aeee-056d7bb929aa\"\n          },\n          {\n            \"group\": \"bottom\",\n            \"id\": \"9ce488b8-dc91-435d-8adf-646aea0dc35f\"\n          }\n        ]\n      },\n      \"id\": \"41684aa0-2123-4988-a667-871bf3d23b05\",\n      \"data\": {\n        \"img\": \"https://gw.alipayobjects.com/mdn/rms_43231b/afts/img/A*evDjT5vjkX0AAAAAAAAAAAAAARQnAQ\",\n        \"label\": \"python任务\",\n        \"params\": {\n          \"countdown\": 0,\n          \"error_type\": \"throw\",\n          \"retry\": 0,\n          \"task_conf\": {\n            \"code\": \"import time\\nfor i in range(5):\\n    logger.info(i)\\n    time.sleep(1)\",\n            \"run_type\": \"code\"\n          },\n          \"template_code\": \"PythonTask\"\n        },\n        \"status\": \"\"\n      },\n      \"zIndex\": 3\n    }\n  ]\n}', 1, 1, '', 2, 1, '[]', 1, 0, 0, NULL, 'default', '');
INSERT INTO `task` VALUES ('', 1, 0, 'admin', '2023-08-10 09:50:56', 'admin', '2023-08-14 05:53:51', '0e4392b2844a4951bd1c8434ea90dd9e', 'PythonTask', '周期任务示例', '{\n  \"run_type\": \"code\",\n  \"code\": \"import random\\nimport time\\nlogger.info(\\\"开始运行\\\")\\ntime.sleep(random.randint(3,5))\\nlogger.info(\\\"结束运行\\\")\"\n}', 0, 2, '0 * * * * ? *', 1, 1, '[]', 1, 0, 0, '577ba071-0d22-4c6b-826b-a7572668079e', 'default', '');
INSERT INTO `task` VALUES ('', 1, 0, 'admin', '2023-08-10 08:01:13', 'admin', '2023-08-14 04:12:37', '1b6aad025dc2405eb8248f28e75ec048', 'PythonTask', '单次任务示例', '{\n  \"run_type\": \"code\",\n  \"code\": \"import time\\n\\nfor i in range(10):\\n    logger.info(i)\\n    time.sleep(2)\"\n}', 1, 1, '', 1, 1, '[]', 1, 0, 0, '8a16f829-0b11-4fea-8290-208b49014d38', 'default', '');
INSERT INTO `task` VALUES ('', 1, 0, 'admin', '2023-08-10 11:39:19', 'admin', '2023-08-23 07:31:11', '691f4067b41a42099feef10c75fb56f8', 'EtlTask', '数据集成流处理示例-binlog2es', '{\n  \"extract\": {\n    \"model_id\": \"77b5008db89348348360893720a01b80\",\n    \"extract_type\": \"flow\",\n    \"extract_rules\": [],\n    \"search_type\": \"read_type\",\n    \"search_text\": \"latest\",\n    \"batch_size\": 1\n  },\n  \"process_rules\": [\n    {\n      \"code\": \"gen_records_list\",\n      \"component\": \"\",\n      \"form_type\": 2,\n      \"id\": \"4a6c1cdb93224f3f90502f64cf201538\",\n      \"name\": \"获取内容列表\",\n      \"params\": [\n        {\n          \"default\": \"\",\n          \"form_type\": \"select_fields\",\n          \"name\": \"字段列表\",\n          \"required\": false,\n          \"tips\": \"\",\n          \"value\": \"fields\"\n        }\n      ],\n      \"rule_dict\": {\n        \"fields\": \"\"\n      },\n      \"type\": \"etl_algorithm\"\n    },\n    {\n      \"code\": \"code_transform\",\n      \"component\": \"\",\n      \"form_type\": 2,\n      \"id\": \"880bc3108df249e499c7aff1da8cf2a3\",\n      \"name\": \"自定义代码转换数据\",\n      \"params\": [\n        {\n          \"default\": \"python\",\n          \"form_type\": \"select\",\n          \"name\": \"语言\",\n          \"options\": [\n            {\n              \"label\": \"python\",\n              \"value\": \"python\"\n            }\n          ],\n          \"required\": true,\n          \"tips\": \"\",\n          \"value\": \"language\"\n        },\n        {\n          \"default\": \"\",\n          \"form_type\": \"codeEditor\",\n          \"name\": \"代码\",\n          \"required\": true,\n          \"tips\": \"\",\n          \"value\": \"code\"\n        }\n      ],\n      \"rule_dict\": {\n        \"code\": \"def transform(source):\\n    result = []\\n    for i in source:\\n        dic = i[\'data\']\\n        result.append(dic)\\n    return result\",\n        \"language\": \"python\"\n      },\n      \"type\": \"etl_algorithm\"\n    },\n    {\n      \"code\": \"map_field_names\",\n      \"component\": \"\",\n      \"form_type\": 2,\n      \"id\": \"66fcaecbc68642359cf69824f27fb3a6\",\n      \"name\": \"字段映射\",\n      \"params\": [\n        {\n          \"default\": \"{}\",\n          \"form_type\": \"codeEditor\",\n          \"language\": \"json\",\n          \"name\": \"字段映射\",\n          \"required\": true,\n          \"tips\": \"\",\n          \"value\": \"field_map\"\n        }\n      ],\n      \"rule_dict\": {\n        \"field_map\": \"{\\n    \\\"id\\\": \\\"_id\\\"\\n}\"\n      },\n      \"type\": \"etl_algorithm\"\n    }\n  ],\n  \"load\": {\n    \"model_id\": \"a8d54fafdfdb45ee8f7e4ad0290a7ec0\",\n    \"load_type\": \"upsert\",\n    \"only_fields\": [\n      \"_id\"\n    ]\n  }\n}', 1, 1, '', 1, 1, '[]', 1, 0, 0, '95c02d30-a7ac-4857-bfe7-365db22260a8', 'default', '');
INSERT INTO `task` VALUES ('', 1, 0, 'admin', '2023-08-10 11:15:43', 'admin', '2023-10-10 00:32:13', '6c6395371bac4f8a8e5b4db23eaa010a', 'EtlTask', '数据集成批处理示例-csv2mysql', '{\n  \"extract\": {\n    \"model_id\": \"00515964800442e687a7feaac3b2b281\",\n    \"extract_type\": \"batch\",\n    \"extract_rules\": [],\n    \"search_type\": \"\",\n    \"search_text\": \"\",\n    \"batch_size\": 100\n  },\n  \"process_rules\": [\n    {\n      \"code\": \"gen_records_list\",\n      \"component\": \"\",\n      \"form_type\": 2,\n      \"id\": \"4a6c1cdb93224f3f90502f64cf201538\",\n      \"name\": \"获取内容列表\",\n      \"params\": [\n        {\n          \"default\": \"\",\n          \"form_type\": \"select_fields\",\n          \"name\": \"字段列表\",\n          \"required\": false,\n          \"tips\": \"\",\n          \"value\": \"fields\"\n        }\n      ],\n      \"rule_dict\": {},\n      \"type\": \"etl_algorithm\"\n    }\n  ],\n  \"load\": {\n    \"model_id\": \"cfd5c302e6c142ce999566a588f000e5\",\n    \"load_type\": \"upsert\",\n    \"only_fields\": [\n      \"id\"\n    ]\n  }\n}', 1, 1, '', 1, 1, '[]', 1, 0, 0, '4fbacd1c-587c-46b6-ae2b-5d5fa1e8aeda', 'default', '');
INSERT INTO `task` VALUES ('', 1, 0, 'admin', '2023-09-26 10:10:44', 'admin', '2023-09-26 10:49:03', '6fe17aad8b1d401fb594cb31ddebe979', '', '测试', '{\n  \"cells\": [\n    {\n      \"position\": {\n        \"x\": 140,\n        \"y\": 210\n      },\n      \"size\": {\n        \"width\": 180,\n        \"height\": 40\n      },\n      \"view\": \"vue-shape-view\",\n      \"shape\": \"container-node\",\n      \"img\": \"https://gw.alipayobjects.com/mdn/rms_43231b/afts/img/A*evDjT5vjkX0AAAAAAAAAAAAAARQnAQ\",\n      \"component\": {},\n      \"ports\": {\n        \"groups\": {\n          \"top\": {\n            \"position\": \"top\",\n            \"attrs\": {\n              \"circle\": {\n                \"r\": 4,\n                \"magnet\": true,\n                \"stroke\": \"#5F95FF\",\n                \"strokeWidth\": 1,\n                \"fill\": \"#fff\",\n                \"style\": {\n                  \"visibility\": \"hidden\"\n                }\n              }\n            }\n          },\n          \"bottom\": {\n            \"position\": \"bottom\",\n            \"attrs\": {\n              \"circle\": {\n                \"r\": 4,\n                \"magnet\": true,\n                \"stroke\": \"#5F95FF\",\n                \"strokeWidth\": 1,\n                \"fill\": \"#fff\",\n                \"style\": {\n                  \"visibility\": \"hidden\"\n                }\n              }\n            }\n          }\n        },\n        \"items\": [\n          {\n            \"group\": \"top\",\n            \"id\": \"9e7e6b5b-94bd-4d2a-b703-6b80ed767c9e\"\n          },\n          {\n            \"group\": \"bottom\",\n            \"id\": \"6d313866-b443-4625-9ce1-49abd52952db\"\n          }\n        ]\n      },\n      \"id\": \"8d7a1a75-2bc9-4cef-8943-c51651d663a8\",\n      \"data\": {\n        \"img\": \"https://gw.alipayobjects.com/mdn/rms_43231b/afts/img/A*evDjT5vjkX0AAAAAAAAAAAAAARQnAQ\",\n        \"label\": \"python任务\",\n        \"params\": {\n          \"countdown\": 0,\n          \"error_type\": \"throw\",\n          \"retry\": 0,\n          \"task_conf\": {},\n          \"template_code\": \"PythonTask\"\n        },\n        \"status\": \"\"\n      },\n      \"zIndex\": 1\n    }\n  ]\n}', 1, 1, '', 2, 1, '[]', 1, 0, 0, NULL, 'default', '');
INSERT INTO `task` VALUES ('', 1, 0, 'admin', '2023-08-11 19:40:42', 'admin', '2023-10-10 00:32:01', '8ab8b4d482944ea59d1f7241b733907c', 'PythonTask', '失败任务示例', '{\n  \"run_type\": \"code\",\n  \"code\": \"import time\\n\\ntime.sleep(2)\\n1/0\"\n}', 1, 1, '', 1, 1, '[]', 1, 2, 5, '0e8007de-ac87-4d52-9208-420639df1765', 'default', '0af64e7c24d44c19908ee0034ddd10ec');
INSERT INTO `task` VALUES ('', 1, 0, 'admin', '2023-08-11 06:11:05', 'admin', '2023-09-15 17:50:00', 'fdacfa5b336b47aeba93376d9e5a4621', '', '任务工作流示例', '{\n  \"cells\": [\n    {\n      \"shape\": \"edge\",\n      \"attrs\": {\n        \"line\": {\n          \"stroke\": \"#A2B1C3\",\n          \"strokeWidth\": 1,\n          \"targetMarker\": {\n            \"height\": 6,\n            \"name\": \"block\",\n            \"width\": 10\n          }\n        }\n      },\n      \"id\": \"856950e2-e7ac-4e83-a765-95476c35efbe\",\n      \"zIndex\": 0,\n      \"source\": {\n        \"cell\": \"8361303b-7893-4cb1-996d-aeadb3c13081\",\n        \"port\": \"f83f9e97-ff49-49d3-9aeb-a4663498684a\"\n      },\n      \"target\": {\n        \"cell\": \"2f427011-1c25-4559-b0eb-f11963191a32\",\n        \"port\": \"7869fd81-5cac-4724-93df-ca7ce317ac6e\"\n      }\n    },\n    {\n      \"shape\": \"edge\",\n      \"attrs\": {\n        \"line\": {\n          \"stroke\": \"#A2B1C3\",\n          \"strokeWidth\": 1,\n          \"targetMarker\": {\n            \"height\": 6,\n            \"name\": \"block\",\n            \"width\": 10\n          }\n        }\n      },\n      \"id\": \"369d10c2-679a-4245-8fd3-fdf798561c01\",\n      \"zIndex\": 0,\n      \"source\": {\n        \"cell\": \"8361303b-7893-4cb1-996d-aeadb3c13081\",\n        \"port\": \"f83f9e97-ff49-49d3-9aeb-a4663498684a\"\n      },\n      \"target\": {\n        \"cell\": \"b4f99075-5a79-4074-9dde-2cd282c1079e\",\n        \"port\": \"7869fd81-5cac-4724-93df-ca7ce317ac6e\"\n      }\n    },\n    {\n      \"shape\": \"edge\",\n      \"attrs\": {\n        \"line\": {\n          \"stroke\": \"#A2B1C3\",\n          \"strokeWidth\": 1,\n          \"targetMarker\": {\n            \"height\": 6,\n            \"name\": \"block\",\n            \"width\": 10\n          }\n        }\n      },\n      \"id\": \"b346428a-594b-44c4-93cd-eecee119fd79\",\n      \"zIndex\": 0,\n      \"source\": {\n        \"cell\": \"2f427011-1c25-4559-b0eb-f11963191a32\",\n        \"port\": \"f83f9e97-ff49-49d3-9aeb-a4663498684a\"\n      },\n      \"target\": {\n        \"cell\": \"234c1aa0-8fd3-4cee-b3be-74f501e8d635\",\n        \"port\": \"7869fd81-5cac-4724-93df-ca7ce317ac6e\"\n      }\n    },\n    {\n      \"shape\": \"edge\",\n      \"attrs\": {\n        \"line\": {\n          \"stroke\": \"#A2B1C3\",\n          \"strokeWidth\": 1,\n          \"targetMarker\": {\n            \"height\": 6,\n            \"name\": \"block\",\n            \"width\": 10\n          }\n        }\n      },\n      \"id\": \"1afd6efc-0eae-420b-85d5-1cdd6fece9fe\",\n      \"zIndex\": 0,\n      \"source\": {\n        \"cell\": \"234c1aa0-8fd3-4cee-b3be-74f501e8d635\",\n        \"port\": \"f83f9e97-ff49-49d3-9aeb-a4663498684a\"\n      },\n      \"target\": {\n        \"cell\": \"61f1c0f3-4fd7-4cdf-8a8e-34ce8cdc523c\",\n        \"port\": \"7869fd81-5cac-4724-93df-ca7ce317ac6e\"\n      }\n    },\n    {\n      \"shape\": \"edge\",\n      \"attrs\": {\n        \"line\": {\n          \"stroke\": \"#A2B1C3\",\n          \"strokeWidth\": 1,\n          \"targetMarker\": {\n            \"height\": 6,\n            \"name\": \"block\",\n            \"width\": 10\n          }\n        }\n      },\n      \"id\": \"1151c836-99d0-4997-85d4-be1927c0f8ad\",\n      \"zIndex\": 0,\n      \"source\": {\n        \"cell\": \"b4f99075-5a79-4074-9dde-2cd282c1079e\",\n        \"port\": \"f83f9e97-ff49-49d3-9aeb-a4663498684a\"\n      },\n      \"target\": {\n        \"cell\": \"61f1c0f3-4fd7-4cdf-8a8e-34ce8cdc523c\",\n        \"port\": \"7869fd81-5cac-4724-93df-ca7ce317ac6e\"\n      }\n    },\n    {\n      \"position\": {\n        \"x\": 150,\n        \"y\": -10\n      },\n      \"size\": {\n        \"width\": 180,\n        \"height\": 40\n      },\n      \"view\": \"vue-shape-view\",\n      \"shape\": \"container-node\",\n      \"img\": \"https://gw.alipayobjects.com/mdn/rms_43231b/afts/img/A*evDjT5vjkX0AAAAAAAAAAAAAARQnAQ\",\n      \"component\": {},\n      \"ports\": {\n        \"groups\": {\n          \"top\": {\n            \"position\": \"top\",\n            \"attrs\": {\n              \"circle\": {\n                \"r\": 4,\n                \"magnet\": true,\n                \"stroke\": \"#5F95FF\",\n                \"strokeWidth\": 1,\n                \"fill\": \"#fff\",\n                \"style\": {\n                  \"visibility\": \"hidden\"\n                }\n              }\n            }\n          },\n          \"bottom\": {\n            \"position\": \"bottom\",\n            \"attrs\": {\n              \"circle\": {\n                \"r\": 4,\n                \"magnet\": true,\n                \"stroke\": \"#5F95FF\",\n                \"strokeWidth\": 1,\n                \"fill\": \"#fff\",\n                \"style\": {\n                  \"visibility\": \"hidden\"\n                }\n              }\n            }\n          }\n        },\n        \"items\": [\n          {\n            \"group\": \"top\",\n            \"id\": \"7869fd81-5cac-4724-93df-ca7ce317ac6e\"\n          },\n          {\n            \"group\": \"bottom\",\n            \"id\": \"f83f9e97-ff49-49d3-9aeb-a4663498684a\"\n          }\n        ]\n      },\n      \"id\": \"8361303b-7893-4cb1-996d-aeadb3c13081\",\n      \"data\": {\n        \"img\": \"https://gw.alipayobjects.com/mdn/rms_43231b/afts/img/A*evDjT5vjkX0AAAAAAAAAAAAAARQnAQ\",\n        \"label\": \"python任务\",\n        \"params\": {\n          \"countdown\": 0,\n          \"error_type\": \"throw\",\n          \"retry\": 0,\n          \"task_conf\": {\n            \"code\": \"import time\\n\\nfor i in range(5):\\n    logger.info(i)\\n    time.sleep(2)\",\n            \"run_type\": \"code\"\n          },\n          \"template_code\": \"PythonTask\"\n        },\n        \"status\": \"\"\n      },\n      \"zIndex\": 1\n    },\n    {\n      \"position\": {\n        \"x\": -30,\n        \"y\": 180\n      },\n      \"size\": {\n        \"width\": 180,\n        \"height\": 40\n      },\n      \"view\": \"vue-shape-view\",\n      \"shape\": \"container-node\",\n      \"img\": \"https://gw.alipayobjects.com/mdn/rms_43231b/afts/img/A*evDjT5vjkX0AAAAAAAAAAAAAARQnAQ\",\n      \"component\": {},\n      \"ports\": {\n        \"groups\": {\n          \"top\": {\n            \"position\": \"top\",\n            \"attrs\": {\n              \"circle\": {\n                \"r\": 4,\n                \"magnet\": true,\n                \"stroke\": \"#5F95FF\",\n                \"strokeWidth\": 1,\n                \"fill\": \"#fff\",\n                \"style\": {\n                  \"visibility\": \"hidden\"\n                }\n              }\n            }\n          },\n          \"bottom\": {\n            \"position\": \"bottom\",\n            \"attrs\": {\n              \"circle\": {\n                \"r\": 4,\n                \"magnet\": true,\n                \"stroke\": \"#5F95FF\",\n                \"strokeWidth\": 1,\n                \"fill\": \"#fff\",\n                \"style\": {\n                  \"visibility\": \"hidden\"\n                }\n              }\n            }\n          }\n        },\n        \"items\": [\n          {\n            \"group\": \"top\",\n            \"id\": \"7869fd81-5cac-4724-93df-ca7ce317ac6e\"\n          },\n          {\n            \"group\": \"bottom\",\n            \"id\": \"f83f9e97-ff49-49d3-9aeb-a4663498684a\"\n          }\n        ]\n      },\n      \"id\": \"2f427011-1c25-4559-b0eb-f11963191a32\",\n      \"data\": {\n        \"img\": \"https://gw.alipayobjects.com/mdn/rms_43231b/afts/img/A*evDjT5vjkX0AAAAAAAAAAAAAARQnAQ\",\n        \"label\": \"python任务\",\n        \"params\": {\n          \"countdown\": 0,\n          \"error_type\": \"throw\",\n          \"retry\": 0,\n          \"task_conf\": {\n            \"code\": \"import time\\n\\nfor i in range(5):\\n    logger.info(i)\\n    time.sleep(2)\",\n            \"run_type\": \"code\"\n          },\n          \"template_code\": \"PythonTask\"\n        },\n        \"status\": \"\"\n      },\n      \"zIndex\": 2\n    },\n    {\n      \"position\": {\n        \"x\": 280,\n        \"y\": 210\n      },\n      \"size\": {\n        \"width\": 180,\n        \"height\": 40\n      },\n      \"view\": \"vue-shape-view\",\n      \"shape\": \"container-node\",\n      \"img\": \"https://gw.alipayobjects.com/mdn/rms_43231b/afts/img/A*evDjT5vjkX0AAAAAAAAAAAAAARQnAQ\",\n      \"component\": {},\n      \"ports\": {\n        \"groups\": {\n          \"top\": {\n            \"position\": \"top\",\n            \"attrs\": {\n              \"circle\": {\n                \"r\": 4,\n                \"magnet\": true,\n                \"stroke\": \"#5F95FF\",\n                \"strokeWidth\": 1,\n                \"fill\": \"#fff\",\n                \"style\": {\n                  \"visibility\": \"hidden\"\n                }\n              }\n            }\n          },\n          \"bottom\": {\n            \"position\": \"bottom\",\n            \"attrs\": {\n              \"circle\": {\n                \"r\": 4,\n                \"magnet\": true,\n                \"stroke\": \"#5F95FF\",\n                \"strokeWidth\": 1,\n                \"fill\": \"#fff\",\n                \"style\": {\n                  \"visibility\": \"hidden\"\n                }\n              }\n            }\n          }\n        },\n        \"items\": [\n          {\n            \"group\": \"top\",\n            \"id\": \"7869fd81-5cac-4724-93df-ca7ce317ac6e\"\n          },\n          {\n            \"group\": \"bottom\",\n            \"id\": \"f83f9e97-ff49-49d3-9aeb-a4663498684a\"\n          }\n        ]\n      },\n      \"id\": \"b4f99075-5a79-4074-9dde-2cd282c1079e\",\n      \"data\": {\n        \"img\": \"https://gw.alipayobjects.com/mdn/rms_43231b/afts/img/A*evDjT5vjkX0AAAAAAAAAAAAAARQnAQ\",\n        \"label\": \"python任务\",\n        \"params\": {\n          \"countdown\": 0,\n          \"error_type\": \"throw\",\n          \"retry\": 0,\n          \"task_conf\": {\n            \"code\": \"import time\\n\\nfor i in range(5):\\n    logger.info(i)\\n    time.sleep(2)\",\n            \"run_type\": \"code\"\n          },\n          \"template_code\": \"PythonTask\"\n        },\n        \"status\": \"\"\n      },\n      \"zIndex\": 3\n    },\n    {\n      \"position\": {\n        \"x\": -30,\n        \"y\": 300\n      },\n      \"size\": {\n        \"width\": 180,\n        \"height\": 40\n      },\n      \"view\": \"vue-shape-view\",\n      \"shape\": \"container-node\",\n      \"img\": \"https://gw.alipayobjects.com/mdn/rms_43231b/afts/img/A*evDjT5vjkX0AAAAAAAAAAAAAARQnAQ\",\n      \"component\": {},\n      \"ports\": {\n        \"groups\": {\n          \"top\": {\n            \"position\": \"top\",\n            \"attrs\": {\n              \"circle\": {\n                \"r\": 4,\n                \"magnet\": true,\n                \"stroke\": \"#5F95FF\",\n                \"strokeWidth\": 1,\n                \"fill\": \"#fff\",\n                \"style\": {\n                  \"visibility\": \"hidden\"\n                }\n              }\n            }\n          },\n          \"bottom\": {\n            \"position\": \"bottom\",\n            \"attrs\": {\n              \"circle\": {\n                \"r\": 4,\n                \"magnet\": true,\n                \"stroke\": \"#5F95FF\",\n                \"strokeWidth\": 1,\n                \"fill\": \"#fff\",\n                \"style\": {\n                  \"visibility\": \"hidden\"\n                }\n              }\n            }\n          }\n        },\n        \"items\": [\n          {\n            \"group\": \"top\",\n            \"id\": \"7869fd81-5cac-4724-93df-ca7ce317ac6e\"\n          },\n          {\n            \"group\": \"bottom\",\n            \"id\": \"f83f9e97-ff49-49d3-9aeb-a4663498684a\"\n          }\n        ]\n      },\n      \"id\": \"234c1aa0-8fd3-4cee-b3be-74f501e8d635\",\n      \"data\": {\n        \"img\": \"https://gw.alipayobjects.com/mdn/rms_43231b/afts/img/A*evDjT5vjkX0AAAAAAAAAAAAAARQnAQ\",\n        \"label\": \"python任务\",\n        \"params\": {\n          \"countdown\": 0,\n          \"error_type\": \"throw\",\n          \"retry\": 0,\n          \"task_conf\": {\n            \"code\": \"import time\\n\\nfor i in range(5):\\n    logger.info(i)\\n    time.sleep(2)\",\n            \"run_type\": \"code\"\n          },\n          \"template_code\": \"PythonTask\"\n        },\n        \"status\": \"\"\n      },\n      \"zIndex\": 4\n    },\n    {\n      \"position\": {\n        \"x\": 110,\n        \"y\": 480\n      },\n      \"size\": {\n        \"width\": 180,\n        \"height\": 40\n      },\n      \"view\": \"vue-shape-view\",\n      \"shape\": \"container-node\",\n      \"img\": \"https://gw.alipayobjects.com/mdn/rms_43231b/afts/img/A*evDjT5vjkX0AAAAAAAAAAAAAARQnAQ\",\n      \"component\": {},\n      \"ports\": {\n        \"groups\": {\n          \"top\": {\n            \"position\": \"top\",\n            \"attrs\": {\n              \"circle\": {\n                \"r\": 4,\n                \"magnet\": true,\n                \"stroke\": \"#5F95FF\",\n                \"strokeWidth\": 1,\n                \"fill\": \"#fff\",\n                \"style\": {\n                  \"visibility\": \"hidden\"\n                }\n              }\n            }\n          },\n          \"bottom\": {\n            \"position\": \"bottom\",\n            \"attrs\": {\n              \"circle\": {\n                \"r\": 4,\n                \"magnet\": true,\n                \"stroke\": \"#5F95FF\",\n                \"strokeWidth\": 1,\n                \"fill\": \"#fff\",\n                \"style\": {\n                  \"visibility\": \"hidden\"\n                }\n              }\n            }\n          }\n        },\n        \"items\": [\n          {\n            \"group\": \"top\",\n            \"id\": \"7869fd81-5cac-4724-93df-ca7ce317ac6e\"\n          },\n          {\n            \"group\": \"bottom\",\n            \"id\": \"f83f9e97-ff49-49d3-9aeb-a4663498684a\"\n          }\n        ]\n      },\n      \"id\": \"61f1c0f3-4fd7-4cdf-8a8e-34ce8cdc523c\",\n      \"data\": {\n        \"img\": \"https://gw.alipayobjects.com/mdn/rms_43231b/afts/img/A*evDjT5vjkX0AAAAAAAAAAAAAARQnAQ\",\n        \"label\": \"python任务\",\n        \"params\": {\n          \"countdown\": 0,\n          \"error_type\": \"throw\",\n          \"retry\": 0,\n          \"task_conf\": {\n            \"code\": \"import time\\n\\nfor i in range(5):\\n    logger.info(i)\\n    time.sleep(2)\",\n            \"run_type\": \"code\"\n          },\n          \"template_code\": \"PythonTask\"\n        },\n        \"status\": \"\"\n      },\n      \"zIndex\": 5\n    }\n  ]\n}', 1, 1, '', 2, 1, '[]', 1, 0, 0, NULL, 'default', '');
COMMIT;

-- ----------------------------
-- Table structure for task_instance
-- ----------------------------
DROP TABLE IF EXISTS `task_instance`;
CREATE TABLE `task_instance` (
  `id` varchar(36) CHARACTER SET utf8mb4 COLLATE utf8mb4_general_ci NOT NULL COMMENT 'id',
  `task_id` varchar(36) CHARACTER SET utf8mb4 COLLATE utf8mb4_general_ci DEFAULT NULL COMMENT '任务id',
  `status` varchar(50) CHARACTER SET utf8mb4 COLLATE utf8mb4_general_ci DEFAULT NULL COMMENT '状态',
  `progress` float DEFAULT NULL COMMENT '任务进度',
  `start_time` timestamp NULL DEFAULT NULL COMMENT '开始时间',
  `end_time` timestamp NULL DEFAULT NULL COMMENT '结束时间',
  `result` text CHARACTER SET utf8mb4 COLLATE utf8mb4_general_ci COMMENT '执行结果',
  `parent_id` varchar(36) CHARACTER SET utf8mb4 COLLATE utf8mb4_general_ci DEFAULT NULL COMMENT '父任务id',
  `worker` varchar(200) CHARACTER SET utf8mb4 COLLATE utf8mb4_general_ci DEFAULT NULL COMMENT '运行节点',
  `retry_num` int DEFAULT NULL COMMENT '重试次数',
  `closed` smallint DEFAULT NULL COMMENT '是否已关闭',
  `node_id` varchar(36) CHARACTER SET utf8mb4 COLLATE utf8mb4_general_ci DEFAULT NULL COMMENT 'dag任务节点id',
  PRIMARY KEY (`id`)
) ENGINE=InnoDB DEFAULT CHARSET=utf8mb4 COLLATE=utf8mb4_general_ci;

-- ----------------------------
-- Records of task_instance
-- ----------------------------
BEGIN;
INSERT INTO `task_instance` VALUES ('05f45c6a-b867-40de-b6c6-262b92660bdd', '068324857ff6407895db34881c1c3f92', 'success', 100, '2023-08-26 01:53:10', '2023-08-26 01:53:10', '成功', '', 'celery@worker', 0, 1, '');
INSERT INTO `task_instance` VALUES ('06ae9cc1-9780-4a2f-b782-f90e9e67b748', 'fdacfa5b336b47aeba93376d9e5a4621', 'success', 100, '2023-09-16 01:50:21', '2023-09-16 01:50:31', '成功', '672f65fb-bd5d-48d3-b5f1-f13b2ce29542', 'celery@worker', 0, 1, '234c1aa0-8fd3-4cee-b3be-74f501e8d635');
INSERT INTO `task_instance` VALUES ('0cab5bcd-8696-4885-82b1-aad2b53ae4a8', '068324857ff6407895db34881c1c3f92', 'success', 100, '2023-08-26 17:20:33', '2023-08-26 17:20:39', '成功', '36f1da59-f931-4630-8221-7b317c4677a4', 'celery@worker', 0, 1, '41684aa0-2123-4988-a667-871bf3d23b05');
INSERT INTO `task_instance` VALUES ('0e8007de-ac87-4d52-9208-420639df1765', '8ab8b4d482944ea59d1f7241b733907c', 'failed', 0, '2023-10-10 08:32:01', '2023-10-10 08:32:18', '处理失败:division by zero', '', 'celery@worker', 1, 1, '');
INSERT INTO `task_instance` VALUES ('11a32a77-bac2-4cd1-82ee-0be1964f979f', '068324857ff6407895db34881c1c3f92', 'success', 100, '2023-09-04 20:05:35', '2023-09-04 20:05:40', '成功', '32c0ce8d-7788-49eb-8145-bb1eae279648', 'celery@worker', 0, 1, 'c079b781-55ea-4c8e-bb6a-39d2a54ea18d');
INSERT INTO `task_instance` VALUES ('1cadaf23-8ff3-4c3d-a892-79a0df744f33', '068324857ff6407895db34881c1c3f92', 'success', 100, '2023-08-26 17:20:28', '2023-08-26 17:20:33', '成功', '36f1da59-f931-4630-8221-7b317c4677a4', 'celery@worker', 0, 1, 'c079b781-55ea-4c8e-bb6a-39d2a54ea18d');
INSERT INTO `task_instance` VALUES ('20890f54-0507-4dba-b73a-8d7f587a12cb', '6fe17aad8b1d401fb594cb31ddebe979', 'success', 100, '2023-09-26 18:15:05', '2023-09-26 18:15:05', '成功', '', 'celery@worker', 0, 1, '');
INSERT INTO `task_instance` VALUES ('21fec877-d407-405c-8df5-7c2bc555588d', '068324857ff6407895db34881c1c3f92', 'success', 100, '2023-08-26 01:52:46', '2023-08-26 01:52:51', '成功', 'c3e38dd4-7f24-44e7-b762-2ba635bc3139', 'celery@worker', 0, 1, 'c079b781-55ea-4c8e-bb6a-39d2a54ea18d');
INSERT INTO `task_instance` VALUES ('2a96efc9-969d-4f1c-a012-0c9bafa982e7', 'fdacfa5b336b47aeba93376d9e5a4621', 'success', 100, '2023-09-16 01:50:31', '2023-09-16 01:50:41', '成功', '672f65fb-bd5d-48d3-b5f1-f13b2ce29542', 'celery@worker', 0, 1, '61f1c0f3-4fd7-4cdf-8a8e-34ce8cdc523c');
INSERT INTO `task_instance` VALUES ('32c0ce8d-7788-49eb-8145-bb1eae279648', '068324857ff6407895db34881c1c3f92', 'success', 100, '2023-09-04 20:05:35', '2023-09-04 20:05:35', '成功', '', 'celery@worker', 0, 1, '');
INSERT INTO `task_instance` VALUES ('36f1da59-f931-4630-8221-7b317c4677a4', '068324857ff6407895db34881c1c3f92', 'success', 100, '2023-08-26 17:20:28', '2023-08-26 17:20:28', '成功', '', 'celery@worker', 0, 1, '');
INSERT INTO `task_instance` VALUES ('3969d8ae-576e-47e0-a9b4-f6e4901f10cd', '8ab8b4d482944ea59d1f7241b733907c', 'failed', 0, '2023-09-09 01:21:58', '2023-09-09 01:22:14', '处理失败:division by zero', '', 'celery@worker', 1, 1, '');
INSERT INTO `task_instance` VALUES ('44d5d6be-872d-4f0f-808d-c1ec7f2e5336', '6fe17aad8b1d401fb594cb31ddebe979', 'success', 100, '2023-09-26 18:10:51', '2023-09-26 18:10:51', '成功', '', 'celery@worker', 0, 1, '');
INSERT INTO `task_instance` VALUES ('495df135-1401-41e5-ab02-2b2d98a8995d', '6fe17aad8b1d401fb594cb31ddebe979', 'success', 100, '2023-10-10 08:30:50', '2023-10-10 08:30:50', '成功', '', 'celery@worker', 0, 1, '');
INSERT INTO `task_instance` VALUES ('4fbacd1c-587c-46b6-ae2b-5d5fa1e8aeda', '6c6395371bac4f8a8e5b4db23eaa010a', 'success', 100, '2023-10-10 08:32:13', '2023-10-10 08:32:14', '成功', '', 'celery@worker', 0, 1, '');
INSERT INTO `task_instance` VALUES ('51d14e48-b0d9-45f0-a55e-90c38246db46', '6fe17aad8b1d401fb594cb31ddebe979', 'failed', 0, '2023-10-10 08:30:50', '2023-10-10 08:30:50', '处理失败:exec() arg 1 must be a string, bytes or code object', '495df135-1401-41e5-ab02-2b2d98a8995d', 'celery@worker', 0, 1, '8d7a1a75-2bc9-4cef-8943-c51651d663a8');
INSERT INTO `task_instance` VALUES ('52586bf4-03fe-4191-926d-8050b8d02e50', '6fe17aad8b1d401fb594cb31ddebe979', 'success', 100, '2023-09-26 18:49:03', '2023-09-26 18:49:03', '成功', '', 'celery@worker', 0, 1, '');
INSERT INTO `task_instance` VALUES ('545cf165-3e20-4bc7-9793-2a4f1e538828', '8ab8b4d482944ea59d1f7241b733907c', 'failed', 0, '2023-08-26 01:45:39', '2023-08-26 01:45:55', '处理失败:division by zero', '', 'celery@worker', 1, 1, '');
INSERT INTO `task_instance` VALUES ('562bac4d-f844-46e1-82c3-2a22e901b0e0', '068324857ff6407895db34881c1c3f92', 'success', 100, '2023-08-26 01:53:15', '2023-08-26 01:53:20', '成功', '05f45c6a-b867-40de-b6c6-262b92660bdd', 'celery@worker', 0, 1, '41684aa0-2123-4988-a667-871bf3d23b05');
INSERT INTO `task_instance` VALUES ('57c84449-3926-4c11-92b0-9f89e1c86d3f', '6c6395371bac4f8a8e5b4db23eaa010a', 'success', 100, '2023-08-23 11:42:45', '2023-08-23 11:42:46', '成功', '', 'celery@worker', 0, 1, '');
INSERT INTO `task_instance` VALUES ('60ce9891-fd4c-454f-ad29-7bef00e1f2ae', '068324857ff6407895db34881c1c3f92', 'success', 100, '2023-08-26 01:51:27', '2023-08-26 01:51:27', '成功', '', 'celery@worker', 0, 1, '');
INSERT INTO `task_instance` VALUES ('672f65fb-bd5d-48d3-b5f1-f13b2ce29542', 'fdacfa5b336b47aeba93376d9e5a4621', 'success', 100, '2023-09-16 01:50:00', '2023-09-16 01:50:00', '成功', '', 'celery@worker', 0, 1, '');
INSERT INTO `task_instance` VALUES ('6c690baa-bbdf-4750-baef-511d863c729f', '6c6395371bac4f8a8e5b4db23eaa010a', 'success', 100, '2023-08-23 15:30:25', '2023-08-23 15:30:26', '成功', '', 'celery@worker', 0, 1, '');
INSERT INTO `task_instance` VALUES ('750d495c-420c-406f-b269-412948f0ba2a', '8ab8b4d482944ea59d1f7241b733907c', 'failed', 0, '2023-09-24 16:32:09', '2023-09-24 16:32:25', '处理失败:division by zero', '', 'celery@worker', 1, 1, '');
INSERT INTO `task_instance` VALUES ('7776af14-7701-470c-87e0-09c15ca6ca22', '068324857ff6407895db34881c1c3f92', 'success', 100, '2023-09-04 20:05:45', '2023-09-04 20:05:50', '成功', '32c0ce8d-7788-49eb-8145-bb1eae279648', 'celery@worker', 0, 1, '9302f8d4-2d18-4653-8ce2-8ca89da43500');
INSERT INTO `task_instance` VALUES ('7ddb6478-50a2-46ef-97bc-b1898a912988', 'fdacfa5b336b47aeba93376d9e5a4621', 'success', 100, '2023-09-16 01:50:10', '2023-09-16 01:50:21', '成功', '672f65fb-bd5d-48d3-b5f1-f13b2ce29542', 'celery@worker', 0, 1, '2f427011-1c25-4559-b0eb-f11963191a32');
INSERT INTO `task_instance` VALUES ('8056ba2d-01c3-4fae-acb2-9bc50356867f', '6c6395371bac4f8a8e5b4db23eaa010a', 'success', 100, '2023-08-26 01:49:32', '2023-08-26 01:49:33', '成功', '', 'celery@worker', 0, 1, '');
INSERT INTO `task_instance` VALUES ('95c02d30-a7ac-4857-bfe7-365db22260a8', '691f4067b41a42099feef10c75fb56f8', 'running', 0, '2023-08-23 15:31:11', NULL, '处理中', '', 'celery@worker', 0, 0, '');
INSERT INTO `task_instance` VALUES ('96c30b42-1ce1-404d-a2a4-2d137ae889e1', '6fe17aad8b1d401fb594cb31ddebe979', 'failed', 0, '2023-09-26 18:49:03', '2023-09-26 18:49:03', '处理失败:exec() arg 1 must be a string, bytes or code object', '52586bf4-03fe-4191-926d-8050b8d02e50', 'celery@worker', 0, 1, '8d7a1a75-2bc9-4cef-8943-c51651d663a8');
INSERT INTO `task_instance` VALUES ('9901ef90-b178-44eb-b6da-6a573c4b44fa', '6fe17aad8b1d401fb594cb31ddebe979', 'failed', 0, '2023-10-10 08:32:23', '2023-10-10 08:32:23', '处理失败:exec() arg 1 must be a string, bytes or code object', 'b35e9774-d05b-4cce-9a26-09f1bde52dd2', 'celery@worker', 0, 1, '8d7a1a75-2bc9-4cef-8943-c51651d663a8');
INSERT INTO `task_instance` VALUES ('9e88211d-735a-4b91-b6f1-b58e6913e5e4', '068324857ff6407895db34881c1c3f92', 'success', 100, '2023-08-26 01:52:56', '2023-08-26 01:53:01', '成功', 'c3e38dd4-7f24-44e7-b762-2ba635bc3139', 'celery@worker', 0, 1, '9302f8d4-2d18-4653-8ce2-8ca89da43500');
INSERT INTO `task_instance` VALUES ('a0287f7b-b9c3-495a-976f-c48f625b5cbb', '6fe17aad8b1d401fb594cb31ddebe979', 'success', 100, '2023-09-26 22:45:49', '2023-09-26 22:45:49', '成功', '', 'celery@worker', 0, 1, '');
INSERT INTO `task_instance` VALUES ('a335b1f5-6819-4e09-b085-93fa00ad16b9', '068324857ff6407895db34881c1c3f92', 'success', 100, '2023-08-26 01:53:20', '2023-08-26 01:53:25', '成功', '05f45c6a-b867-40de-b6c6-262b92660bdd', 'celery@worker', 0, 1, '9302f8d4-2d18-4653-8ce2-8ca89da43500');
INSERT INTO `task_instance` VALUES ('b33b9c52-261b-4bd4-abfb-32148d446ea1', '068324857ff6407895db34881c1c3f92', 'success', 100, '2023-08-26 01:53:10', '2023-08-26 01:53:15', '成功', '05f45c6a-b867-40de-b6c6-262b92660bdd', 'celery@worker', 0, 1, 'c079b781-55ea-4c8e-bb6a-39d2a54ea18d');
INSERT INTO `task_instance` VALUES ('b35e9774-d05b-4cce-9a26-09f1bde52dd2', '6fe17aad8b1d401fb594cb31ddebe979', 'success', 100, '2023-10-10 08:32:23', '2023-10-10 08:32:23', '成功', '', 'celery@worker', 0, 1, '');
INSERT INTO `task_instance` VALUES ('bd545b00-6182-4bfa-9bf8-f6fe1b29298a', 'fdacfa5b336b47aeba93376d9e5a4621', 'success', 100, '2023-09-16 01:50:00', '2023-09-16 01:50:10', '成功', '672f65fb-bd5d-48d3-b5f1-f13b2ce29542', 'celery@worker', 0, 1, '8361303b-7893-4cb1-996d-aeadb3c13081');
INSERT INTO `task_instance` VALUES ('bf871246-5213-453b-b3f9-a0a62b8609cf', '068324857ff6407895db34881c1c3f92', 'success', 100, '2023-08-26 01:52:51', '2023-08-26 01:52:56', '成功', 'c3e38dd4-7f24-44e7-b762-2ba635bc3139', 'celery@worker', 0, 1, '41684aa0-2123-4988-a667-871bf3d23b05');
INSERT INTO `task_instance` VALUES ('c17ef8a6-e037-4e13-bf34-b42df3674680', '068324857ff6407895db34881c1c3f92', 'success', 100, '2023-09-04 20:05:40', '2023-09-04 20:05:45', '成功', '32c0ce8d-7788-49eb-8145-bb1eae279648', 'celery@worker', 0, 1, '41684aa0-2123-4988-a667-871bf3d23b05');
INSERT INTO `task_instance` VALUES ('c3e38dd4-7f24-44e7-b762-2ba635bc3139', '068324857ff6407895db34881c1c3f92', 'success', 100, '2023-08-26 01:52:46', '2023-08-26 01:52:46', '成功', '', 'celery@worker', 0, 1, '');
INSERT INTO `task_instance` VALUES ('ec84d176-3327-4110-96f8-e2f98ccc88e9', '6fe17aad8b1d401fb594cb31ddebe979', 'failed', 0, '2023-09-26 22:45:49', '2023-09-26 22:45:49', '处理失败:exec() arg 1 must be a string, bytes or code object', 'a0287f7b-b9c3-495a-976f-c48f625b5cbb', 'celery@worker', 0, 1, '8d7a1a75-2bc9-4cef-8943-c51651d663a8');
INSERT INTO `task_instance` VALUES ('efe1a730-942a-4a10-bde6-dd962effa38c', '6fe17aad8b1d401fb594cb31ddebe979', 'success', 100, '2023-09-26 18:10:45', '2023-09-26 18:10:45', '成功', '', 'celery@worker', 0, 1, '');
INSERT INTO `task_instance` VALUES ('fadc221c-74c8-4cf0-bbb1-7eb7b756e02d', 'fdacfa5b336b47aeba93376d9e5a4621', 'success', 100, '2023-09-16 01:50:10', '2023-09-16 01:50:21', '成功', '672f65fb-bd5d-48d3-b5f1-f13b2ce29542', 'celery@worker', 0, 1, 'b4f99075-5a79-4074-9dde-2cd282c1079e');
INSERT INTO `task_instance` VALUES ('fb8ab459-f41b-463a-b41d-7ce5487c6f32', '068324857ff6407895db34881c1c3f92', 'success', 100, '2023-08-26 17:20:39', '2023-08-26 17:20:44', '成功', '36f1da59-f931-4630-8221-7b317c4677a4', 'celery@worker', 0, 1, '9302f8d4-2d18-4653-8ce2-8ca89da43500');
COMMIT;

-- ----------------------------
-- Table structure for task_template
-- ----------------------------
DROP TABLE IF EXISTS `task_template`;
CREATE TABLE `task_template` (
  `description` text CHARACTER SET utf8mb4 COLLATE utf8mb4_general_ci COMMENT '简介',
  `sort_no` float DEFAULT NULL COMMENT '排序',
  `del_flag` smallint DEFAULT NULL COMMENT '软删除标记',
  `create_by` varchar(100) CHARACTER SET utf8mb4 COLLATE utf8mb4_general_ci DEFAULT NULL COMMENT '创建者',
  `create_time` timestamp NULL DEFAULT CURRENT_TIMESTAMP COMMENT '创建时间',
  `update_by` varchar(100) CHARACTER SET utf8mb4 COLLATE utf8mb4_general_ci DEFAULT NULL COMMENT '修改者',
  `update_time` timestamp NULL DEFAULT CURRENT_TIMESTAMP ON UPDATE CURRENT_TIMESTAMP COMMENT '修改时间',
  `id` varchar(36) CHARACTER SET utf8mb4 COLLATE utf8mb4_general_ci NOT NULL COMMENT '主键',
  `name` varchar(200) CHARACTER SET utf8mb4 COLLATE utf8mb4_general_ci DEFAULT NULL COMMENT '模版名称',
  `type` smallint DEFAULT NULL COMMENT '模版类型',
  `component` varchar(500) CHARACTER SET utf8mb4 COLLATE utf8mb4_general_ci DEFAULT NULL COMMENT '任务组件',
  `params` text CHARACTER SET utf8mb4 COLLATE utf8mb4_general_ci COMMENT '模版配置',
  `status` smallint DEFAULT NULL COMMENT '状态',
  `icon` varchar(500) CHARACTER SET utf8mb4 COLLATE utf8mb4_general_ci DEFAULT NULL COMMENT '任务图标',
  `code` varchar(200) CHARACTER SET utf8mb4 COLLATE utf8mb4_general_ci DEFAULT NULL COMMENT '模版编码',
  `runner_type` smallint DEFAULT NULL COMMENT '执行器类型',
  `runner_code` text CHARACTER SET utf8mb4 COLLATE utf8mb4_general_ci COMMENT '执行器代码',
  PRIMARY KEY (`id`)
) ENGINE=InnoDB DEFAULT CHARSET=utf8mb4 COLLATE=utf8mb4_general_ci;

-- ----------------------------
-- Records of task_template
-- ----------------------------
BEGIN;
INSERT INTO `task_template` VALUES ('', 1, 0, 'admin', '2023-04-17 10:00:37', 'admin', '2023-08-13 10:25:02', '3bd8b6a5595d44f8b5a36b2e1e5f85f3', '动态任务测试模版', 2, '', '[\n  {\n    \"field\": \"code\",\n    \"component\": \"MonacoEditor\",\n    \"label\": \"代码\",\n    \"required\": true,\n    \"componentProps\": {\n      \"value\": \"print(111)\",\n      \"language\": \"python\"\n    }\n  },\n  {\n    \"field\": \"test\",\n    \"component\": \"Input\",\n    \"label\": \"测试字段1\",\n    \"required\": true\n  },\n  {\n    \"field\": \"test2\",\n    \"component\": \"InputNumber\",\n    \"label\": \"测试字段2\",\n    \"defualutValue\": 233,\n    \"required\": true\n  }\n]', 1, 'https://gw.alipayobjects.com/mdn/rms_43231b/afts/img/A*evDjT5vjkX0AAAAAAAAAAAAAARQnAQ', 'dynamicTask', 2, 'import time\ndef run(params, logger):\n    \'\'\'\n    任务执行函数\n    :param params: 任务参数\n    :param logger: 日志logger\n    :return:\n    \'\'\'\n    logger.info(str(params))\n    for i in range(5):\n        time.sleep(1)\n        logger.info(i)');
INSERT INTO `task_template` VALUES ('', 1, 0, 'admin', '2023-03-13 01:29:05', 'admin', '2023-08-13 10:25:08', '6f48c7155933452dbd706e88df4cb476', 'shell任务', 1, 'ShellTask', '{}', 1, 'https://gw.alipayobjects.com/mdn/rms_43231b/afts/img/A*evDjT5vjkX0AAAAAAAAAAAAAARQnAQ', 'ShellTask', 1, NULL);
INSERT INTO `task_template` VALUES ('', 1, 0, 'admin', '2023-07-08 07:23:21', 'admin', '2023-08-13 10:24:53', '825315ad5ef24462a33443a0d0bc0e6b', 'flink任务', 1, 'FlinkTask', '{}', 1, 'https://gw.alipayobjects.com/mdn/rms_43231b/afts/img/A*evDjT5vjkX0AAAAAAAAAAAAAARQnAQ', 'FlinkTask', 1, '');
INSERT INTO `task_template` VALUES ('', 1, 0, 'admin', '2023-03-13 03:24:27', 'admin', '2023-08-13 10:25:06', 'bab9faf461c24b9ca1ab3d9728683fca', 'spark任务', 1, 'SparkTask', '{}', 1, 'https://gw.alipayobjects.com/mdn/rms_43231b/afts/img/A*evDjT5vjkX0AAAAAAAAAAAAAARQnAQ', 'SparkTask', 1, NULL);
INSERT INTO `task_template` VALUES ('', 1, 0, 'admin', '2023-03-07 17:27:34', 'admin', '2023-08-13 10:25:10', 'd93d62d3b544420ba11caca64c86102f', 'python任务', 1, 'PythonTask', '\"{}\"', 1, 'https://gw.alipayobjects.com/mdn/rms_43231b/afts/img/A*evDjT5vjkX0AAAAAAAAAAAAAARQnAQ', 'PythonTask', 1, NULL);
INSERT INTO `task_template` VALUES ('', 1, 0, 'admin', '2023-03-24 16:56:20', 'admin', '2023-08-13 10:25:04', 'e177d70ffac7464fa72ff2da22a2f7fc', '数据集成任务', 1, 'EtlTask', '{}', 1, 'https://gw.alipayobjects.com/mdn/rms_43231b/afts/img/A*evDjT5vjkX0AAAAAAAAAAAAAARQnAQ', 'EtlTask', 1, NULL);
INSERT INTO `task_template` VALUES ('', 1, 0, 'admin', '2023-10-12 01:56:04', '', '2023-10-12 01:56:04', 'fe9e187df332440aadb6937b58998bb2', 'dsf', 1, 'PythonTask', '{}', 1, 'https://gw.alipayobjects.com/mdn/rms_43231b/afts/img/A*evDjT5vjkX0AAAAAAAAAAAAAARQnAQ', '665163', 1, '');
COMMIT;

SET FOREIGN_KEY_CHECKS = 1;
