日期,收盘,开盘,高,低,交易量,涨跌幅
2023年8月7日,"29,194.80","29,081.30","29,215.20","29,011.80",17.87K,0.39%
2023年8月6日,"29,081.30","29,067.90","29,198.90","28,987.40",16.03K,0.05%
2023年8月5日,"29,068.10","29,105.60","29,139.30","28,983.00",14.55K,-0.13%
2023年8月4日,"29,105.50","29,189.10","29,319.10","28,875.80",31.43K,-0.29%
2023年8月3日,"29,189.30","29,180.90","29,409.80","28,981.00",36.08K,0.05%
2023年8月2日,"29,173.70","29,711.80","30,025.90","28,961.60",67.41K,-1.81%
2023年8月1日,"29,712.20","29,232.30","29,712.20","28,611.00",64.01K,1.64%
2023年7月31日,"29,232.40","29,282.00","29,502.30","29,128.30",31.84K,-0.17%
2023年7月30日,"29,281.70","29,354.20","29,446.60","29,054.50",20.58K,-0.24%
2023年7月29日,"29,353.50","29,315.00","29,400.10","29,256.90",13.90K,0.13%
2023年7月28日,"29,315.00","29,222.70","29,533.00","29,125.10",31.42K,0.32%
2023年7月27日,"29,222.70","29,352.90","29,568.80","29,094.00",30.42K,-0.44%
2023年7月26日,"29,352.20","29,228.80","29,681.80","29,109.70",44.33K,0.42%
2023年7月25日,"29,228.60","29,178.30","29,365.40","29,058.70",29.05K,0.17%
2023年7月24日,"29,178.10","30,085.90","30,098.20","28,890.70",55.73K,-3.02%
2023年7月23日,"30,085.90","29,788.90","30,337.00","29,735.70",23.32K,1.00%
2023年7月22日,"29,788.90","29,904.50","29,988.00","29,657.30",18.47K,-0.38%
2023年7月21日,"29,903.10","29,801.00","30,058.90","29,739.90",32.59K,0.34%
2023年7月20日,"29,801.00","29,909.70","30,408.00","29,621.40",50.33K,-0.36%
2023年7月19日,"29,909.70","29,866.70","30,185.50","29,789.30",34.96K,0.14%
2023年7月18日,"29,866.80","30,139.70","30,242.40","29,624.60",42.40K,-0.91%
2023年7月17日,"30,139.70","30,235.50","30,335.90","29,693.30",42.84K,-0.32%
2023年7月16日,"30,235.50","30,291.80","30,435.00","30,075.40",20.31K,-0.18%
2023年7月15日,"30,291.40","30,316.80","30,395.40","30,246.90",17.06K,-0.09%
2023年7月14日,"30,317.40","31,465.40","31,602.60","29,944.30",82.42K,-3.65%
2023年7月13日,"31,466.10","30,387.30","31,764.50","30,260.00",99.81K,3.55%
2023年7月12日,"30,387.30","30,623.30","30,951.30","30,231.70",54.06K,-0.77%
2023年7月11日,"30,623.30","30,414.20","30,782.20","30,333.80",39.84K,0.68%
2023年7月10日,"30,415.30","30,166.90","31,019.60","29,969.10",55.24K,0.82%
2023年7月9日,"30,166.90","30,288.80","30,425.50","30,071.90",20.05K,-0.40%
2023年7月8日,"30,288.80","30,346.80","30,379.90","30,055.90",17.41K,-0.19%
2023年7月7日,"30,346.40","29,912.70","30,442.00","29,757.40",46.42K,1.45%
2023年7月6日,"29,913.10","30,512.80","31,463.60","29,869.00",90.81K,-1.97%
2023年7月5日,"30,512.80","30,768.60","30,875.60","30,233.30",43.23K,-0.83%
2023年7月4日,"30,768.40","31,152.00","31,326.50","30,657.80",42.12K,-1.23%
2023年7月3日,"31,151.30","30,617.50","31,377.00","30,581.50",56.49K,1.74%
2023年7月2日,"30,617.70","30,587.10","30,769.00","30,227.90",28.82K,0.10%
2023年7月1日,"30,586.80","30,472.90","30,649.90","30,329.00",22.46K,0.37%
2023年6月30日,"30,472.90","30,445.70","31,275.50","29,714.50",118.65K,0.09%
2023年6月29日,"30,445.70","30,077.30","30,823.10","30,051.30",49.57K,1.22%
2023年6月28日,"30,078.60","30,691.90","30,703.40","29,919.50",51.06K,-1.99%
2023年6月27日,"30,689.10","30,267.00","30,993.70","30,231.30",55.82K,1.39%
2023年6月26日,"30,267.00","30,466.30","30,645.90","29,986.30",58.71K,-0.65%
2023年6月25日,"30,465.30","30,533.60","31,040.20","30,315.80",37.12K,-0.22%
2023年6月24日,"30,533.60","30,680.70","30,795.30","30,269.40",38.15K,-0.48%
2023年6月23日,"30,679.40","29,890.20","31,395.40","29,822.60",98.85K,2.64%
2023年6月22日,"29,890.50","29,992.80","30,497.80","29,590.40",79.22K,-0.35%
2023年6月21日,"29,996.90","28,307.70","30,769.50","28,270.50",143.49K,5.97%
2023年6月20日,"28,307.70","26,845.90","28,393.00","26,665.50",100.55K,5.44%
2023年6月19日,"26,845.90","26,339.70","27,029.70","26,295.10",46.45K,1.92%
2023年6月18日,"26,339.70","26,515.00","26,679.30","26,290.60",27.31K,-0.66%
2023年6月17日,"26,515.00","26,341.30","26,767.30","26,183.50",35.86K,0.66%
2023年6月16日,"26,341.30","25,591.90","26,472.80","25,276.00",69.24K,2.93%
2023年6月15日,"25,591.30","25,129.50","25,732.80","24,838.00",68.38K,1.84%
2023年6月14日,"25,129.50","25,929.00","26,051.70","24,847.40",60.82K,-3.08%
2023年6月13日,"25,929.40","25,906.90","26,428.90","25,726.40",56.24K,0.09%
2023年6月12日,"25,906.80","25,927.90","26,080.70","25,635.00",40.75K,-0.08%
2023年6月11日,"25,928.40","25,843.30","26,190.10","25,660.80",39.20K,0.33%
2023年6月10日,"25,844.00","26,479.30","26,525.10","25,468.30",83.57K,-2.40%
2023年6月9日,"26,479.30","26,501.10","26,773.90","26,326.70",38.96K,-0.08%
2023年6月8日,"26,501.10","26,341.80","26,784.40","26,231.30",39.95K,0.60%
2023年6月7日,"26,342.50","27,230.20","27,342.00","26,141.00",77.48K,-3.26%
2023年6月6日,"27,230.20","25,745.60","27,325.20","25,425.60",88.61K,5.76%
2023年6月5日,"25,747.40","27,122.30","27,125.50","25,437.50",85.42K,-5.07%
2023年6月4日,"27,122.30","27,070.90","27,410.20","26,956.10",23.81K,0.19%
2023年6月3日,"27,072.00","27,246.00","27,317.50","26,931.40",20.62K,-0.63%
2023年6月2日,"27,244.70","26,819.00","27,299.40","26,541.30",49.37K,1.59%
2023年6月1日,"26,819.00","27,216.40","27,340.90","26,662.30",51.98K,-1.46%
2023年5月31日,"27,216.10","27,696.90","27,825.00","26,865.10",63.08K,-1.74%
2023年5月30日,"27,698.20","27,738.90","28,033.60","27,583.80",45.19K,-0.15%
2023年5月29日,"27,739.40","28,068.40","28,431.20","27,548.80",54.56K,-1.18%
2023年5月28日,"28,071.20","26,855.30","28,181.90","26,788.50",55.23K,4.52%
2023年5月27日,"26,857.50","26,711.20","26,882.90","26,591.20",18.68K,0.55%
2023年5月26日,"26,711.50","26,475.50","26,911.60","26,330.00",45.88K,0.89%
2023年5月25日,"26,475.80","26,327.10","26,589.20","25,892.50",50.17K,0.56%
2023年5月24日,"26,328.40","27,220.70","27,220.70","26,088.70",72.65K,-3.28%
2023年5月23日,"27,220.70","26,851.60","27,448.10","26,804.10",50.89K,1.39%
2023年5月22日,"26,847.30","26,749.90","27,048.90","26,546.10",35.56K,0.36%
2023年5月21日,"26,749.90","27,116.20","27,257.10","26,677.60",27.42K,-1.35%
2023年5月20日,"27,116.20","26,883.00","27,147.20","26,831.30",17.72K,0.87%
2023年5月19日,"26,882.90","26,828.20","27,154.70","26,711.30",36.67K,0.20%
2023年5月18日,"26,828.00","27,403.80","27,467.00","26,449.80",63.39K,-2.10%
2023年5月17日,"27,403.10","27,035.50","27,465.30","26,597.70",58.14K,1.36%
2023年5月16日,"27,035.30","27,183.90","27,295.30","26,881.90",45.29K,-0.55%
2023年5月15日,"27,183.90","26,920.40","27,651.70","26,752.10",53.27K,0.98%
2023年5月14日,"26,920.00","26,777.40","27,176.10","26,609.90",26.35K,0.53%
2023年5月13日,"26,777.50","26,798.70","27,011.90","26,695.60",27.95K,-0.08%
2023年5月12日,"26,799.20","26,983.10","27,044.00","25,853.10",87.49K,-0.68%
2023年5月11日,"26,983.50","27,604.30","27,607.40","26,766.20",62.85K,-2.25%
2023年5月10日,"27,603.30","27,634.30","28,311.70","26,885.70",91.45K,-0.11%
2023年5月9日,"27,634.90","27,670.50","27,816.00","27,366.30",49.75K,-0.13%
2023年5月8日,"27,670.50","28,424.80","28,627.80","27,280.30",85.72K,-2.65%
2023年5月7日,"28,424.80","28,857.10","29,122.00","28,419.60",36.50K,-1.50%
2023年5月6日,"28,857.10","29,512.80","29,816.40","28,414.90",58.94K,-2.22%
2023年5月5日,"29,513.20","28,842.20","29,653.90","28,825.30",74.52K,2.33%
2023年5月4日,"28,842.10","29,023.60","29,352.70","28,687.40",53.80K,-0.63%
2023年5月3日,"29,023.60","28,669.10","29,244.70","28,164.40",81.22K,1.24%
2023年5月2日,"28,669.10","28,079.00","28,877.40","27,913.20",65.33K,2.11%
2023年5月1日,"28,077.60","29,252.10","29,329.60","27,685.90",84.36K,-4.02%
2023年4月30日,"29,252.10","29,235.10","29,941.30","29,095.00",47.62K,0.06%
2023年4月29日,"29,234.10","29,318.40","29,425.50","29,058.50",25.72K,-0.30%
2023年4月28日,"29,321.80","29,475.90","29,587.20","28,927.80",69.88K,-0.52%
2023年4月27日,"29,475.90","28,424.50","29,859.80","28,392.40",121.63K,3.70%
2023年4月26日,"28,424.60","28,298.80","29,995.70","27,307.80",164.31K,0.44%
2023年4月25日,"28,298.80","27,510.10","28,375.60","27,201.10",65.31K,2.87%
2023年4月24日,"27,509.30","27,591.40","27,978.80","27,054.30",66.74K,-0.30%
2023年4月23日,"27,591.40","27,813.80","27,815.00","27,388.50",41.77K,-0.80%
2023年4月22日,"27,813.90","27,264.80","27,872.00","27,165.70",44.30K,2.01%
2023年4月21日,"27,264.80","28,240.50","28,353.40","27,171.10",98.72K,-3.46%
2023年4月20日,"28,240.50","28,813.70","29,082.10","28,032.40",95.45K,-1.99%
2023年4月19日,"28,813.70","30,382.20","30,408.40","28,641.10",111.27K,-5.16%
2023年4月18日,"30,382.20","29,434.10","30,470.10","29,149.20",76.58K,3.22%
2023年4月17日,"29,434.90","30,310.80","30,312.20","29,274.00",71.90K,-2.89%
2023年4月16日,"30,310.30","30,299.20","30,545.30","30,134.60",34.48K,0.04%
2023年4月15日,"30,299.60","30,472.60","30,586.50","30,208.80",31.71K,-0.57%
2023年4月14日,"30,472.50","30,387.40","30,964.90","30,026.00",98.38K,0.28%
2023年4月13日,"30,387.40","29,892.40","30,524.10","29,864.50",65.87K,1.68%
2023年4月12日,"29,886.40","30,209.80","30,473.00","29,679.50",78.69K,-1.07%
2023年4月11日,"30,209.60","29,641.00","30,484.60","29,597.80",89.38K,1.92%
2023年4月10日,"29,641.00","28,326.50","29,755.40","28,182.90",85.73K,4.64%
2023年4月9日,"28,326.60","27,941.20","28,522.70","27,809.20",39.35K,1.38%
2023年4月8日,"27,941.20","27,910.40","28,153.10","27,863.80",23.73K,0.11%
2023年4月7日,"27,910.40","28,037.60","28,102.50","27,779.40",30.94K,-0.45%
2023年4月6日,"28,036.70","28,173.50","28,173.50","27,734.50",51.29K,-0.49%
2023年4月5日,"28,173.50","28,164.40","28,744.40","27,823.50",77.32K,0.03%
2023年4月4日,"28,164.40","27,802.20","28,429.10","27,668.90",64.06K,1.30%
2023年4月3日,"27,802.10","28,194.70","28,458.40","27,256.90",98.00K,-1.41%
2023年4月2日,"28,198.30","28,456.10","28,522.80","27,871.70",45.04K,-0.91%
2023年4月1日,"28,456.10","28,473.70","28,795.10","28,285.60",38.09K,-0.06%
2023年3月31日,"28,473.70","28,029.30","28,646.30","27,587.50",98.44K,1.58%
2023年3月30日,"28,029.50","28,350.30","29,160.40","27,716.70",122.51K,-1.13%
2023年3月29日,"28,350.40","27,262.90","28,627.40","27,249.80",109.32K,3.99%
2023年3月28日,"27,262.20","27,127.80","27,465.00","26,665.60",94.16K,0.49%
2023年3月27日,"27,129.80","27,974.80","28,023.30","26,611.50",107.24K,-3.02%
2023年3月26日,"27,973.50","27,474.90","28,153.70","27,429.10",60.64K,1.81%
2023年3月25日,"27,475.60","27,462.20","27,761.90","27,176.70",61.36K,0.05%
2023年3月24日,"27,462.20","28,306.90","28,374.50","27,026.50",110.36K,-3.00%
2023年3月23日,"28,310.70","27,262.80","28,734.10","27,144.60",158.46K,3.85%
2023年3月22日,"27,261.70","28,114.20","28,760.30","26,668.70",262.03K,-3.03%
2023年3月21日,"28,114.00","27,719.80","28,437.80","27,350.60",438.78K,1.42%
2023年3月20日,"27,720.50","27,958.90","28,457.80","27,157.00",503.90K,-0.85%
2023年3月19日,"27,958.70","26,914.50","28,347.30","26,844.60",393.27K,3.88%
2023年3月18日,"26,914.50","27,391.90","27,659.10","26,688.70",392.47K,-1.74%
2023年3月17日,"27,391.80","25,004.40","27,742.20","24,900.10",674.96K,9.55%
2023年3月16日,"25,004.10","24,283.20","25,139.00","24,147.90",462.58K,2.97%
2023年3月15日,"24,282.70","24,699.60","25,108.90","23,932.40",614.31K,-1.69%
2023年3月14日,"24,699.70","24,121.50","26,365.90","23,994.60",753.06K,2.43%
2023年3月13日,"24,114.40","21,994.80","24,406.20","21,859.60",733.63K,9.64%
2023年3月12日,"21,994.80","20,465.00","22,028.60","20,294.20",455.69K,7.46%
2023年3月11日,"20,467.50","20,156.50","20,669.50","19,796.70",453.46K,1.54%
2023年3月10日,"20,156.70","20,362.00","20,362.60","19,591.80",655.27K,-1.01%
2023年3月9日,"20,361.80","21,710.80","21,826.50","20,079.60",468.76K,-6.21%
2023年3月8日,"21,710.80","22,197.80","22,274.30","21,661.30",316.51K,-2.19%
2023年3月7日,"22,197.80","22,410.10","22,535.10","21,968.60",304.75K,-0.95%
2023年3月6日,"22,410.00","22,428.20","22,595.40","22,320.10",215.31K,-0.08%
2023年3月5日,"22,428.30","22,347.10","22,636.70","22,213.50",160.57K,0.36%
2023年3月4日,"22,347.10","22,354.70","22,403.70","22,167.40",123.93K,-0.03%
2023年3月3日,"22,354.40","23,465.60","23,473.40","22,051.90",344.63K,-4.73%
2023年3月2日,"23,465.40","23,642.20","23,780.50","23,208.70",249.26K,-0.75%
2023年3月1日,"23,642.20","23,130.60","23,914.10","23,025.30",328.77K,2.21%
2023年2月28日,"23,130.50","23,494.00","23,595.00","23,033.80",275.10K,-1.55%
2023年2月27日,"23,494.10","23,558.70","23,876.20","23,166.80",297.65K,-0.27%
2023年2月26日,"23,558.70","23,166.10","23,671.80","23,066.00",209.12K,1.69%
2023年2月25日,"23,166.10","23,191.30","23,215.30","22,777.40",198.35K,-0.11%
2023年2月24日,"23,191.50","23,936.40","24,123.40","22,970.30",367.99K,-3.11%
2023年2月23日,"23,936.30","24,186.60","24,590.40","23,637.90",417.46K,-1.03%
2023年2月22日,"24,186.60","24,450.70","24,474.30","23,593.40",400.24K,-1.08%
2023年2月21日,"24,450.70","24,839.50","25,236.80","24,160.80",395.97K,-1.57%
2023年2月20日,"24,839.50","24,302.80","25,085.40","23,868.60",363.02K,2.21%
2023年2月19日,"24,302.90","24,631.30","25,175.20","24,273.70",312.64K,-1.33%
2023年2月18日,"24,631.40","24,573.50","24,838.90","24,457.00",223.77K,0.24%
2023年2月17日,"24,573.50","23,538.20","24,984.70","23,373.00",523.85K,4.39%
2023年2月16日,"23,539.60","24,328.10","25,233.80","23,525.90",484.50K,-3.24%
2023年2月15日,"24,327.90","22,198.50","24,330.90","22,050.80",401.53K,9.59%
2023年2月14日,"22,198.50","21,776.90","22,308.60","21,556.20",378.39K,1.96%
2023年2月13日,"21,772.60","21,782.70","21,887.50","21,418.70",312.04K,-0.07%
2023年2月12日,"21,786.80","21,859.90","22,080.70","21,653.10",211.65K,-0.33%
2023年2月11日,"21,859.80","21,627.40","21,902.90","21,605.30",182.07K,1.04%
2023年2月10日,"21,635.00","21,792.50","21,933.60","21,491.70",352.79K,-0.72%
2023年2月9日,"21,792.50","22,964.60","23,003.60","21,744.60",425.44K,-5.10%
2023年2月8日,"22,964.60","23,251.70","23,425.10","22,691.70",289.12K,-1.23%
2023年2月7日,"23,251.70","22,761.80","23,338.80","22,748.20",318.98K,2.15%
2023年2月6日,"22,761.80","22,936.00","23,130.60","22,633.70",278.58K,-0.76%
2023年2月5日,"22,936.00","23,326.90","23,423.40","22,766.50",217.26K,-1.66%
2023年2月4日,"23,323.80","23,431.20","23,571.80","23,269.80",170.27K,-0.46%
2023年2月3日,"23,431.20","23,429.10","23,694.10","23,233.80",349.36K,0.02%
2023年2月2日,"23,427.60","23,726.20","24,207.20","23,398.10",382.86K,-1.26%
2023年2月1日,"23,725.60","23,124.70","23,784.50","22,809.60",333.18K,2.60%
2023年1月31日,"23,125.10","22,832.20","23,262.90","22,724.90",289.38K,1.28%
2023年1月30日,"22,832.20","23,746.00","23,794.00","22,560.00",339.62K,-3.88%
2023年1月29日,"23,753.10","23,023.50","23,952.90","22,973.30",320.86K,3.15%
2023年1月28日,"23,027.90","23,074.60","23,182.30","22,889.80",156.96K,-0.20%
2023年1月27日,"23,074.60","23,016.00","23,480.30","22,602.90",310.36K,0.25%
2023年1月26日,"23,016.00","23,055.20","23,259.50","22,869.00",320.97K,-0.17%
2023年1月25日,"23,055.10","22,632.50","23,779.00","22,366.30",388.18K,1.87%
2023年1月24日,"22,632.50","22,916.30","23,156.10","22,517.10",334.17K,-1.23%
2023年1月23日,"22,915.50","22,709.00","23,161.80","22,527.90",327.85K,0.91%
2023年1月22日,"22,707.80","22,775.70","23,068.70","22,323.00",280.64K,-0.30%
2023年1月21日,"22,775.70","22,677.50","23,304.50","22,461.10",382.69K,0.43%
2023年1月20日,"22,677.20","21,074.90","22,718.50","20,879.30",373.74K,7.57%
2023年1月19日,"21,081.20","20,670.60","21,169.40","20,669.70",275.76K,1.99%
2023年1月18日,"20,670.60","21,137.10","21,584.10","20,448.30",388.67K,-2.21%
2023年1月17日,"21,137.10","21,184.40","21,506.40","20,926.20",310.04K,-0.22%
2023年1月16日,"21,184.20","20,880.10","21,416.80","20,698.90",337.46K,1.46%
2023年1月15日,"20,879.80","20,956.00","21,032.20","20,585.70",205.80K,-0.37%
2023年1月14日,"20,958.20","19,926.90","21,185.60","19,898.60",458.21K,5.17%
2023年1月13日,"19,927.00","18,850.80","19,981.60","18,723.80",426.67K,5.71%
2023年1月12日,"18,851.30","17,941.00","19,055.30","17,915.50",522.01K,5.07%
2023年1月11日,"17,942.30","17,440.50","17,989.80","17,323.90",291.53K,2.89%
2023年1月10日,"17,439.10","17,180.10","17,491.00","17,151.70",247.14K,1.51%
2023年1月9日,"17,180.10","17,119.00","17,390.80","17,107.10",301.24K,0.36%
2023年1月8日,"17,119.00","16,943.60","17,119.00","16,913.80",144.84K,1.04%
2023年1月7日,"16,943.60","16,950.90","16,979.60","16,909.70",110.48K,-0.04%
2023年1月6日,"16,950.90","16,829.80","17,012.30","16,707.60",233.47K,0.72%
2023年1月5日,"16,829.80","16,852.20","16,877.90","16,772.30",178.96K,-0.13%
2023年1月4日,"16,852.10","16,674.20","16,976.50","16,656.50",247.39K,1.07%
2023年1月3日,"16,674.20","16,673.10","16,773.20","16,607.20",178.73K,0.00%
2023年1月2日,"16,674.30","16,618.40","16,766.90","16,551.00",136.03K,0.34%
2023年1月1日,"16,618.40","16,537.50","16,621.90","16,499.70",107.84K,0.49%
2022年12月31日,"16,537.40","16,607.20","16,635.90","16,487.30",130.44K,-0.42%
2022年12月30日,"16,607.20","16,636.40","16,644.40","16,360.00",192.76K,-0.18%
2022年12月29日,"16,636.40","16,546.20","16,659.10","16,496.60",181.47K,0.55%
2022年12月28日,"16,546.20","16,705.90","16,781.10","16,474.20",217.96K,-0.96%
2022年12月27日,"16,706.10","16,918.20","16,964.00","16,610.10",192.18K,-1.25%
2022年12月26日,"16,918.10","16,831.80","16,936.10","16,799.40",133.36K,0.51%
2022年12月25日,"16,831.80","16,835.70","16,852.90","16,733.00",132.89K,-0.03%
2022年12月24日,"16,837.20","16,778.60","16,855.80","16,777.80",110.12K,0.35%
2022年12月23日,"16,779.10","16,820.50","16,910.70","16,768.00",184.12K,-0.25%
2022年12月22日,"16,820.60","16,831.80","16,862.20","16,566.10",198.28K,-0.07%
2022年12月21日,"16,831.80","16,902.70","16,919.40","16,735.00",174.34K,-0.42%
2022年12月20日,"16,902.80","16,441.30","17,031.30","16,400.70",284.57K,2.81%
2022年12月19日,"16,441.30","16,741.10","16,809.50","16,331.20",207.93K,-1.79%
2022年12月18日,"16,741.10","16,777.00","16,825.70","16,666.50",124.29K,-0.21%
2022年12月17日,"16,777.10","16,629.00","16,794.40","16,587.00",164.49K,0.89%
2022年12月16日,"16,629.60","17,356.70","17,518.50","16,542.40",303.56K,-4.19%
2022年12月15日,"17,356.10","17,796.40","17,846.10","17,298.20",263.44K,-2.47%
2022年12月14日,"17,796.40","17,778.60","18,351.80","17,682.10",318.98K,0.10%
2022年12月13日,"17,778.60","17,210.90","17,951.60","17,094.50",328.71K,3.30%
2022年12月12日,"17,210.40","17,093.20","17,232.50","16,878.50",249.39K,0.68%
2022年12月11日,"17,093.30","17,127.00","17,262.90","17,080.60",167.20K,-0.20%
2022年12月10日,"17,127.20","17,125.70","17,220.50","17,105.70",148.81K,0.01%
2022年12月9日,"17,125.70","17,225.60","17,288.60","17,082.10",260.84K,-0.58%
2022年12月8日,"17,225.70","16,835.20","17,294.20","16,765.80",261.64K,2.32%
2022年12月7日,"16,835.20","17,089.40","17,126.70","16,715.30",244.36K,-1.49%
2022年12月6日,"17,089.30","16,966.30","17,101.10","16,914.90",246.19K,0.72%
2022年12月5日,"16,966.50","17,106.90","17,395.20","16,886.90",268.72K,-0.85%
2022年12月4日,"17,112.60","16,884.80","17,198.10","16,881.60",197.12K,1.35%
2022年12月3日,"16,884.50","17,093.40","17,132.60","16,862.10",169.29K,-1.22%
2022年12月2日,"17,093.60","16,972.20","17,096.20","16,799.90",227.01K,0.72%
2022年12月1日,"16,972.00","17,163.40","17,244.70","16,868.90",266.14K,-1.12%
2022年11月30日,"17,163.90","16,440.80","17,215.50","16,433.20",348.22K,4.40%
2022年11月29日,"16,440.40","16,211.90","16,531.40","16,100.10",271.58K,1.41%
2022年11月28日,"16,211.70","16,426.10","16,481.40","16,013.50",284.84K,-1.30%
2022年11月27日,"16,425.60","16,456.40","16,595.40","16,414.60",173.25K,-0.19%
2022年11月26日,"16,456.50","16,512.30","16,686.30","16,387.90",194.94K,-0.34%
2022年11月25日,"16,512.30","16,600.60","16,611.80","16,360.90",204.07K,-0.54%
2022年11月24日,"16,601.20","16,604.90","16,785.60","16,472.00",229.59K,-0.14%
2022年11月23日,"16,623.90","16,216.90","16,677.60","16,162.30",305.08K,2.53%
2022年11月22日,"16,212.90","15,776.60","16,274.60","15,620.40",287.21K,2.77%
2022年11月21日,"15,776.20","16,278.60","16,287.90","15,504.20",372.15K,-3.13%
2022年11月20日,"16,286.70","16,699.30","16,749.30","16,209.20",172.83K,-2.47%
2022年11月19日,"16,699.20","16,652.20","16,814.90","16,608.90",114.89K,0.37%
2022年11月18日,"16,638.30","16,715.40","16,846.30","16,553.00",241.96K,-0.32%
2022年11月17日,"16,691.20","16,540.50","16,739.70","16,425.80",257.00K,0.91%
2022年11月16日,"16,540.50","16,895.40","16,993.40","16,408.20",295.73K,-2.10%
2022年11月15日,"16,895.10","16,615.00","17,112.00","16,543.90",337.15K,1.69%
2022年11月14日,"16,613.70","16,325.00","17,158.40","15,834.00",442.46K,1.77%
2022年11月13日,"16,324.50","16,803.90","16,946.50","16,274.90",210.80K,-2.80%
2022年11月12日,"16,795.20","17,049.90","17,100.80","16,633.90",192.91K,-1.49%
2022年11月11日,"17,049.90","17,589.10","17,679.40","16,435.50",466.35K,-3.07%
2022年11月10日,"17,589.10","15,887.00","18,138.20","15,799.30",720.74K,10.71%
2022年11月9日,"15,886.90","18,538.90","18,583.80","15,603.30",869.57K,-14.25%
2022年11月8日,"18,527.40","20,589.00","20,667.50","17,260.00",865.10K,-10.01%
2022年11月7日,"20,589.00","20,916.30","21,055.40","20,410.50",414.24K,-1.56%
2022年11月6日,"20,916.30","21,298.70","21,360.40","20,901.00",242.26K,-1.81%
2022年11月5日,"21,301.60","21,145.70","21,464.70","21,084.10",261.23K,0.74%
2022年11月4日,"21,145.90","20,206.40","21,281.90","20,184.60",499.50K,4.65%
2022年11月3日,"20,206.40","20,154.00","20,384.50","20,066.60",347.23K,0.26%
2022年11月2日,"20,154.40","20,482.90","20,778.30","20,065.80",420.23K,-1.61%
2022年11月1日,"20,483.50","20,496.10","20,676.60","20,348.10",302.72K,-0.06%
2022年10月31日,"20,496.30","20,626.00","20,822.40","20,260.00",327.47K,-0.63%
2022年10月30日,"20,626.30","20,809.40","20,922.30","20,522.50",207.63K,-0.88%
2022年10月29日,"20,809.80","20,594.20","21,038.10","20,561.90",276.54K,1.05%
2022年10月28日,"20,594.40","20,293.00","20,744.00","20,058.20",318.90K,1.49%
2022年10月27日,"20,292.90","20,769.50","20,867.90","20,231.60",365.49K,-2.29%
2022年10月26日,"20,769.50","20,086.80","20,981.50","20,062.90",427.99K,3.42%
2022年10月25日,"20,082.70","19,331.80","20,406.90","19,249.00",371.54K,3.89%
2022年10月24日,"19,331.50","19,571.20","19,588.60","19,177.20",286.94K,-1.22%
2022年10月23日,"19,571.20","19,204.80","19,680.90","19,092.50",180.63K,1.91%
2022年10月22日,"19,204.80","19,162.60","19,249.90","19,116.10",118.24K,0.22%
2022年10月21日,"19,162.60","19,042.90","19,245.50","18,703.30",294.66K,0.63%
2022年10月20日,"19,042.90","19,125.10","19,334.50","18,935.60",253.20K,-0.42%
2022年10月19日,"19,123.90","19,328.20","19,358.60","19,101.20",209.28K,-1.06%
2022年10月18日,"19,328.20","19,548.40","19,692.90","19,102.80",290.07K,-1.13%
2022年10月17日,"19,548.20","19,262.20","19,663.50","19,163.60",248.40K,1.49%
2022年10月16日,"19,261.90","19,068.80","19,411.90","19,066.00",140.95K,1.01%
2022年10月15日,"19,068.70","19,181.70","19,218.70","19,000.80",123.66K,-0.59%
2022年10月14日,"19,181.80","19,379.80","19,933.90","19,098.60",400.45K,-1.02%
2022年10月13日,"19,379.80","19,154.60","19,494.40","18,207.90",455.13K,1.17%
2022年10月12日,"19,154.80","19,058.50","19,212.60","19,010.60",242.18K,0.50%
2022年10月11日,"19,059.10","19,134.30","19,261.30","18,868.70",288.57K,-0.39%
2022年10月10日,"19,134.60","19,441.70","19,520.70","19,057.00",243.77K,-1.58%
2022年10月9日,"19,441.00","19,416.30","19,552.10","19,329.60",127.53K,0.13%
2022年10月8日,"19,415.00","19,530.20","19,612.20","19,274.70",113.50K,-0.60%
2022年10月7日,"19,531.30","19,962.40","20,051.40","19,352.10",263.50K,-2.13%
2022年10月6日,"19,956.70","20,157.50","20,436.70","19,873.70",370.60K,-1.00%
2022年10月5日,"20,157.50","20,340.50","20,353.80","19,761.70",352.76K,-0.90%
2022年10月4日,"20,340.20","19,629.70","20,436.10","19,506.40",368.17K,3.63%
2022年10月3日,"19,628.30","19,057.60","19,676.00","19,001.30",333.03K,3.02%
2022年10月2日,"19,052.20","19,311.90","19,389.90","18,937.30",222.82K,-1.34%
2022年10月1日,"19,311.90","19,422.90","19,480.30","19,172.60",173.91K,-0.57%
2022年9月30日,"19,423.00","19,593.40","20,174.90","19,208.90",490.29K,-0.87%
2022年9月29日,"19,593.00","19,420.20","19,631.50","18,877.90",449.57K,0.94%
2022年9月28日,"19,411.00","19,083.40","19,757.80","18,505.30",581.19K,1.73%
2022年9月27日,"19,081.00","19,228.80","20,361.20","18,850.40",660.12K,-0.75%
2022年9月26日,"19,225.70","18,803.10","19,304.80","18,695.20",516.03K,2.25%
2022年9月25日,"18,803.20","18,925.10","19,125.10","18,659.60",209.71K,-0.64%
2022年9月24日,"18,925.20","19,288.40","19,310.60","18,812.00",258.50K,-1.91%
2022年9月23日,"19,293.50","19,404.10","19,477.30","18,554.80",431.15K,-0.57%
2022年9月22日,"19,404.00","18,488.10","19,490.90","18,371.00",448.63K,4.95%
2022年9月21日,"18,489.00","18,875.10","19,758.40","18,191.80",446.85K,-2.03%
2022年9月20日,"18,872.40","19,538.90","19,626.30","18,742.60",361.18K,-3.41%
2022年9月19日,"19,538.90","19,417.40","19,666.60","18,277.80",423.43K,0.62%
2022年9月18日,"19,418.80","20,113.90","20,113.90","19,347.70",273.11K,-3.45%
2022年9月17日,"20,113.50","19,802.80","20,178.60","19,761.00",204.58K,1.57%
2022年9月16日,"19,802.40","19,701.90","19,883.00","19,352.90",315.59K,0.51%
2022年9月15日,"19,701.70","20,222.30","20,321.40","19,532.30",358.42K,-2.58%
2022年9月14日,"20,222.50","20,175.50","20,503.70","19,654.20",374.22K,0.23%
2022年9月13日,"20,175.50","22,395.30","22,702.50","19,909.60",485.32K,-9.91%
2022年9月12日,"22,395.30","21,836.60","22,465.40","21,581.60",431.98K,2.57%
2022年9月11日,"21,834.90","21,650.40","21,836.40","21,363.00",297.12K,0.85%
2022年9月10日,"21,650.40","21,363.80","21,790.60","21,139.90",331.12K,1.33%
2022年9月9日,"21,365.20","19,318.80","21,545.70","19,294.10",480.37K,10.60%
2022年9月8日,"19,317.40","19,281.50","19,444.70","19,034.50",291.43K,0.19%
2022年9月7日,"19,281.50","18,786.30","19,445.90","18,548.40",319.10K,2.64%
2022年9月6日,"18,786.40","19,793.40","20,169.30","18,723.30",402.43K,-5.09%
2022年9月5日,"19,793.10","19,999.90","20,042.90","19,650.70",238.71K,-1.03%
2022年9月4日,"19,999.90","19,832.20","20,017.80","19,594.70",158.27K,0.85%
2022年9月3日,"19,831.40","19,952.80","20,043.80","19,660.70",157.85K,-0.61%
2022年9月2日,"19,952.70","20,131.60","20,428.20","19,764.70",272.22K,-0.86%
2022年9月1日,"20,126.10","20,049.90","20,202.70","19,584.40",275.08K,0.41%
2022年8月31日,"20,043.90","19,793.40","20,469.10","19,793.40",318.17K,1.27%
2022年8月30日,"19,792.60","20,295.60","20,558.20","19,559.70",308.41K,-2.48%
2022年8月29日,"20,295.80","19,551.30","20,394.50","19,551.20",248.04K,3.81%
2022年8月28日,"19,550.20","20,034.20","20,150.80","19,542.90",159.60K,-2.41%
2022年8月27日,"20,033.90","20,249.90","20,343.60","19,849.80",187.34K,-1.07%
2022年8月26日,"20,249.90","21,564.20","21,815.30","20,122.40",322.16K,-6.10%
2022年8月25日,"21,565.40","21,365.40","21,801.20","21,324.80",190.15K,0.94%
2022年8月24日,"21,365.20","21,516.20","21,832.30","21,171.10",202.40K,-0.71%
2022年8月23日,"21,517.20","21,416.50","21,661.00","20,919.60",228.65K,0.47%
2022年8月22日,"21,416.30","21,516.80","21,517.40","20,912.10",251.83K,-0.47%
2022年8月21日,"21,517.20","21,138.90","21,692.40","21,077.40",177.52K,1.79%
2022年8月20日,"21,138.90","20,830.70","21,357.40","20,784.80",206.94K,1.48%
2022年8月19日,"20,831.30","23,201.60","23,202.30","20,807.80",339.47K,-10.22%
2022年8月18日,"23,203.60","23,337.70","23,578.00","23,131.30",160.97K,-0.58%
2022年8月17日,"23,338.00","23,855.80","24,423.50","23,191.60",239.53K,-2.17%
2022年8月16日,"23,856.80","24,102.60","24,240.80","23,693.80",201.70K,-1.02%
2022年8月15日,"24,101.70","24,303.30","25,205.70","23,784.50",279.28K,-0.83%
2022年8月14日,"24,302.80","24,442.10","24,997.30","24,172.20",177.25K,-0.57%
2022年8月13日,"24,442.50","24,398.90","24,882.90","24,318.70",170.59K,0.18%
2022年8月12日,"24,398.70","23,935.30","24,440.80","23,616.40",194.96K,1.94%
2022年8月11日,"23,935.30","23,963.30","24,873.50","23,864.00",285.36K,-0.12%
2022年8月10日,"23,962.90","23,150.30","24,209.90","22,714.70",243.61K,3.53%
2022年8月9日,"23,146.70","23,818.10","23,912.00","22,886.50",169.62K,-2.81%
2022年8月8日,"23,816.30","23,175.30","24,234.10","23,160.60",197.94K,2.77%
2022年8月7日,"23,175.30","22,944.20","23,387.70","22,852.30",99.36K,1.01%
2022年8月6日,"22,944.20","23,308.20","23,344.40","22,923.60",94.44K,-1.56%
2022年8月5日,"23,308.20","22,613.30","23,447.60","22,593.50",208.90K,3.08%
2022年8月4日,"22,612.10","22,822.20","23,214.50","22,438.70",181.19K,-0.91%
2022年8月3日,"22,820.80","22,988.70","23,623.70","22,698.60",174.66K,-0.73%
2022年8月2日,"22,988.60","23,271.10","23,423.30","22,670.80",177.30K,-1.21%
2022年8月1日,"23,271.20","23,303.40","23,484.40","22,863.80",162.33K,-0.14%
2022年7月31日,"23,303.40","23,634.20","24,179.30","23,236.20",138.84K,-1.40%
2022年7月30日,"23,634.20","23,774.20","24,605.30","23,521.80",168.72K,-0.59%
2022年7月29日,"23,774.30","23,850.20","24,340.00","23,451.40",221.66K,-0.32%
2022年7月28日,"23,850.00","22,957.70","24,190.50","22,611.60",268.32K,3.88%
2022年7月27日,"22,958.30","21,248.00","23,027.80","21,047.50",242.66K,8.05%
2022年7月26日,"21,248.70","21,301.60","21,322.30","20,737.30",201.57K,-0.25%
2022年7月25日,"21,301.90","22,582.30","22,653.30","21,275.40",206.93K,-5.67%
2022年7月24日,"22,582.10","22,449.80","22,987.90","22,281.30",126.66K,0.54%
2022年7月23日,"22,460.40","22,683.60","22,991.00","21,971.70",137.42K,-0.95%
2022年7月22日,"22,675.20","23,150.00","23,741.40","22,524.20",197.54K,-2.06%
2022年7月21日,"23,153.00","23,219.90","23,403.80","22,360.20",217.08K,-0.27%
2022年7月20日,"23,215.20","23,412.00","24,258.00","22,944.40",281.31K,-0.83%
2022年7月19日,"23,410.20","22,529.30","23,757.30","21,581.80",308.91K,3.93%
2022年7月18日,"22,525.80","20,785.60","22,714.90","20,770.60",279.72K,8.37%
2022年7月17日,"20,785.60","21,209.80","21,654.40","20,755.20",132.81K,-2.00%
2022年7月16日,"21,209.90","20,825.20","21,561.30","20,484.40",136.89K,1.85%
2022年7月15日,"20,825.10","20,586.10","21,178.10","20,393.40",164.67K,1.16%
2022年7月14日,"20,586.00","20,250.00","20,862.20","19,664.90",205.28K,1.66%
2022年7月13日,"20,250.00","19,331.60","20,250.80","18,942.20",249.38K,4.75%
2022年7月12日,"19,330.90","19,963.20","20,051.70","19,279.60",167.91K,-3.17%
2022年7月11日,"19,963.20","20,847.20","20,855.00","19,897.00",160.20K,-4.24%
2022年7月10日,"20,847.40","21,587.40","21,599.20","20,689.70",204.68K,-3.43%
2022年7月9日,"21,587.50","21,610.40","21,944.10","21,338.40",190.11K,-0.11%
2022年7月8日,"21,611.20","21,637.10","22,482.10","21,207.00",439.90K,-0.12%
2022年7月7日,"21,637.80","20,557.90","21,817.80","20,282.70",115.81K,5.24%
2022年7月6日,"20,561.10","20,180.40","20,654.90","19,785.30",105.24K,1.78%
2022年7月5日,"20,200.60","20,215.80","20,706.90","19,315.40",122.43K,-0.08%
2022年7月4日,"20,215.80","19,310.60","20,303.80","19,052.50",92.79K,4.69%
2022年7月3日,"19,309.90","19,243.40","19,626.40","18,794.40",65.27K,0.35%
2022年7月2日,"19,243.20","19,275.40","19,425.40","19,006.40",58.57K,-0.10%
2022年7月1日,"19,262.90","19,926.60","20,785.60","18,980.10",150.18K,-3.33%
2022年6月30日,"19,926.60","20,111.30","20,155.10","18,682.70",127.73K,-0.92%
2022年6月29日,"20,111.30","20,278.00","20,415.80","19,880.70",98.97K,-0.82%
2022年6月28日,"20,278.00","20,727.90","21,200.20","20,210.50",83.83K,-2.18%
2022年6月27日,"20,730.20","21,037.70","21,497.50","20,568.00",84.69K,-1.49%
2022年6月26日,"21,043.50","21,489.90","21,837.40","20,989.70",67.21K,-2.08%
2022年6月25日,"21,489.90","21,226.90","21,553.40","20,917.50",66.63K,1.24%
2022年6月24日,"21,226.90","21,100.90","21,488.70","20,743.90",104.56K,0.60%
2022年6月23日,"21,100.70","19,967.30","21,189.80","19,907.50",110.70K,5.68%
2022年6月22日,"19,965.80","20,720.20","20,864.30","19,780.20",125.94K,-3.64%
2022年6月21日,"20,720.40","20,571.60","21,689.30","20,371.70",136.32K,0.72%
2022年6月20日,"20,572.30","20,576.90","20,996.80","19,658.80",140.60K,-0.02%
2022年6月19日,"20,577.20","18,983.40","20,763.50","17,983.70",169.39K,8.38%
2022年6月18日,"18,986.50","20,446.40","20,744.70","17,630.50",267.25K,-7.13%
2022年6月17日,"20,444.60","20,391.30","21,315.40","20,244.10",136.27K,0.28%
2022年6月16日,"20,386.60","22,577.90","22,942.10","20,231.10",144.00K,-9.71%
2022年6月15日,"22,577.90","22,137.50","22,754.40","20,125.80",280.41K,1.90%
2022年6月14日,"22,157.30","22,449.10","23,200.30","20,860.90",251.01K,-1.29%
2022年6月13日,"22,448.00","26,606.30","26,857.60","22,006.30",379.26K,-15.63%
2022年6月12日,"26,606.30","28,404.00","28,534.80","26,606.30",120.02K,-6.33%
2022年6月11日,"28,403.40","29,083.30","29,426.60","28,161.80",82.92K,-2.34%
2022年6月10日,"29,083.30","30,097.40","30,325.60","28,884.90",104.26K,-3.37%
2022年6月9日,"30,097.80","30,202.10","30,691.40","29,953.80",61.72K,-0.34%
2022年6月8日,"30,201.60","31,127.20","31,312.10","29,874.80",87.96K,-2.98%
2022年6月7日,"31,128.80","31,370.30","31,556.60","29,235.00",140.32K,-0.76%
2022年6月6日,"31,367.60","29,911.20","31,753.40","29,888.60",94.01K,4.86%
2022年6月5日,"29,913.00","29,865.10","30,166.90","29,539.00",30.33K,0.16%
2022年6月4日,"29,864.30","29,700.90","29,963.80","29,489.50",33.51K,0.55%
2022年6月3日,"29,700.90","30,455.70","30,674.80","29,330.80",72.13K,-2.48%
2022年6月2日,"30,455.50","29,798.60","30,638.50","29,604.40",81.40K,2.20%
2022年6月1日,"29,798.50","31,793.10","31,969.90","29,396.60",135.09K,-6.27%
2022年5月31日,"31,793.40","31,730.20","32,377.50","31,221.20",86.60K,0.22%
2022年5月30日,"31,723.30","29,465.20","32,185.60","29,307.20",129.56K,7.66%
2022年5月29日,"29,465.20","29,027.10","29,556.50","28,838.70",36.87K,1.51%
2022年5月28日,"29,027.10","28,620.10","29,194.40","28,537.20",43.87K,1.49%
2022年5月27日,"28,601.20","29,194.00","29,377.10","28,282.20",116.41K,-2.06%
2022年5月26日,"29,203.50","29,537.90","29,868.90","28,077.90",126.71K,-1.14%
2022年5月25日,"29,540.60","29,648.70","30,202.30","29,353.50",78.85K,-0.36%
2022年5月24日,"29,648.70","29,091.60","29,810.80","28,706.10",79.42K,1.91%
2022年5月23日,"29,093.30","30,287.30","30,644.80","28,913.60",92.10K,-3.94%
2022年5月22日,"30,286.60","29,433.00","30,462.00","29,260.10",50.60K,2.89%
2022年5月21日,"29,434.60","29,188.70","29,623.20","28,953.90",32.27K,0.88%
2022年5月20日,"29,178.60","30,305.90","30,735.10","28,738.50",98.78K,-3.72%
2022年5月19日,"30,305.90","28,700.40","30,525.10","28,682.10",101.38K,5.66%
2022年5月18日,"28,683.70","30,437.50","30,687.90","28,648.10",92.03K,-5.76%
2022年5月17日,"30,437.50","29,856.70","30,720.10","29,484.50",79.63K,1.97%
2022年5月16日,"29,849.00","31,308.30","31,312.40","29,135.80",100.25K,-4.66%
2022年5月15日,"31,308.70","30,078.60","31,383.80","29,499.40",65.44K,4.08%
2022年5月14日,"30,080.40","29,285.20","30,277.40","28,666.70",70.46K,2.72%
2022年5月13日,"29,284.40","28,994.30","31,002.70","28,755.00",141.23K,1.06%
2022年5月12日,"28,976.00","29,073.40","30,136.70","26,500.50",309.48K,-0.32%
2022年5月11日,"29,068.20","31,008.00","32,113.60","27,835.50",296.90K,-6.25%
2022年5月10日,"31,007.50","30,098.20","32,621.20","29,831.00",235.61K,3.03%
2022年5月9日,"30,095.00","34,041.00","34,227.00","30,095.00",268.09K,-11.64%
2022年5月8日,"34,060.00","35,468.00","35,497.00","33,727.00",671.05M,-3.97%
2022年5月7日,"35,468.00","36,003.00","36,119.00","34,773.00",288.86M,-1.50%
2022年5月6日,"36,009.00","36,540.00","36,646.00","35,267.00",752.84M,-1.46%
2022年5月5日,"36,544.00","39,686.00","39,833.00","36,183.00",1.04B,-7.92%
2022年5月4日,"39,688.00","37,717.00","40,021.00","37,660.00",691.49M,5.22%
2022年5月3日,"37,718.00","38,515.00","38,647.00","37,513.00",367.21M,-2.07%
2022年5月2日,"38,514.00","38,472.00","39,134.00","38,061.00",580.79M,0.14%
2022年5月1日,"38,461.00","37,642.00","38,676.00","37,397.00",276.99M,2.15%
2022年4月30日,"37,650.00","38,590.00","38,776.00","37,596.00",248.22M,-2.41%
2022年4月29日,"38,581.00","39,748.00","39,919.00","38,175.00",382.90M,-2.94%
2022年4月28日,"39,748.00","39,243.00","40,382.00","38,888.00",542.39M,1.29%
2022年4月27日,"39,243.00","38,113.00","39,447.00","37,869.00",426.83M,2.96%
2022年4月26日,"38,113.00","40,443.00","40,770.00","37,708.00",681.47M,-5.72%
2022年4月25日,"40,427.00","39,464.00","40,599.00","38,233.00",654.60M,2.44%
2022年4月24日,"39,464.00","39,434.00","39,929.00","39,033.00",283.63M,0.12%
2022年4月23日,"39,418.00","39,709.00","39,973.00","39,291.00",190.60M,-0.73%
2022年4月22日,"39,709.00","40,487.00","40,792.00","39,200.00",421.30M,-1.91%
2022年4月21日,"40,482.00","41,370.00","42,969.00","39,793.00",493.05M,-2.14%
2022年4月20日,"41,368.00","41,499.00","42,203.00","40,915.00",382.84M,-0.33%
2022年4月19日,"41,503.00","40,809.00","41,746.00","40,585.00",268.28M,1.72%
2022年4月18日,"40,803.00","39,700.00","41,095.00","38,577.00",484.26M,2.77%
2022年4月17日,"39,703.00","40,382.00","40,599.00","39,561.00",210.01M,-1.68%
2022年4月16日,"40,382.00","40,571.00","40,691.00","40,003.00",151.31M,-0.44%
2022年4月15日,"40,560.00","39,936.00","40,850.00","39,781.00",233.09M,1.56%
2022年4月14日,"39,936.00","41,133.00","41,494.00","39,585.00",294.29M,-2.91%
2022年4月13日,"41,133.00","40,072.00","41,515.00","39,581.00",406.70M,2.63%
2022年4月12日,"40,078.00","39,507.00","40,678.00","39,265.00",468.27M,1.47%
2022年4月11日,"39,497.00","42,144.00","42,418.00","39,202.00",608.38M,-6.27%
2022年4月10日,"42,138.00","42,760.00","43,421.00","41,884.00",255.83M,-1.47%
2022年4月9日,"42,767.00","42,275.00","42,809.00","42,129.00",165.16M,1.16%
2022年4月8日,"42,275.00","43,450.00","43,979.00","42,113.00",467.83M,-2.70%
2022年4月7日,"43,448.00","43,166.00","43,893.00","42,747.00",390.85M,0.64%
2022年4月6日,"43,173.00","45,494.00","45,519.00","43,122.00",649.52M,-5.13%
2022年4月5日,"45,506.00","46,614.00","47,201.00","45,388.00",421.11M,-2.41%
2022年4月4日,"46,629.00","46,407.00","46,899.00","45,152.00",446.12M,0.48%
2022年4月3日,"46,407.00","45,813.00","47,435.00","45,554.00",398.86M,1.30%
2022年4月2日,"45,811.00","46,299.00","47,212.00","45,641.00",345.93M,-1.05%
2022年4月1日,"46,297.00","45,529.00","46,728.00","44,261.00",632.93M,1.70%
2022年3月31日,"45,525.00","47,071.00","47,624.00","45,228.00",520.00M,-3.29%
2022年3月30日,"47,075.00","47,449.00","47,714.00","46,601.00",467.76M,-0.79%
2022年3月29日,"47,449.00","47,126.00","48,127.00","47,029.00",478.82M,0.73%
2022年3月28日,"47,105.00","46,859.00","48,199.00","46,672.00",610.27M,0.52%
2022年3月27日,"46,859.00","44,542.00","46,947.00","44,445.00",388.79M,5.19%
2022年3月26日,"44,548.00","44,331.00","44,818.00","44,090.00",196.30M,0.49%
2022年3月25日,"44,331.00","44,013.00","45,112.00","43,622.00",494.09M,0.72%
2022年3月24日,"44,013.00","42,911.00","44,251.00","42,658.00",491.66M,2.57%
2022年3月23日,"42,912.00","42,373.00","43,027.00","41,795.00",433.96M,1.27%
2022年3月22日,"42,373.00","41,022.00","43,327.90","40,893.00",537.06M,3.29%
2022年3月21日,"41,022.00","41,282.00","41,532.00","40,530.00",406.62M,-0.62%
2022年3月20日,"41,276.00","42,241.00","42,301.00","40,922.00",308.45M,-2.27%
2022年3月19日,"42,233.00","41,768.00","42,386.00","41,529.60",224.59M,1.11%
2022年3月18日,"41,767.80","40,914.60","42,308.40","40,234.80",2.31B,2.08%
2022年3月17日,"40,914.80","41,118.70","41,406.00","40,557.80",1.90B,-0.50%
2022年3月16日,"41,118.70","39,282.50","41,701.60","38,953.20",4.47B,4.67%
2022年3月15日,"39,285.70","39,673.00","39,854.70","38,220.90",2.25B,-0.97%
2022年3月14日,"39,671.10","37,789.50","39,914.30","37,613.60",2.33B,4.97%
2022年3月13日,"37,792.40","38,813.20","39,272.30","37,603.40",1.55B,-2.63%
2022年3月12日,"38,814.30","38,730.20","39,355.30","38,666.50",1.11B,0.22%
2022年3月11日,"38,730.20","39,422.50","40,177.00","38,236.40",2.79B,-1.74%
2022年3月10日,"39,416.30","41,933.90","42,029.10","38,603.50",3.62B,-5.99%
2022年3月9日,"41,929.00","38,731.50","42,538.50","38,663.30",3.60B,8.22%
2022年3月8日,"38,744.80","38,020.60","39,351.50","37,886.60",2.67B,1.89%
2022年3月7日,"38,024.80","38,420.60","39,532.00","37,182.10",3.02B,-0.99%
2022年3月6日,"38,403.10","39,396.30","39,668.10","38,115.00",1.93B,-2.52%
2022年3月5日,"39,395.80","39,142.80","39,600.20","38,626.10",1.50B,0.65%
2022年3月4日,"39,142.70","42,463.00","42,848.70","38,594.90",3.21B,-7.82%
2022年3月3日,"42,463.00","43,912.80","44,077.20","41,840.80",74.11K,-3.30%
2022年3月2日,"43,912.80","44,420.30","45,294.20","43,361.30",80.82K,-1.14%
2022年3月1日,"44,420.30","43,187.20","44,900.50","42,876.60",90.67K,2.85%
2022年2月28日,"43,188.20","37,707.20","43,977.80","37,458.90",108.07K,14.59%
2022年2月27日,"37,689.10","39,116.60","39,838.50","37,062.30",66.14K,-3.65%
2022年2月26日,"39,115.50","39,221.60","40,094.50","38,639.10",41.55K,-0.24%
2022年2月25日,"39,209.60","38,339.20","39,683.70","38,042.60",83.78K,2.27%
2022年2月24日,"38,339.20","37,250.20","39,351.60","34,357.40",180.47K,2.99%
2022年2月23日,"37,224.60","38,248.20","39,194.50","37,099.50",64.84K,-2.68%
2022年2月22日,"38,248.20","37,018.30","38,414.90","36,399.60",82.75K,3.32%
2022年2月21日,"37,017.70","38,355.00","39,444.10","36,868.90",91.82K,-3.49%
2022年2月20日,"38,355.00","40,089.60","40,120.30","38,042.20",47.92K,-4.33%
2022年2月19日,"40,090.30","40,000.10","40,434.30","39,666.60",25.78K,0.23%
2022年2月18日,"40,000.10","40,532.50","40,935.50","39,505.00",64.96K,-1.36%
2022年2月17日,"40,552.80","43,885.50","44,167.10","40,103.80",72.63K,-7.59%
2022年2月16日,"43,883.60","44,540.90","44,552.90","43,377.60",41.40K,-1.48%
2022年2月15日,"44,544.40","42,550.30","44,722.60","42,460.10",56.34K,4.69%
2022年2月14日,"42,550.30","42,061.10","42,799.70","41,591.30",53.60K,1.16%
2022年2月13日,"42,061.10","42,205.50","42,725.10","41,880.10",25.88K,-0.34%
2022年2月12日,"42,205.20","42,388.40","43,006.40","41,776.80",37.88K,-0.43%
2022年2月11日,"42,388.40","43,519.30","43,915.10","42,023.40",69.95K,-2.60%
2022年2月10日,"43,521.00","44,388.90","45,755.20","43,242.50",89.69K,-1.96%
2022年2月9日,"44,388.90","44,038.20","44,800.40","43,163.00",50.92K,0.80%
2022年2月8日,"44,038.20","43,833.90","45,399.80","42,705.00",92.88K,0.47%
2022年2月7日,"43,833.90","42,385.20","44,468.30","41,695.40",76.60K,3.40%
2022年2月6日,"42,392.20","41,411.90","42,614.80","41,176.30",31.20K,2.37%
2022年2月5日,"41,412.10","41,566.50","41,899.80","40,963.30",46.32K,-0.37%
2022年2月4日,"41,567.60","37,287.80","41,689.00","37,041.10",95.49K,11.48%
2022年2月3日,"37,287.80","36,890.20","37,304.30","36,297.30",50.35K,1.08%
2022年2月2日,"36,890.20","38,711.20","38,853.80","36,682.30",53.74K,-4.70%
2022年2月1日,"38,709.70","38,475.60","39,230.00","38,037.90",55.20K,0.55%
2022年1月31日,"38,498.60","37,923.80","38,701.40","36,672.80",61.27K,1.53%
2022年1月30日,"37,917.70","38,167.50","38,313.30","37,390.60",34.10K,-0.66%
2022年1月29日,"38,170.80","37,736.50","38,663.70","37,350.20",42.77K,1.13%
2022年1月28日,"37,745.10","37,195.60","37,995.90","36,176.50",69.45K,1.56%
2022年1月27日,"37,164.30","36,800.10","37,215.40","35,543.20",83.52K,0.99%
2022年1月26日,"36,800.40","36,962.30","38,862.60","36,280.00",107.87K,-0.41%
2022年1月25日,"36,950.60","36,691.30","37,501.80","35,729.30",79.68K,0.72%
2022年1月24日,"36,686.30","36,268.60","37,424.00","32,985.60",153.77K,1.15%
2022年1月23日,"36,269.50","35,072.90","36,513.00","34,655.20",70.43K,3.40%
2022年1月22日,"35,075.20","36,467.70","36,749.80","34,116.00",138.09K,-3.84%
2022年1月21日,"36,475.50","40,698.10","41,104.60","35,503.90",155.80K,-10.41%
2022年1月20日,"40,715.90","41,683.60","43,487.10","40,568.30",65.28K,-2.31%
2022年1月19日,"41,677.80","42,365.30","42,558.00","41,160.90",53.77K,-1.62%
2022年1月18日,"42,364.60","42,209.90","42,674.20","41,300.70",47.32K,0.37%
2022年1月17日,"42,209.30","43,080.50","43,179.60","41,559.40",41.44K,-2.02%
2022年1月16日,"43,079.10","43,079.20","43,462.00","42,643.30",28.66K,-0.04%
2022年1月15日,"43,097.00","43,073.60","43,777.90","42,586.10",31.44K,0.06%
2022年1月14日,"43,073.30","42,562.20","43,435.10","41,848.70",50.50K,1.21%
2022年1月13日,"42,560.00","43,900.00","44,404.70","42,337.50",53.42K,-3.05%
2022年1月12日,"43,901.00","42,735.00","44,243.60","42,476.70",53.95K,2.73%
2022年1月11日,"42,733.20","41,829.10","43,090.20","41,287.60",61.78K,2.15%
2022年1月10日,"41,832.20","41,848.90","42,243.80","39,697.00",85.50K,-0.04%
2022年1月9日,"41,848.30","41,681.20","42,764.40","41,260.90",37.51K,0.42%
2022年1月8日,"41,672.00","41,551.30","42,304.40","40,574.30",52.54K,0.30%
2022年1月7日,"41,546.70","43,097.90","43,127.70","40,810.00",88.36K,-3.60%
2022年1月6日,"43,097.50","43,431.60","43,772.30","42,481.10",63.08K,-0.76%
2022年1月5日,"43,425.90","45,833.10","47,019.40","42,535.10",83.74K,-5.26%
2022年1月4日,"45,837.30","46,435.70","47,505.40","45,602.10",55.59K,-1.28%
2022年1月3日,"46,430.20","47,293.90","47,556.00","45,704.00",41.06K,-1.86%
2022年1月2日,"47,311.80","47,738.70","47,944.90","46,718.20",27.02K,-0.89%
2022年1月1日,"47,738.00","46,217.50","47,917.60","46,217.50",31.24K,3.29%
