-- ----------------------------
-- 1гҖҒйғЁй—ЁиЎЁ
-- ----------------------------
drop table if exists sys_dept;
create table sys_dept (
  dept_id           bigint(20)      not null auto_increment    comment 'йғЁй—Ёid',
  parent_id         bigint(20)      default 0                  comment 'зҲ¶йғЁй—Ёid',
  ancestors         varchar(50)     default ''                 comment 'зҘ–зә§еҲ—иЎЁ',
  dept_name         varchar(30)     default ''                 comment 'йғЁй—ЁеҗҚз§°',
  order_num         int(4)          default 0                  comment 'жҳҫзӨәйЎәеәҸ',
  leader            varchar(20)     default null               comment 'иҙҹиҙЈдәә',
  phone             varchar(11)     default null               comment 'иҒ”зі»з”өиҜқ',
  email             varchar(50)     default null               comment 'йӮ®з®ұ',
  status            char(1)         default '0'                comment 'йғЁй—ЁзҠ¶жҖҒпјҲ0жӯЈеёё 1еҒңз”Ёпјү',
  del_flag          char(1)         default '0'                comment 'еҲ йҷӨж Үеҝ—пјҲ0д»ЈиЎЁеӯҳеңЁ 2д»ЈиЎЁеҲ йҷӨпјү',
  create_by         varchar(64)     default ''                 comment 'еҲӣе»әиҖ…',
  create_time 	    datetime                                   comment 'еҲӣе»әж—¶й—ҙ',
  update_by         varchar(64)     default ''                 comment 'жӣҙж–°иҖ…',
  update_time       datetime                                   comment 'жӣҙж–°ж—¶й—ҙ',
  primary key (dept_id)
) engine=innodb auto_increment=200 comment = 'йғЁй—ЁиЎЁ';

-- ----------------------------
-- еҲқе§ӢеҢ–-йғЁй—ЁиЎЁж•°жҚ®
-- ----------------------------
insert into sys_dept values(100,  0,   '0',          'йӣҶеӣўжҖ»е…¬еҸё',   0, 'е№ҙзі•', '15888888888', 'niangao@qq.com', '0', '0', 'admin', sysdate(), '', null);
insert into sys_dept values(101,  100, '0,100',      'ж·ұеңіеҲҶе…¬еҸё', 1, 'е№ҙзі•', '15888888888', 'niangao@qq.com', '0', '0', 'admin', sysdate(), '', null);
insert into sys_dept values(102,  100, '0,100',      'й•ҝжІҷеҲҶе…¬еҸё', 2, 'е№ҙзі•', '15888888888', 'niangao@qq.com', '0', '0', 'admin', sysdate(), '', null);
insert into sys_dept values(103,  101, '0,100,101',  'з ”еҸ‘йғЁй—Ё',   1, 'е№ҙзі•', '15888888888', 'niangao@qq.com', '0', '0', 'admin', sysdate(), '', null);
insert into sys_dept values(104,  101, '0,100,101',  'еёӮеңәйғЁй—Ё',   2, 'е№ҙзі•', '15888888888', 'niangao@qq.com', '0', '0', 'admin', sysdate(), '', null);
insert into sys_dept values(105,  101, '0,100,101',  'жөӢиҜ•йғЁй—Ё',   3, 'е№ҙзі•', '15888888888', 'niangao@qq.com', '0', '0', 'admin', sysdate(), '', null);
insert into sys_dept values(106,  101, '0,100,101',  'иҙўеҠЎйғЁй—Ё',   4, 'е№ҙзі•', '15888888888', 'niangao@qq.com', '0', '0', 'admin', sysdate(), '', null);
insert into sys_dept values(107,  101, '0,100,101',  'иҝҗз»ҙйғЁй—Ё',   5, 'е№ҙзі•', '15888888888', 'niangao@qq.com', '0', '0', 'admin', sysdate(), '', null);
insert into sys_dept values(108,  102, '0,100,102',  'еёӮеңәйғЁй—Ё',   1, 'е№ҙзі•', '15888888888', 'niangao@qq.com', '0', '0', 'admin', sysdate(), '', null);
insert into sys_dept values(109,  102, '0,100,102',  'иҙўеҠЎйғЁй—Ё',   2, 'е№ҙзі•', '15888888888', 'niangao@qq.com', '0', '0', 'admin', sysdate(), '', null);


-- ----------------------------
-- 2гҖҒз”ЁжҲ·дҝЎжҒҜиЎЁ
-- ----------------------------
drop table if exists sys_user;
create table sys_user (
  user_id           bigint(20)      not null auto_increment    comment 'з”ЁжҲ·ID',
  dept_id           bigint(20)      default null               comment 'йғЁй—ЁID',
  user_name         varchar(30)     not null                   comment 'з”ЁжҲ·иҙҰеҸ·',
  nick_name         varchar(30)     not null                   comment 'з”ЁжҲ·жҳөз§°',
  user_type         varchar(2)      default '00'               comment 'з”ЁжҲ·зұ»еһӢпјҲ00зі»з»ҹз”ЁжҲ·пјү',
  email             varchar(50)     default ''                 comment 'з”ЁжҲ·йӮ®з®ұ',
  phonenumber       varchar(11)     default ''                 comment 'жүӢжңәеҸ·з Ғ',
  sex               char(1)         default '0'                comment 'з”ЁжҲ·жҖ§еҲ«пјҲ0з”· 1еҘі 2жңӘзҹҘпјү',
  avatar            varchar(100)    default ''                 comment 'еӨҙеғҸең°еқҖ',
  password          varchar(100)    default ''                 comment 'еҜҶз Ғ',
  status            char(1)         default '0'                comment 'еёҗеҸ·зҠ¶жҖҒпјҲ0жӯЈеёё 1еҒңз”Ёпјү',
  del_flag          char(1)         default '0'                comment 'еҲ йҷӨж Үеҝ—пјҲ0д»ЈиЎЁеӯҳеңЁ 2д»ЈиЎЁеҲ йҷӨпјү',
  login_ip          varchar(128)    default ''                 comment 'жңҖеҗҺзҷ»еҪ•IP',
  login_date        datetime                                   comment 'жңҖеҗҺзҷ»еҪ•ж—¶й—ҙ',
  pwd_update_date   datetime                                   comment 'еҜҶз ҒжңҖеҗҺжӣҙж–°ж—¶й—ҙ',
  create_by         varchar(64)     default ''                 comment 'еҲӣе»әиҖ…',
  create_time       datetime                                   comment 'еҲӣе»әж—¶й—ҙ',
  update_by         varchar(64)     default ''                 comment 'жӣҙж–°иҖ…',
  update_time       datetime                                   comment 'жӣҙж–°ж—¶й—ҙ',
  remark            varchar(500)    default null               comment 'еӨҮжіЁ',
  primary key (user_id)
) engine=innodb auto_increment=100 comment = 'з”ЁжҲ·дҝЎжҒҜиЎЁ';

-- ----------------------------
-- еҲқе§ӢеҢ–-з”ЁжҲ·дҝЎжҒҜиЎЁж•°жҚ®
-- ----------------------------
insert into sys_user values(1,  103, 'admin',   'и¶…зә§з®ЎзҗҶе‘ҳ', '00', 'niangao@163.com', '15888888888', '1', '', '$2a$10$7JB720yubVSZvUI0rEqK/.VqGOZTH.ulu33dHOiBE8ByOhJIrdAu2', '0', '0', '127.0.0.1', sysdate(), sysdate(), 'admin', sysdate(), '', null, 'з®ЎзҗҶе‘ҳ');
insert into sys_user values(2,  105, 'test', 'жөӢиҜ•з”ЁжҲ·', 			'00', 'test@qq.com',  '15666666666', '1', '', '$2a$10$7JB720yubVSZvUI0rEqK/.VqGOZTH.ulu33dHOiBE8ByOhJIrdAu2', '0', '0', '127.0.0.1', sysdate(), sysdate(), 'admin', sysdate(), '', null, 'жөӢиҜ•е‘ҳ');


-- ----------------------------
-- 3гҖҒеІ—дҪҚдҝЎжҒҜиЎЁ
-- ----------------------------
drop table if exists sys_post;
create table sys_post
(
  post_id       bigint(20)      not null auto_increment    comment 'еІ—дҪҚID',
  post_code     varchar(64)     not null                   comment 'еІ—дҪҚзј–з Ғ',
  post_name     varchar(50)     not null                   comment 'еІ—дҪҚеҗҚз§°',
  post_sort     int(4)          not null                   comment 'жҳҫзӨәйЎәеәҸ',
  status        char(1)         not null                   comment 'зҠ¶жҖҒпјҲ0жӯЈеёё 1еҒңз”Ёпјү',
  create_by     varchar(64)     default ''                 comment 'еҲӣе»әиҖ…',
  create_time   datetime                                   comment 'еҲӣе»әж—¶й—ҙ',
  update_by     varchar(64)     default ''			       comment 'жӣҙж–°иҖ…',
  update_time   datetime                                   comment 'жӣҙж–°ж—¶й—ҙ',
  remark        varchar(500)    default null               comment 'еӨҮжіЁ',
  primary key (post_id)
) engine=innodb comment = 'еІ—дҪҚдҝЎжҒҜиЎЁ';

-- ----------------------------
-- еҲқе§ӢеҢ–-еІ—дҪҚдҝЎжҒҜиЎЁж•°жҚ®
-- ----------------------------
insert into sys_post values(1, 'ceo',  'и‘ЈдәӢй•ҝ',    1, '0', 'admin', sysdate(), '', null, '');
insert into sys_post values(2, 'se',   'йЎ№зӣ®з»ҸзҗҶ',  2, '0', 'admin', sysdate(), '', null, '');
insert into sys_post values(3, 'hr',   'дәәеҠӣиө„жәҗ',  3, '0', 'admin', sysdate(), '', null, '');
insert into sys_post values(4, 'user', 'жҷ®йҖҡе‘ҳе·Ҙ',  4, '0', 'admin', sysdate(), '', null, '');


-- ----------------------------
-- 4гҖҒи§’иүІдҝЎжҒҜиЎЁ
-- ----------------------------
drop table if exists sys_role;
create table sys_role (
  role_id              bigint(20)      not null auto_increment    comment 'и§’иүІID',
  role_name            varchar(30)     not null                   comment 'и§’иүІеҗҚз§°',
  role_key             varchar(100)    not null                   comment 'и§’иүІжқғйҷҗеӯ—з¬ҰдёІ',
  role_sort            int(4)          not null                   comment 'жҳҫзӨәйЎәеәҸ',
  data_scope           char(1)         default '1'                comment 'ж•°жҚ®иҢғеӣҙпјҲ1пјҡе…ЁйғЁж•°жҚ®жқғйҷҗ 2пјҡиҮӘе®ҡж•°жҚ®жқғйҷҗ 3пјҡжң¬йғЁй—Ёж•°жҚ®жқғйҷҗ 4пјҡжң¬йғЁй—ЁеҸҠд»ҘдёӢж•°жҚ®жқғйҷҗпјү',
  menu_check_strictly  tinyint(1)      default 1                  comment 'иҸңеҚ•ж ‘йҖүжӢ©йЎ№жҳҜеҗҰе…іиҒ”жҳҫзӨә',
  dept_check_strictly  tinyint(1)      default 1                  comment 'йғЁй—Ёж ‘йҖүжӢ©йЎ№жҳҜеҗҰе…іиҒ”жҳҫзӨә',
  status               char(1)         not null                   comment 'и§’иүІзҠ¶жҖҒпјҲ0жӯЈеёё 1еҒңз”Ёпјү',
  del_flag             char(1)         default '0'                comment 'еҲ йҷӨж Үеҝ—пјҲ0д»ЈиЎЁеӯҳеңЁ 2д»ЈиЎЁеҲ йҷӨпјү',
  create_by            varchar(64)     default ''                 comment 'еҲӣе»әиҖ…',
  create_time          datetime                                   comment 'еҲӣе»әж—¶й—ҙ',
  update_by            varchar(64)     default ''                 comment 'жӣҙж–°иҖ…',
  update_time          datetime                                   comment 'жӣҙж–°ж—¶й—ҙ',
  remark               varchar(500)    default null               comment 'еӨҮжіЁ',
  primary key (role_id)
) engine=innodb auto_increment=100 comment = 'и§’иүІдҝЎжҒҜиЎЁ';

-- ----------------------------
-- еҲқе§ӢеҢ–-и§’иүІдҝЎжҒҜиЎЁж•°жҚ®
-- ----------------------------
insert into sys_role values('1', 'и¶…зә§з®ЎзҗҶе‘ҳ',  'admin',  1, 1, 1, 1, '0', '0', 'admin', sysdate(), '', null, 'и¶…зә§з®ЎзҗҶе‘ҳ');
insert into sys_role values('2', 'жҷ®йҖҡи§’иүІ',    'common', 2, 2, 1, 1, '0', '0', 'admin', sysdate(), '', null, 'жҷ®йҖҡи§’иүІ');
insert into sys_role values('3', 'ж•°жҚ®з®ЎзҗҶе‘ҳ',  'data_admin', 3, 1, 1, 1, '0', '0', 'admin', sysdate(), '', null, 'ж•°жҚ®з®ЎзҗҶжЁЎеқ—з®ЎзҗҶе‘ҳ:ж•°жҚ®жәҗ/жЁЎеһӢ/жҹҘиҜў/жҺҘеҸЈ/йӣҶжҲҗ/д»ӨзүҢ');


-- ----------------------------
-- 5гҖҒиҸңеҚ•жқғйҷҗиЎЁ
-- ----------------------------
drop table if exists sys_menu;
create table sys_menu (
  menu_id           bigint(20)      not null auto_increment    comment 'иҸңеҚ•ID',
  menu_name         varchar(50)     not null                   comment 'иҸңеҚ•еҗҚз§°',
  parent_id         bigint(20)      default 0                  comment 'зҲ¶иҸңеҚ•ID',
  order_num         int(4)          default 0                  comment 'жҳҫзӨәйЎәеәҸ',
  path              varchar(200)    default ''                 comment 'и·Ҝз”ұең°еқҖ',
  component         varchar(255)    default null               comment 'з»„д»¶и·Ҝеҫ„',
  query             varchar(255)    default null               comment 'и·Ҝз”ұеҸӮж•°',
  route_name        varchar(50)     default ''                 comment 'и·Ҝз”ұеҗҚз§°',
  is_frame          int(1)          default 1                  comment 'жҳҜеҗҰдёәеӨ–й“ҫпјҲ0жҳҜ 1еҗҰпјү',
  is_cache          int(1)          default 0                  comment 'жҳҜеҗҰзј“еӯҳпјҲ0зј“еӯҳ 1дёҚзј“еӯҳпјү',
  menu_type         char(1)         default ''                 comment 'иҸңеҚ•зұ»еһӢпјҲMзӣ®еҪ• CиҸңеҚ• FжҢүй’®пјү',
  visible           char(1)         default 0                  comment 'иҸңеҚ•зҠ¶жҖҒпјҲ0жҳҫзӨә 1йҡҗи—Ҹпјү',
  status            char(1)         default 0                  comment 'иҸңеҚ•зҠ¶жҖҒпјҲ0жӯЈеёё 1еҒңз”Ёпјү',
  perms             varchar(100)    default null               comment 'жқғйҷҗж ҮиҜҶ',
  icon              varchar(100)    default '#'                comment 'иҸңеҚ•еӣҫж Ү',
  create_by         varchar(64)     default ''                 comment 'еҲӣе»әиҖ…',
  create_time       datetime                                   comment 'еҲӣе»әж—¶й—ҙ',
  update_by         varchar(64)     default ''                 comment 'жӣҙж–°иҖ…',
  update_time       datetime                                   comment 'жӣҙж–°ж—¶й—ҙ',
  remark            varchar(500)    default ''                 comment 'еӨҮжіЁ',
  primary key (menu_id)
) engine=innodb auto_increment=2000 comment = 'иҸңеҚ•жқғйҷҗиЎЁ';

-- ----------------------------
-- еҲқе§ӢеҢ–-иҸңеҚ•дҝЎжҒҜиЎЁж•°жҚ®
-- ----------------------------
-- дёҖзә§иҸңеҚ•
insert into sys_menu values('1',  'зі»з»ҹз®ЎзҗҶ', '0', '4',  'system',           null, '', '', 1, 0, 'M', '0', '0', '', 'system',   'admin', sysdate(), '', null, 'зі»з»ҹз®ЎзҗҶзӣ®еҪ•');
insert into sys_menu values('2',  'зі»з»ҹзӣ‘жҺ§', '0', '5',  'monitor',          null, '', '', 1, 0, 'M', '0', '0', '', 'monitor',  'admin', sysdate(), '', null, 'зі»з»ҹзӣ‘жҺ§зӣ®еҪ•');
insert into sys_menu values('3',  'зі»з»ҹе·Ҙе…·', '0', '6',  'tool',             null, '', '', 1, 0, 'M', '0', '0', '', 'tool',     'admin', sysdate(), '', null, 'зі»з»ҹе·Ҙе…·зӣ®еҪ•');
insert into sys_menu values('4',  'AI з®ЎзҗҶ', '0', '1',  'ai',               null, '', '', 1, 0, 'M', '0', '0', '', 'ai-manage', 'admin', sysdate(), '', null, 'AI з®ЎзҗҶзӣ®еҪ•');
-- дәҢзә§иҸңеҚ•
insert into sys_menu values('100',  'з”ЁжҲ·з®ЎзҗҶ', '1',   '1', 'user',                'system/user/index',                 '', '', 1, 0, 'C', '0', '0', 'system:user:list',                 'user',          'admin', sysdate(), '', null, 'з”ЁжҲ·з®ЎзҗҶиҸңеҚ•');
insert into sys_menu values('101',  'и§’иүІз®ЎзҗҶ', '1',   '2', 'role',                'system/role/index',                 '', '', 1, 0, 'C', '0', '0', 'system:role:list',                 'peoples',       'admin', sysdate(), '', null, 'и§’иүІз®ЎзҗҶиҸңеҚ•');
insert into sys_menu values('102',  'иҸңеҚ•з®ЎзҗҶ', '1',   '3', 'menu',                'system/menu/index',                 '', '', 1, 0, 'C', '0', '0', 'system:menu:list',                 'tree-table',    'admin', sysdate(), '', null, 'иҸңеҚ•з®ЎзҗҶиҸңеҚ•');
insert into sys_menu values('103',  'йғЁй—Ёз®ЎзҗҶ', '1',   '4', 'dept',                'system/dept/index',                 '', '', 1, 0, 'C', '0', '0', 'system:dept:list',                 'tree',          'admin', sysdate(), '', null, 'йғЁй—Ёз®ЎзҗҶиҸңеҚ•');
insert into sys_menu values('104',  'еІ—дҪҚз®ЎзҗҶ', '1',   '5', 'post',                'system/post/index',                 '', '', 1, 0, 'C', '0', '0', 'system:post:list',                 'post',          'admin', sysdate(), '', null, 'еІ—дҪҚз®ЎзҗҶиҸңеҚ•');
insert into sys_menu values('105',  'еӯ—е…ёз®ЎзҗҶ', '1',   '6', 'dict',                'system/dict/index',                 '', '', 1, 0, 'C', '0', '0', 'system:dict:list',                 'dict',          'admin', sysdate(), '', null, 'еӯ—е…ёз®ЎзҗҶиҸңеҚ•');
insert into sys_menu values('106',  'еҸӮж•°и®ҫзҪ®', '1',   '7', 'config',              'system/config/index',               '', '', 1, 0, 'C', '0', '0', 'system:config:list',               'edit',          'admin', sysdate(), '', null, 'еҸӮж•°и®ҫзҪ®иҸңеҚ•');
insert into sys_menu values('107',  'йҖҡзҹҘе…¬е‘Ҡ', '1',   '8', 'notice',              'system/notice/index',               '', '', 1, 0, 'C', '0', '0', 'system:notice:list',               'message',       'admin', sysdate(), '', null, 'йҖҡзҹҘе…¬е‘ҠиҸңеҚ•');
insert into sys_menu values('108',  'ж—Ҙеҝ—з®ЎзҗҶ', '1',   '9', 'log',                 '',                                  '', '', 1, 0, 'M', '0', '0', '',                                 'log',           'admin', sysdate(), '', null, 'ж—Ҙеҝ—з®ЎзҗҶиҸңеҚ•');
insert into sys_menu values('109',  'еңЁзәҝз”ЁжҲ·', '2',   '1', 'online',              'monitor/online/index',              '', '', 1, 0, 'C', '0', '0', 'monitor:online:list',              'online',        'admin', sysdate(), '', null, 'еңЁзәҝз”ЁжҲ·иҸңеҚ•');
insert into sys_menu values('110',  'е®ҡж—¶д»»еҠЎ', '2',   '2', 'job',                 'monitor/job/index',                 '', '', 1, 0, 'C', '0', '0', 'monitor:job:list',                 'job',           'admin', sysdate(), '', null, 'е®ҡж—¶д»»еҠЎиҸңеҚ•');
insert into sys_menu values('111',  'ж•°жҚ®зӣ‘жҺ§', '2',   '3', 'druid',               'monitor/druid/index',               '', '', 1, 0, 'C', '0', '0', 'monitor:druid:list',               'druid',         'admin', sysdate(), '', null, 'ж•°жҚ®зӣ‘жҺ§иҸңеҚ•');
insert into sys_menu values('112',  'жңҚеҠЎзӣ‘жҺ§', '2',   '4', 'server',              'monitor/server/index',              '', '', 1, 0, 'C', '0', '0', 'monitor:server:list',              'server',        'admin', sysdate(), '', null, 'жңҚеҠЎзӣ‘жҺ§иҸңеҚ•');
insert into sys_menu values('113',  'зј“еӯҳзӣ‘жҺ§', '2',   '5', 'cache',               'monitor/cache/index',               '', '', 1, 0, 'C', '0', '0', 'monitor:cache:list',               'redis',         'admin', sysdate(), '', null, 'зј“еӯҳзӣ‘жҺ§иҸңеҚ•');
insert into sys_menu values('114',  'зј“еӯҳеҲ—иЎЁ', '2',   '6', 'cacheList',           'monitor/cache/list',                '', '', 1, 0, 'C', '0', '0', 'monitor:cache:list',               'redis-list',    'admin', sysdate(), '', null, 'зј“еӯҳеҲ—иЎЁиҸңеҚ•');
insert into sys_menu values('120',  'дј иҫ“еҠ еҜҶ', '2',   '7', 'transportCrypto',     'monitor/transportCrypto/index',     '', '', 1, 0, 'C', '0', '0', 'monitor:transportCrypto:list',     'chart',         'admin', sysdate(), '', null, 'дј иҫ“еҠ еҜҶзӣ‘жҺ§иҸңеҚ•');
insert into sys_menu values('115',  'иЎЁеҚ•жһ„е»ә', '3',   '1', 'build',               'tool/build/index',                  '', '', 1, 0, 'C', '0', '0', 'tool:build:list',                  'build',         'admin', sysdate(), '', null, 'иЎЁеҚ•жһ„е»әиҸңеҚ•');
insert into sys_menu values('116',  'д»Јз Ғз”ҹжҲҗ', '3',   '2', 'gen',                 'tool/gen/index',                    '', '', 1, 0, 'C', '0', '0', 'tool:gen:list',                    'code',          'admin', sysdate(), '', null, 'д»Јз Ғз”ҹжҲҗиҸңеҚ•');
insert into sys_menu values('117',  'зі»з»ҹжҺҘеҸЈ', '3',   '3', 'swagger',             'tool/swagger/index',                '', '', 1, 0, 'C', '0', '0', 'tool:swagger:list',                'swagger',       'admin', sysdate(), '', null, 'зі»з»ҹжҺҘеҸЈиҸңеҚ•');
insert into sys_menu values('119',  'AI еҜ№иҜқ', '4',   '1', 'chat',                'ai/chat/index',                     '', '', 1, 0, 'C', '0', '0', 'ai:chat:list',                     'ai-chat',       'admin', sysdate(), '', null, 'AI еҜ№иҜқиҸңеҚ•');
insert into sys_menu values('118',  'жЁЎеһӢз®ЎзҗҶ', '4',   '3', 'model',               'ai/model/index',                    '', '', 1, 0, 'C', '0', '0', 'ai:model:list',                    'ai-model',      'admin', sysdate(), '', null, 'жЁЎеһӢз®ЎзҗҶиҸңеҚ•');
insert into sys_menu values('121',  'е·Ҙе…·з®ЎзҗҶ', '4',   '4', 'tool',                'ai/tool/index',                     '', 'AiTool', 1, 0, 'C', '0', '0', 'ai:tool:list',                     'tool',          'admin', sysdate(), '', null, 'е·Ҙе…·з®ЎзҗҶиҸңеҚ•');
insert into sys_menu values('2413', 'жҠҖиғҪз®ЎзҗҶ', '4',   '5', 'skill',               'ai/skill/index',                    '', 'AiSkill', 1, 0, 'C', '0', '0', 'ai:skill:list',                    'skill',   'admin', sysdate(), '', null, 'AIжҠҖиғҪз®ЎзҗҶ(Agent Skills)иҸңеҚ•');
-- дёүзә§иҸңеҚ•
insert into sys_menu values('500',  'ж“ҚдҪңж—Ҙеҝ—', '108', '1', 'operlog',    'monitor/operlog/index',    '', '', 1, 0, 'C', '0', '0', 'monitor:operlog:list',    'form',          'admin', sysdate(), '', null, 'ж“ҚдҪңж—Ҙеҝ—иҸңеҚ•');
insert into sys_menu values('501',  'зҷ»еҪ•ж—Ҙеҝ—', '108', '2', 'logininfor', 'monitor/logininfor/index', '', '', 1, 0, 'C', '0', '0', 'monitor:logininfor:list', 'logininfor',    'admin', sysdate(), '', null, 'зҷ»еҪ•ж—Ҙеҝ—иҸңеҚ•');
-- з”ЁжҲ·з®ЎзҗҶжҢүй’®
insert into sys_menu values('1000', 'з”ЁжҲ·жҹҘиҜў', '100', '1',  '', '', '', '', 1, 0, 'F', '0', '0', 'system:user:query',          '#', 'admin', sysdate(), '', null, '');
insert into sys_menu values('1001', 'з”ЁжҲ·ж–°еўһ', '100', '2',  '', '', '', '', 1, 0, 'F', '0', '0', 'system:user:add',            '#', 'admin', sysdate(), '', null, '');
insert into sys_menu values('1002', 'з”ЁжҲ·дҝ®ж”№', '100', '3',  '', '', '', '', 1, 0, 'F', '0', '0', 'system:user:edit',           '#', 'admin', sysdate(), '', null, '');
insert into sys_menu values('1003', 'з”ЁжҲ·еҲ йҷӨ', '100', '4',  '', '', '', '', 1, 0, 'F', '0', '0', 'system:user:remove',         '#', 'admin', sysdate(), '', null, '');
insert into sys_menu values('1004', 'з”ЁжҲ·еҜјеҮә', '100', '5',  '', '', '', '', 1, 0, 'F', '0', '0', 'system:user:export',         '#', 'admin', sysdate(), '', null, '');
insert into sys_menu values('1005', 'з”ЁжҲ·еҜје…Ҙ', '100', '6',  '', '', '', '', 1, 0, 'F', '0', '0', 'system:user:import',         '#', 'admin', sysdate(), '', null, '');
insert into sys_menu values('1006', 'йҮҚзҪ®еҜҶз Ғ', '100', '7',  '', '', '', '', 1, 0, 'F', '0', '0', 'system:user:resetPwd',       '#', 'admin', sysdate(), '', null, '');
-- и§’иүІз®ЎзҗҶжҢүй’®
insert into sys_menu values('1007', 'и§’иүІжҹҘиҜў', '101', '1',  '', '', '', '', 1, 0, 'F', '0', '0', 'system:role:query',          '#', 'admin', sysdate(), '', null, '');
insert into sys_menu values('1008', 'и§’иүІж–°еўһ', '101', '2',  '', '', '', '', 1, 0, 'F', '0', '0', 'system:role:add',            '#', 'admin', sysdate(), '', null, '');
insert into sys_menu values('1009', 'и§’иүІдҝ®ж”№', '101', '3',  '', '', '', '', 1, 0, 'F', '0', '0', 'system:role:edit',           '#', 'admin', sysdate(), '', null, '');
insert into sys_menu values('1010', 'и§’иүІеҲ йҷӨ', '101', '4',  '', '', '', '', 1, 0, 'F', '0', '0', 'system:role:remove',         '#', 'admin', sysdate(), '', null, '');
insert into sys_menu values('1011', 'и§’иүІеҜјеҮә', '101', '5',  '', '', '', '', 1, 0, 'F', '0', '0', 'system:role:export',         '#', 'admin', sysdate(), '', null, '');
-- иҸңеҚ•з®ЎзҗҶжҢүй’®
insert into sys_menu values('1012', 'иҸңеҚ•жҹҘиҜў', '102', '1',  '', '', '', '', 1, 0, 'F', '0', '0', 'system:menu:query',          '#', 'admin', sysdate(), '', null, '');
insert into sys_menu values('1013', 'иҸңеҚ•ж–°еўһ', '102', '2',  '', '', '', '', 1, 0, 'F', '0', '0', 'system:menu:add',            '#', 'admin', sysdate(), '', null, '');
insert into sys_menu values('1014', 'иҸңеҚ•дҝ®ж”№', '102', '3',  '', '', '', '', 1, 0, 'F', '0', '0', 'system:menu:edit',           '#', 'admin', sysdate(), '', null, '');
insert into sys_menu values('1015', 'иҸңеҚ•еҲ йҷӨ', '102', '4',  '', '', '', '', 1, 0, 'F', '0', '0', 'system:menu:remove',         '#', 'admin', sysdate(), '', null, '');
-- йғЁй—Ёз®ЎзҗҶжҢүй’®
insert into sys_menu values('1016', 'йғЁй—ЁжҹҘиҜў', '103', '1',  '', '', '', '', 1, 0, 'F', '0', '0', 'system:dept:query',          '#', 'admin', sysdate(), '', null, '');
insert into sys_menu values('1017', 'йғЁй—Ёж–°еўһ', '103', '2',  '', '', '', '', 1, 0, 'F', '0', '0', 'system:dept:add',            '#', 'admin', sysdate(), '', null, '');
insert into sys_menu values('1018', 'йғЁй—Ёдҝ®ж”№', '103', '3',  '', '', '', '', 1, 0, 'F', '0', '0', 'system:dept:edit',           '#', 'admin', sysdate(), '', null, '');
insert into sys_menu values('1019', 'йғЁй—ЁеҲ йҷӨ', '103', '4',  '', '', '', '', 1, 0, 'F', '0', '0', 'system:dept:remove',         '#', 'admin', sysdate(), '', null, '');
-- еІ—дҪҚз®ЎзҗҶжҢүй’®
insert into sys_menu values('1020', 'еІ—дҪҚжҹҘиҜў', '104', '1',  '', '', '', '', 1, 0, 'F', '0', '0', 'system:post:query',          '#', 'admin', sysdate(), '', null, '');
insert into sys_menu values('1021', 'еІ—дҪҚж–°еўһ', '104', '2',  '', '', '', '', 1, 0, 'F', '0', '0', 'system:post:add',            '#', 'admin', sysdate(), '', null, '');
insert into sys_menu values('1022', 'еІ—дҪҚдҝ®ж”№', '104', '3',  '', '', '', '', 1, 0, 'F', '0', '0', 'system:post:edit',           '#', 'admin', sysdate(), '', null, '');
insert into sys_menu values('1023', 'еІ—дҪҚеҲ йҷӨ', '104', '4',  '', '', '', '', 1, 0, 'F', '0', '0', 'system:post:remove',         '#', 'admin', sysdate(), '', null, '');
insert into sys_menu values('1024', 'еІ—дҪҚеҜјеҮә', '104', '5',  '', '', '', '', 1, 0, 'F', '0', '0', 'system:post:export',         '#', 'admin', sysdate(), '', null, '');
-- еӯ—е…ёз®ЎзҗҶжҢүй’®
insert into sys_menu values('1025', 'еӯ—е…ёжҹҘиҜў', '105', '1', '#', '', '', '', 1, 0, 'F', '0', '0', 'system:dict:query',          '#', 'admin', sysdate(), '', null, '');
insert into sys_menu values('1026', 'еӯ—е…ёж–°еўһ', '105', '2', '#', '', '', '', 1, 0, 'F', '0', '0', 'system:dict:add',            '#', 'admin', sysdate(), '', null, '');
insert into sys_menu values('1027', 'еӯ—е…ёдҝ®ж”№', '105', '3', '#', '', '', '', 1, 0, 'F', '0', '0', 'system:dict:edit',           '#', 'admin', sysdate(), '', null, '');
insert into sys_menu values('1028', 'еӯ—е…ёеҲ йҷӨ', '105', '4', '#', '', '', '', 1, 0, 'F', '0', '0', 'system:dict:remove',         '#', 'admin', sysdate(), '', null, '');
insert into sys_menu values('1029', 'еӯ—е…ёеҜјеҮә', '105', '5', '#', '', '', '', 1, 0, 'F', '0', '0', 'system:dict:export',         '#', 'admin', sysdate(), '', null, '');
-- еҸӮж•°и®ҫзҪ®жҢүй’®
insert into sys_menu values('1030', 'еҸӮж•°жҹҘиҜў', '106', '1', '#', '', '', '', 1, 0, 'F', '0', '0', 'system:config:query',        '#', 'admin', sysdate(), '', null, '');
insert into sys_menu values('1031', 'еҸӮж•°ж–°еўһ', '106', '2', '#', '', '', '', 1, 0, 'F', '0', '0', 'system:config:add',          '#', 'admin', sysdate(), '', null, '');
insert into sys_menu values('1032', 'еҸӮж•°дҝ®ж”№', '106', '3', '#', '', '', '', 1, 0, 'F', '0', '0', 'system:config:edit',         '#', 'admin', sysdate(), '', null, '');
insert into sys_menu values('1033', 'еҸӮж•°еҲ йҷӨ', '106', '4', '#', '', '', '', 1, 0, 'F', '0', '0', 'system:config:remove',       '#', 'admin', sysdate(), '', null, '');
insert into sys_menu values('1034', 'еҸӮж•°еҜјеҮә', '106', '5', '#', '', '', '', 1, 0, 'F', '0', '0', 'system:config:export',       '#', 'admin', sysdate(), '', null, '');
-- йҖҡзҹҘе…¬е‘ҠжҢүй’®
insert into sys_menu values('1035', 'е…¬е‘ҠжҹҘиҜў', '107', '1', '#', '', '', '', 1, 0, 'F', '0', '0', 'system:notice:query',        '#', 'admin', sysdate(), '', null, '');
insert into sys_menu values('1036', 'е…¬е‘Ҡж–°еўһ', '107', '2', '#', '', '', '', 1, 0, 'F', '0', '0', 'system:notice:add',          '#', 'admin', sysdate(), '', null, '');
insert into sys_menu values('1037', 'е…¬е‘Ҡдҝ®ж”№', '107', '3', '#', '', '', '', 1, 0, 'F', '0', '0', 'system:notice:edit',         '#', 'admin', sysdate(), '', null, '');
insert into sys_menu values('1038', 'е…¬е‘ҠеҲ йҷӨ', '107', '4', '#', '', '', '', 1, 0, 'F', '0', '0', 'system:notice:remove',       '#', 'admin', sysdate(), '', null, '');
-- ж“ҚдҪңж—Ҙеҝ—жҢүй’®
insert into sys_menu values('1039', 'ж“ҚдҪңжҹҘиҜў', '500', '1', '#', '', '', '', 1, 0, 'F', '0', '0', 'monitor:operlog:query',      '#', 'admin', sysdate(), '', null, '');
insert into sys_menu values('1040', 'ж“ҚдҪңеҲ йҷӨ', '500', '2', '#', '', '', '', 1, 0, 'F', '0', '0', 'monitor:operlog:remove',     '#', 'admin', sysdate(), '', null, '');
insert into sys_menu values('1041', 'ж—Ҙеҝ—еҜјеҮә', '500', '3', '#', '', '', '', 1, 0, 'F', '0', '0', 'monitor:operlog:export',     '#', 'admin', sysdate(), '', null, '');
-- зҷ»еҪ•ж—Ҙеҝ—жҢүй’®
insert into sys_menu values('1042', 'зҷ»еҪ•жҹҘиҜў', '501', '1', '#', '', '', '', 1, 0, 'F', '0', '0', 'monitor:logininfor:query',   '#', 'admin', sysdate(), '', null, '');
insert into sys_menu values('1043', 'зҷ»еҪ•еҲ йҷӨ', '501', '2', '#', '', '', '', 1, 0, 'F', '0', '0', 'monitor:logininfor:remove',  '#', 'admin', sysdate(), '', null, '');
insert into sys_menu values('1044', 'ж—Ҙеҝ—еҜјеҮә', '501', '3', '#', '', '', '', 1, 0, 'F', '0', '0', 'monitor:logininfor:export',  '#', 'admin', sysdate(), '', null, '');
insert into sys_menu values('1045', 'иҙҰжҲ·и§Јй”Ғ', '501', '4', '#', '', '', '', 1, 0, 'F', '0', '0', 'monitor:logininfor:unlock',  '#', 'admin', sysdate(), '', null, '');
-- еңЁзәҝз”ЁжҲ·жҢүй’®
insert into sys_menu values('1046', 'еңЁзәҝжҹҘиҜў', '109', '1', '#', '', '', '', 1, 0, 'F', '0', '0', 'monitor:online:query',       '#', 'admin', sysdate(), '', null, '');
insert into sys_menu values('1047', 'жү№йҮҸејәйҖҖ', '109', '2', '#', '', '', '', 1, 0, 'F', '0', '0', 'monitor:online:batchLogout', '#', 'admin', sysdate(), '', null, '');
insert into sys_menu values('1048', 'еҚ•жқЎејәйҖҖ', '109', '3', '#', '', '', '', 1, 0, 'F', '0', '0', 'monitor:online:forceLogout', '#', 'admin', sysdate(), '', null, '');
-- е®ҡж—¶д»»еҠЎжҢүй’®
insert into sys_menu values('1049', 'д»»еҠЎжҹҘиҜў', '110', '1', '#', '', '', '', 1, 0, 'F', '0', '0', 'monitor:job:query',          '#', 'admin', sysdate(), '', null, '');
insert into sys_menu values('1050', 'д»»еҠЎж–°еўһ', '110', '2', '#', '', '', '', 1, 0, 'F', '0', '0', 'monitor:job:add',            '#', 'admin', sysdate(), '', null, '');
insert into sys_menu values('1051', 'д»»еҠЎдҝ®ж”№', '110', '3', '#', '', '', '', 1, 0, 'F', '0', '0', 'monitor:job:edit',           '#', 'admin', sysdate(), '', null, '');
insert into sys_menu values('1052', 'д»»еҠЎеҲ йҷӨ', '110', '4', '#', '', '', '', 1, 0, 'F', '0', '0', 'monitor:job:remove',         '#', 'admin', sysdate(), '', null, '');
insert into sys_menu values('1053', 'зҠ¶жҖҒдҝ®ж”№', '110', '5', '#', '', '', '', 1, 0, 'F', '0', '0', 'monitor:job:changeStatus',   '#', 'admin', sysdate(), '', null, '');
insert into sys_menu values('1054', 'д»»еҠЎеҜјеҮә', '110', '6', '#', '', '', '', 1, 0, 'F', '0', '0', 'monitor:job:export',         '#', 'admin', sysdate(), '', null, '');
-- д»Јз Ғз”ҹжҲҗжҢүй’®
insert into sys_menu values('1055', 'з”ҹжҲҗжҹҘиҜў', '116', '1', '#', '', '', '', 1, 0, 'F', '0', '0', 'tool:gen:query',             '#', 'admin', sysdate(), '', null, '');
insert into sys_menu values('1056', 'з”ҹжҲҗдҝ®ж”№', '116', '2', '#', '', '', '', 1, 0, 'F', '0', '0', 'tool:gen:edit',              '#', 'admin', sysdate(), '', null, '');
insert into sys_menu values('1057', 'з”ҹжҲҗеҲ йҷӨ', '116', '3', '#', '', '', '', 1, 0, 'F', '0', '0', 'tool:gen:remove',            '#', 'admin', sysdate(), '', null, '');
insert into sys_menu values('1058', 'еҜје…Ҙд»Јз Ғ', '116', '4', '#', '', '', '', 1, 0, 'F', '0', '0', 'tool:gen:import',            '#', 'admin', sysdate(), '', null, '');
insert into sys_menu values('1059', 'йў„и§Ҳд»Јз Ғ', '116', '5', '#', '', '', '', 1, 0, 'F', '0', '0', 'tool:gen:preview',           '#', 'admin', sysdate(), '', null, '');
insert into sys_menu values('1060', 'з”ҹжҲҗд»Јз Ғ', '116', '6', '#', '', '', '', 1, 0, 'F', '0', '0', 'tool:gen:code',              '#', 'admin', sysdate(), '', null, '');
-- жЁЎеһӢз®ЎзҗҶжҢүй’®
insert into sys_menu values('1061', 'жЁЎеһӢжҹҘиҜў', '118', '1', '#', '', '', '', 1, 0, 'F', '0', '0', 'ai:model:query',             '#', 'admin', sysdate(), '', null, '');
insert into sys_menu values('1062', 'жЁЎеһӢж–°еўһ', '118', '2', '#', '', '', '', 1, 0, 'F', '0', '0', 'ai:model:add',               '#', 'admin', sysdate(), '', null, '');
insert into sys_menu values('1063', 'жЁЎеһӢдҝ®ж”№', '118', '3', '#', '', '', '', 1, 0, 'F', '0', '0', 'ai:model:edit',              '#', 'admin', sysdate(), '', null, '');
insert into sys_menu values('1064', 'жЁЎеһӢеҲ йҷӨ', '118', '4', '#', '', '', '', 1, 0, 'F', '0', '0', 'ai:model:remove',            '#', 'admin', sysdate(), '', null, '');
insert into sys_menu values('1065', 'е·Ҙе…·жҹҘиҜў', '121', '1', '#', '', '', '', 1, 0, 'F', '0', '0', 'ai:tool:query',              '#', 'admin', sysdate(), '', null, '');
insert into sys_menu values('1066', 'е·Ҙе…·ж–°еўһ', '121', '2', '#', '', '', '', 1, 0, 'F', '0', '0', 'ai:tool:add',                '#', 'admin', sysdate(), '', null, '');
insert into sys_menu values('1067', 'е·Ҙе…·дҝ®ж”№', '121', '3', '#', '', '', '', 1, 0, 'F', '0', '0', 'ai:tool:edit',               '#', 'admin', sysdate(), '', null, '');
insert into sys_menu values('1068', 'е·Ҙе…·еҲ йҷӨ', '121', '4', '#', '', '', '', 1, 0, 'F', '0', '0', 'ai:tool:remove',             '#', 'admin', sysdate(), '', null, '');
insert into sys_menu values('2414', 'жҠҖиғҪжҹҘиҜў', '2413', '1', '#', '', '', '', 1, 0, 'F', '0', '0', 'ai:skill:query',            '#', 'admin', sysdate(), '', null, '');
insert into sys_menu values('2415', 'жҠҖиғҪж–°еўһ', '2413', '2', '#', '', '', '', 1, 0, 'F', '0', '0', 'ai:skill:add',              '#', 'admin', sysdate(), '', null, '');
insert into sys_menu values('2416', 'жҠҖиғҪдҝ®ж”№', '2413', '3', '#', '', '', '', 1, 0, 'F', '0', '0', 'ai:skill:edit',             '#', 'admin', sysdate(), '', null, '');
insert into sys_menu values('2417', 'жҠҖиғҪеҲ йҷӨ', '2413', '4', '#', '', '', '', 1, 0, 'F', '0', '0', 'ai:skill:remove',           '#', 'admin', sysdate(), '', null, '');
insert into sys_menu values('122',  'еә”з”Ёз®ЎзҗҶ', '4',   '2', 'app',                 'ai/app/index',                      '', 'AiApp', 1, 0, 'C', '0', '0', 'ai:app:list',                      'component',     'admin', sysdate(), '', null, 'AIеә”з”Ёз®ЎзҗҶиҸңеҚ•');
insert into sys_menu values('123',  'з”ЁйҮҸз»ҹи®Ў', '4',   '5', 'metrics',             'ai/metrics/index',                  '', 'AiMetrics', 1, 0, 'C', '0', '0', 'ai:metrics:list',              'chart',         'admin', sysdate(), '', null, 'AIз”ЁйҮҸеҸҜи§ӮжөӢиҸңеҚ•');
insert into sys_menu values('1069', 'еә”з”ЁжҹҘиҜў', '122', '1', '#', '', '', '', 1, 0, 'F', '0', '0', 'ai:app:query',               '#', 'admin', sysdate(), '', null, '');
insert into sys_menu values('1070', 'еә”з”Ёж–°еўһ', '122', '2', '#', '', '', '', 1, 0, 'F', '0', '0', 'ai:app:add',                 '#', 'admin', sysdate(), '', null, '');
insert into sys_menu values('1071', 'еә”з”Ёдҝ®ж”№', '122', '3', '#', '', '', '', 1, 0, 'F', '0', '0', 'ai:app:edit',                '#', 'admin', sysdate(), '', null, '');
insert into sys_menu values('1072', 'еә”з”ЁеҲ йҷӨ', '122', '4', '#', '', '', '', 1, 0, 'F', '0', '0', 'ai:app:remove',              '#', 'admin', sysdate(), '', null, '');


-- ----------------------------
-- 6гҖҒз”ЁжҲ·е’Ңи§’иүІе…іиҒ”иЎЁ  з”ЁжҲ·N-1и§’иүІ
-- ----------------------------
drop table if exists sys_user_role;
create table sys_user_role (
  user_id   bigint(20) not null comment 'з”ЁжҲ·ID',
  role_id   bigint(20) not null comment 'и§’иүІID',
  primary key(user_id, role_id)
) engine=innodb comment = 'з”ЁжҲ·е’Ңи§’иүІе…іиҒ”иЎЁ';

-- ----------------------------
-- еҲқе§ӢеҢ–-з”ЁжҲ·е’Ңи§’иүІе…іиҒ”иЎЁж•°жҚ®
-- ----------------------------
insert into sys_user_role values ('1', '1');
insert into sys_user_role values ('2', '2');


-- ----------------------------
-- 7гҖҒи§’иүІе’ҢиҸңеҚ•е…іиҒ”иЎЁ  и§’иүІ1-NиҸңеҚ•
-- ----------------------------
drop table if exists sys_role_menu;
create table sys_role_menu (
  role_id   bigint(20) not null comment 'и§’иүІID',
  menu_id   bigint(20) not null comment 'иҸңеҚ•ID',
  primary key(role_id, menu_id)
) engine=innodb comment = 'и§’иүІе’ҢиҸңеҚ•е…іиҒ”иЎЁ';

-- ----------------------------
-- еҲқе§ӢеҢ–-и§’иүІе’ҢиҸңеҚ•е…іиҒ”иЎЁж•°жҚ®
-- ----------------------------
insert into sys_role_menu values ('2', '4');
insert into sys_role_menu values ('2', '119');
insert into sys_role_menu values ('2', '122');
insert into sys_role_menu values ('2', '123');
insert into sys_role_menu values ('2', '1069');
insert into sys_role_menu values ('2', '1070');
insert into sys_role_menu values ('2', '1071');
insert into sys_role_menu values ('2', '1072');
insert into sys_role_menu values ('2', '2100');
insert into sys_role_menu values ('2', '2101');
insert into sys_role_menu values ('2', '2102');
insert into sys_role_menu values ('2', '2103');
insert into sys_role_menu values ('2', '2110');
insert into sys_role_menu values ('2', '2111');
insert into sys_role_menu values ('2', '2112');
insert into sys_role_menu values ('2', '2113');
insert into sys_role_menu values ('2', '2114');
insert into sys_role_menu values ('2', '2115');
insert into sys_role_menu values ('2', '2120');
insert into sys_role_menu values ('2', '2121');
insert into sys_role_menu values ('2', '2122');
insert into sys_role_menu values ('2', '2123');
insert into sys_role_menu values ('2', '2130');
insert into sys_role_menu values ('2', '2131');
insert into sys_role_menu values ('2', '2132');
insert into sys_role_menu values ('2', '2140');
insert into sys_role_menu values ('2', '2141');
insert into sys_role_menu values ('2', '2142');
insert into sys_role_menu values ('2', '2143');
insert into sys_role_menu values ('2', '2200');
insert into sys_role_menu values ('2', '2201');
insert into sys_role_menu values ('2', '2202');
insert into sys_role_menu values ('2', '2210');
insert into sys_role_menu values ('2', '2211');
insert into sys_role_menu values ('2', '2212');
insert into sys_role_menu values ('2', '2213');
insert into sys_role_menu values ('2', '2220');
insert into sys_role_menu values ('2', '2221');
insert into sys_role_menu values ('2', '2222');
insert into sys_role_menu values ('2', '2300');
insert into sys_role_menu values ('2', '2301');
insert into sys_role_menu values ('2', '2310');
insert into sys_role_menu values ('2', '2311');
insert into sys_role_menu values ('2', '2312');
insert into sys_role_menu values ('2', '2313');
insert into sys_role_menu values ('2', '2314');
insert into sys_role_menu values ('2', '2315');
insert into sys_role_menu values ('2', '2316');
insert into sys_role_menu values ('2', '2317');
insert into sys_role_menu values ('2', '2318');
insert into sys_role_menu values ('2', '2319');
insert into sys_role_menu values ('2', '2320');
insert into sys_role_menu values ('2', '2321');
insert into sys_role_menu values ('2', '2322');
insert into sys_role_menu values ('2', '2323');
insert into sys_role_menu values ('2', '2400');
insert into sys_role_menu values ('2', '2401');
insert into sys_role_menu values ('2', '2402');
insert into sys_role_menu values ('2', '2410');
insert into sys_role_menu values ('2', '2411');
insert into sys_role_menu values ('2', '2412');

-- ----------------------------
-- 8гҖҒи§’иүІе’ҢйғЁй—Ёе…іиҒ”иЎЁ  и§’иүІ1-NйғЁй—Ё
-- ----------------------------
drop table if exists sys_role_dept;
create table sys_role_dept (
  role_id   bigint(20) not null comment 'и§’иүІID',
  dept_id   bigint(20) not null comment 'йғЁй—ЁID',
  primary key(role_id, dept_id)
) engine=innodb comment = 'и§’иүІе’ҢйғЁй—Ёе…іиҒ”иЎЁ';

-- ----------------------------
-- еҲқе§ӢеҢ–-и§’иүІе’ҢйғЁй—Ёе…іиҒ”иЎЁж•°жҚ®
-- ----------------------------
insert into sys_role_dept values ('2', '100');
insert into sys_role_dept values ('2', '101');
insert into sys_role_dept values ('2', '105');


-- ----------------------------
-- 9гҖҒз”ЁжҲ·дёҺеІ—дҪҚе…іиҒ”иЎЁ  з”ЁжҲ·1-NеІ—дҪҚ
-- ----------------------------
drop table if exists sys_user_post;
create table sys_user_post
(
  user_id   bigint(20) not null comment 'з”ЁжҲ·ID',
  post_id   bigint(20) not null comment 'еІ—дҪҚID',
  primary key (user_id, post_id)
) engine=innodb comment = 'з”ЁжҲ·дёҺеІ—дҪҚе…іиҒ”иЎЁ';

-- ----------------------------
-- еҲқе§ӢеҢ–-з”ЁжҲ·дёҺеІ—дҪҚе…іиҒ”иЎЁж•°жҚ®
-- ----------------------------
insert into sys_user_post values ('1', '1');
insert into sys_user_post values ('2', '2');


-- ----------------------------
-- 10гҖҒж“ҚдҪңж—Ҙеҝ—и®°еҪ•
-- ----------------------------
drop table if exists sys_oper_log;
create table sys_oper_log (
  oper_id           bigint(20)      not null auto_increment    comment 'ж—Ҙеҝ—дё»й”®',
  title             varchar(50)     default ''                 comment 'жЁЎеқ—ж Үйўҳ',
  business_type     int(2)          default 0                  comment 'дёҡеҠЎзұ»еһӢпјҲ0е…¶е®ғ 1ж–°еўһ 2дҝ®ж”№ 3еҲ йҷӨпјү',
  method            varchar(100)    default ''                 comment 'ж–№жі•еҗҚз§°',
  request_method    varchar(10)     default ''                 comment 'иҜ·жұӮж–№ејҸ',
  operator_type     int(1)          default 0                  comment 'ж“ҚдҪңзұ»еҲ«пјҲ0е…¶е®ғ 1еҗҺеҸ°з”ЁжҲ· 2жүӢжңәз«Ҝз”ЁжҲ·пјү',
  oper_name         varchar(50)     default ''                 comment 'ж“ҚдҪңдәәе‘ҳ',
  dept_name         varchar(50)     default ''                 comment 'йғЁй—ЁеҗҚз§°',
  oper_url          varchar(255)    default ''                 comment 'иҜ·жұӮURL',
  oper_ip           varchar(128)    default ''                 comment 'дё»жңәең°еқҖ',
  oper_location     varchar(255)    default ''                 comment 'ж“ҚдҪңең°зӮ№',
  oper_param        varchar(2000)   default ''                 comment 'иҜ·жұӮеҸӮж•°',
  json_result       varchar(2000)   default ''                 comment 'иҝ”еӣһеҸӮж•°',
  status            int(1)          default 0                  comment 'ж“ҚдҪңзҠ¶жҖҒпјҲ0жӯЈеёё 1ејӮеёёпјү',
  error_msg         varchar(2000)   default ''                 comment 'й”ҷиҜҜж¶ҲжҒҜ',
  oper_time         datetime                                   comment 'ж“ҚдҪңж—¶й—ҙ',
  cost_time         bigint(20)      default 0                  comment 'ж¶ҲиҖ—ж—¶й—ҙ',
  primary key (oper_id),
  key idx_sys_oper_log_bt (business_type),
  key idx_sys_oper_log_s  (status),
  key idx_sys_oper_log_ot (oper_time)
) engine=innodb auto_increment=100 comment = 'ж“ҚдҪңж—Ҙеҝ—и®°еҪ•';


-- ----------------------------
-- 11гҖҒеӯ—е…ёзұ»еһӢиЎЁ
-- ----------------------------
drop table if exists sys_dict_type;
create table sys_dict_type
(
  dict_id          bigint(20)      not null auto_increment    comment 'еӯ—е…ёдё»й”®',
  dict_name        varchar(100)    default ''                 comment 'еӯ—е…ёеҗҚз§°',
  dict_type        varchar(100)    default ''                 comment 'еӯ—е…ёзұ»еһӢ',
  status           char(1)         default '0'                comment 'зҠ¶жҖҒпјҲ0жӯЈеёё 1еҒңз”Ёпјү',
  create_by        varchar(64)     default ''                 comment 'еҲӣе»әиҖ…',
  create_time      datetime                                   comment 'еҲӣе»әж—¶й—ҙ',
  update_by        varchar(64)     default ''                 comment 'жӣҙж–°иҖ…',
  update_time      datetime                                   comment 'жӣҙж–°ж—¶й—ҙ',
  remark           varchar(500)    default null               comment 'еӨҮжіЁ',
  primary key (dict_id),
  unique (dict_type)
) engine=innodb auto_increment=100 comment = 'еӯ—е…ёзұ»еһӢиЎЁ';

insert into sys_dict_type values(1,  'з”ЁжҲ·жҖ§еҲ«',     'sys_user_sex',        '0', 'admin', sysdate(), '', null, 'з”ЁжҲ·жҖ§еҲ«еҲ—иЎЁ');
insert into sys_dict_type values(2,  'иҸңеҚ•зҠ¶жҖҒ',     'sys_show_hide',       '0', 'admin', sysdate(), '', null, 'иҸңеҚ•зҠ¶жҖҒеҲ—иЎЁ');
insert into sys_dict_type values(3,  'зі»з»ҹејҖе…і',     'sys_normal_disable',  '0', 'admin', sysdate(), '', null, 'зі»з»ҹејҖе…іеҲ—иЎЁ');
insert into sys_dict_type values(4,  'д»»еҠЎзҠ¶жҖҒ',     'sys_job_status',      '0', 'admin', sysdate(), '', null, 'д»»еҠЎзҠ¶жҖҒеҲ—иЎЁ');
insert into sys_dict_type values(5,  'д»»еҠЎеҲҶз»„',     'sys_job_group',       '0', 'admin', sysdate(), '', null, 'д»»еҠЎеҲҶз»„еҲ—иЎЁ');
insert into sys_dict_type values(6,  'д»»еҠЎжү§иЎҢеҷЁ',   'sys_job_executor',    '0', 'admin', sysdate(), '', null, 'д»»еҠЎжү§иЎҢеҷЁеҲ—иЎЁ');
insert into sys_dict_type values(7,  'зі»з»ҹжҳҜеҗҰ',     'sys_yes_no',          '0', 'admin', sysdate(), '', null, 'зі»з»ҹжҳҜеҗҰеҲ—иЎЁ');
insert into sys_dict_type values(8,  'йҖҡзҹҘзұ»еһӢ',     'sys_notice_type',     '0', 'admin', sysdate(), '', null, 'йҖҡзҹҘзұ»еһӢеҲ—иЎЁ');
insert into sys_dict_type values(9,  'йҖҡзҹҘзҠ¶жҖҒ', 	   'sys_notice_status',   '0', 'admin', sysdate(), '', null, 'йҖҡзҹҘзҠ¶жҖҒеҲ—иЎЁ');
insert into sys_dict_type values(10, 'ж“ҚдҪңзұ»еһӢ', 	   'sys_oper_type',       '0', 'admin', sysdate(), '', null, 'ж“ҚдҪңзұ»еһӢеҲ—иЎЁ');
insert into sys_dict_type values(11, 'зі»з»ҹзҠ¶жҖҒ',     'sys_common_status',   '0', 'admin', sysdate(), '', null, 'зҷ»еҪ•зҠ¶жҖҒеҲ—иЎЁ');
insert into sys_dict_type values(12, 'AIжЁЎеһӢжҸҗдҫӣе•Ҷ', 'ai_provider_type',    '0', 'admin', sysdate(), '', null, 'AIжЁЎеһӢжҸҗдҫӣе•ҶеҲ—иЎЁ');
insert into sys_dict_type values(13, 'д»»еҠЎиҝҗиЎҢйҳҹеҲ—', 'task_run_queue',      '0', 'admin', sysdate(), '', null, 'д»»еҠЎи°ғеәҰиҝҗиЎҢйҳҹеҲ—еҲ—иЎЁ');


-- ----------------------------
-- 12гҖҒеӯ—е…ёж•°жҚ®иЎЁ
-- ----------------------------
drop table if exists sys_dict_data;
create table sys_dict_data
(
  dict_code        bigint(20)      not null auto_increment    comment 'еӯ—е…ёзј–з Ғ',
  dict_sort        int(4)          default 0                  comment 'еӯ—е…ёжҺ’еәҸ',
  dict_label       varchar(100)    default ''                 comment 'еӯ—е…ёж Үзӯҫ',
  dict_value       varchar(100)    default ''                 comment 'еӯ—е…ёй”®еҖј',
  dict_type        varchar(100)    default ''                 comment 'еӯ—е…ёзұ»еһӢ',
  css_class        varchar(100)    default null               comment 'ж ·ејҸеұһжҖ§пјҲе…¶д»–ж ·ејҸжү©еұ•пјү',
  list_class       varchar(100)    default null               comment 'иЎЁж јеӣһжҳҫж ·ејҸ',
  is_default       char(1)         default 'N'                comment 'жҳҜеҗҰй»ҳи®ӨпјҲYжҳҜ NеҗҰпјү',
  status           char(1)         default '0'                comment 'зҠ¶жҖҒпјҲ0жӯЈеёё 1еҒңз”Ёпјү',
  create_by        varchar(64)     default ''                 comment 'еҲӣе»әиҖ…',
  create_time      datetime                                   comment 'еҲӣе»әж—¶й—ҙ',
  update_by        varchar(64)     default ''                 comment 'жӣҙж–°иҖ…',
  update_time      datetime                                   comment 'жӣҙж–°ж—¶й—ҙ',
  remark           varchar(500)    default null               comment 'еӨҮжіЁ',
  primary key (dict_code)
) engine=innodb auto_increment=100 comment = 'еӯ—е…ёж•°жҚ®иЎЁ';

insert into sys_dict_data values(1,  1,  'з”·',             '0',                'sys_user_sex',        '',   '',        'Y', '0', 'admin', sysdate(), '', null, 'жҖ§еҲ«з”·');
insert into sys_dict_data values(2,  2,  'еҘі',             '1',                'sys_user_sex',        '',   '',        'N', '0', 'admin', sysdate(), '', null, 'жҖ§еҲ«еҘі');
insert into sys_dict_data values(3,  3,  'жңӘзҹҘ',            '2',                'sys_user_sex',        '',   '',        'N', '0', 'admin', sysdate(), '', null, 'жҖ§еҲ«жңӘзҹҘ');
insert into sys_dict_data values(4,  1,  'жҳҫзӨә',            '0',                'sys_show_hide',       '',   'primary', 'Y', '0', 'admin', sysdate(), '', null, 'жҳҫзӨәиҸңеҚ•');
insert into sys_dict_data values(5,  2,  'йҡҗи—Ҹ',            '1',                'sys_show_hide',       '',   'danger',  'N', '0', 'admin', sysdate(), '', null, 'йҡҗи—ҸиҸңеҚ•');
insert into sys_dict_data values(6,  1,  'жӯЈеёё',            '0',                'sys_normal_disable',  '',   'primary', 'Y', '0', 'admin', sysdate(), '', null, 'жӯЈеёёзҠ¶жҖҒ');
insert into sys_dict_data values(7,  2,  'еҒңз”Ё',            '1',                'sys_normal_disable',  '',   'danger',  'N', '0', 'admin', sysdate(), '', null, 'еҒңз”ЁзҠ¶жҖҒ');
insert into sys_dict_data values(8,  1,  'жӯЈеёё',            '0',                'sys_job_status',      '',   'primary', 'Y', '0', 'admin', sysdate(), '', null, 'жӯЈеёёзҠ¶жҖҒ');
insert into sys_dict_data values(9,  2,  'жҡӮеҒң',            '1',                'sys_job_status',      '',   'danger',  'N', '0', 'admin', sysdate(), '', null, 'еҒңз”ЁзҠ¶жҖҒ');
insert into sys_dict_data values(10, 1,  'й»ҳи®Ө',            'default',          'sys_job_group',       '',   '',        'Y', '0', 'admin', sysdate(), '', null, 'й»ҳи®ӨеҲҶз»„');
insert into sys_dict_data values(11, 2,  'ж•°жҚ®еә“',          'sqlalchemy',       'sys_job_group',       '',   '',        'N', '0', 'admin', sysdate(), '', null, 'ж•°жҚ®еә“еҲҶз»„');
insert into sys_dict_data values(12, 3,  'redis',          'redis',  			     'sys_job_group',       '',   '',        'N', '0', 'admin', sysdate(), '', null, 'reidsеҲҶз»„');
insert into sys_dict_data values(13, 1,  'й»ҳи®Ө',            'default',  		    'sys_job_executor',    '',   '',        'N', '0', 'admin', sysdate(), '', null, 'зәҝзЁӢжұ ');
insert into sys_dict_data values(14, 2,  'иҝӣзЁӢжұ ',          'processpool',      'sys_job_executor',    '',   '',        'N', '0', 'admin', sysdate(), '', null, 'иҝӣзЁӢжұ ');
insert into sys_dict_data values(15, 1,  'жҳҜ',              'Y',       		      'sys_yes_no',          '',   'primary', 'Y', '0', 'admin', sysdate(), '', null, 'зі»з»ҹй»ҳи®ӨжҳҜ');
insert into sys_dict_data values(16, 2,  'еҗҰ',              'N',       		      'sys_yes_no',          '',   'danger',  'N', '0', 'admin', sysdate(), '', null, 'зі»з»ҹй»ҳи®ӨеҗҰ');
insert into sys_dict_data values(17, 1,  'йҖҡзҹҘ',            '1',       		      'sys_notice_type',     '',   'warning', 'Y', '0', 'admin', sysdate(), '', null, 'йҖҡзҹҘ');
insert into sys_dict_data values(18, 2,  'е…¬е‘Ҡ',            '2',       		      'sys_notice_type',     '',   'success', 'N', '0', 'admin', sysdate(), '', null, 'е…¬е‘Ҡ');
insert into sys_dict_data values(19, 1,  'жӯЈеёё',            '0',       		      'sys_notice_status',   '',   'primary', 'Y', '0', 'admin', sysdate(), '', null, 'жӯЈеёёзҠ¶жҖҒ');
insert into sys_dict_data values(20, 2,  'е…ій—ӯ',            '1',       		      'sys_notice_status',   '',   'danger',  'N', '0', 'admin', sysdate(), '', null, 'е…ій—ӯзҠ¶жҖҒ');
insert into sys_dict_data values(21, 99, 'е…¶д»–',            '0',       		      'sys_oper_type',       '',   'info',    'N', '0', 'admin', sysdate(), '', null, 'е…¶д»–ж“ҚдҪң');
insert into sys_dict_data values(22, 1,  'ж–°еўһ',            '1',       		      'sys_oper_type',       '',   'info',    'N', '0', 'admin', sysdate(), '', null, 'ж–°еўһж“ҚдҪң');
insert into sys_dict_data values(23, 2,  'дҝ®ж”№',            '2',       		      'sys_oper_type',       '',   'info',    'N', '0', 'admin', sysdate(), '', null, 'дҝ®ж”№ж“ҚдҪң');
insert into sys_dict_data values(24, 3,  'еҲ йҷӨ',            '3',       		      'sys_oper_type',       '',   'danger',  'N', '0', 'admin', sysdate(), '', null, 'еҲ йҷӨж“ҚдҪң');
insert into sys_dict_data values(25, 4,  'жҺҲжқғ',            '4',       		      'sys_oper_type',       '',   'primary', 'N', '0', 'admin', sysdate(), '', null, 'жҺҲжқғж“ҚдҪң');
insert into sys_dict_data values(26, 5,  'еҜјеҮә',            '5',       		      'sys_oper_type',       '',   'warning', 'N', '0', 'admin', sysdate(), '', null, 'еҜјеҮәж“ҚдҪң');
insert into sys_dict_data values(27, 6,  'еҜје…Ҙ',            '6',       		      'sys_oper_type',       '',   'warning', 'N', '0', 'admin', sysdate(), '', null, 'еҜје…Ҙж“ҚдҪң');
insert into sys_dict_data values(28, 7,  'ејәйҖҖ',            '7',       		      'sys_oper_type',       '',   'danger',  'N', '0', 'admin', sysdate(), '', null, 'ејәйҖҖж“ҚдҪң');
insert into sys_dict_data values(29, 8,  'з”ҹжҲҗд»Јз Ғ',         '8',       		     'sys_oper_type',       '',   'warning', 'N', '0', 'admin', sysdate(), '', null, 'з”ҹжҲҗж“ҚдҪң');
insert into sys_dict_data values(30, 9,  'жё…з©әж•°жҚ®',         '9',       		     'sys_oper_type',       '',   'danger',  'N', '0', 'admin', sysdate(), '', null, 'жё…з©әж“ҚдҪң');
insert into sys_dict_data values(31, 1,  'жҲҗеҠҹ',            '0',       		       'sys_common_status',   '',   'primary', 'N', '0', 'admin', sysdate(), '', null, 'жӯЈеёёзҠ¶жҖҒ');
insert into sys_dict_data values(32, 2,  'еӨұиҙҘ',            '1',       		       'sys_common_status',   '',   'danger',  'N', '0', 'admin', sysdate(), '', null, 'еҒңз”ЁзҠ¶жҖҒ');
insert into sys_dict_data values(33, 1,  'AIMLAPI',         'AIMLAPI',          'ai_provider_type',    '',   'info',    'N', '0', 'admin', sysdate(), '', null, 'AIMLAPI');
insert into sys_dict_data values(34, 2,  'Anthropic',       'Anthropic',        'ai_provider_type',    '',   'info',    'N', '0', 'admin', sysdate(), '', null, 'Anthropic');
insert into sys_dict_data values(35, 3,  'Cerebras',        'Cerebras',         'ai_provider_type',    '',   'info',    'N', '0', 'admin', sysdate(), '', null, 'Cerebras');
insert into sys_dict_data values(36, 4,  'CerebrasOpenAI',  'CerebrasOpenAI',   'ai_provider_type',    '',   'info',    'N', '0', 'admin', sysdate(), '', null, 'CerebrasOpenAI');
insert into sys_dict_data values(37, 5,  'Cohere',          'Cohere',           'ai_provider_type',    '',   'info',    'N', '0', 'admin', sysdate(), '', null, 'Cohere');
insert into sys_dict_data values(38, 6,  'CometAPI',        'CometAPI',         'ai_provider_type',    '',   'info',    'N', '0', 'admin', sysdate(), '', null, 'CometAPI');
insert into sys_dict_data values(39, 7,  'DashScope',       'DashScope',        'ai_provider_type',    '',   'info',    'N', '0', 'admin', sysdate(), '', null, 'DashScope');
insert into sys_dict_data values(40, 8,  'DeepInfra',       'DeepInfra',        'ai_provider_type',    '',   'info',    'N', '0', 'admin', sysdate(), '', null, 'DeepInfra');
insert into sys_dict_data values(41, 9,  'DeepSeek',        'DeepSeek',         'ai_provider_type',    '',   'info',    'N', '0', 'admin', sysdate(), '', null, 'DeepSeek');
insert into sys_dict_data values(42, 10,  'Fireworks',       'Fireworks',        'ai_provider_type',    '',   'info',    'N', '0', 'admin', sysdate(), '', null, 'Fireworks');
insert into sys_dict_data values(43, 11,  'Google',          'Google',           'ai_provider_type',    '',   'info',    'N', '0', 'admin', sysdate(), '', null, 'Google');
insert into sys_dict_data values(44, 12,  'Groq',            'Groq',             'ai_provider_type',    '',   'info',    'N', '0', 'admin', sysdate(), '', null, 'Groq');
insert into sys_dict_data values(45, 13,  'HuggingFace',     'HuggingFace',      'ai_provider_type',    '',   'info',    'N', '0', 'admin', sysdate(), '', null, 'HuggingFace');
insert into sys_dict_data values(46, 14,  'LangDB',          'LangDB',           'ai_provider_type',    '',   'info',    'N', '0', 'admin', sysdate(), '', null, 'LangDB');
insert into sys_dict_data values(47, 15,  'LiteLLM',         'LiteLLM',          'ai_provider_type',    '',   'info',    'N', '0', 'admin', sysdate(), '', null, 'LiteLLM');
insert into sys_dict_data values(48, 16,  'LiteLLMOpenAI',   'LiteLLMOpenAI',    'ai_provider_type',    '',   'info',    'N', '0', 'admin', sysdate(), '', null, 'LiteLLMOpenAI');
insert into sys_dict_data values(49, 17,  'LlamaCpp',        'LlamaCpp',         'ai_provider_type',    '',   'info',    'N', '0', 'admin', sysdate(), '', null, 'LlamaCpp');
insert into sys_dict_data values(50, 18,  'LMStudio',        'LMStudio',         'ai_provider_type',    '',   'info',    'N', '0', 'admin', sysdate(), '', null, 'LMStudio');
insert into sys_dict_data values(51, 19,  'Meta',            'Meta',             'ai_provider_type',    '',   'info',    'N', '0', 'admin', sysdate(), '', null, 'Meta');
insert into sys_dict_data values(52, 20,  'Mistral',         'Mistral',          'ai_provider_type',    '',   'info',    'N', '0', 'admin', sysdate(), '', null, 'Mistral');
insert into sys_dict_data values(53, 21,  'N1N',             'N1N',              'ai_provider_type',    '',   'info',    'N', '0', 'admin', sysdate(), '', null, 'N1N');
insert into sys_dict_data values(54, 22,  'Nebius',          'Nebius',           'ai_provider_type',    '',   'info',    'N', '0', 'admin', sysdate(), '', null, 'Nebius');
insert into sys_dict_data values(55, 23,  'Nexus',           'Nexus',            'ai_provider_type',    '',   'info',    'N', '0', 'admin', sysdate(), '', null, 'Nexus');
insert into sys_dict_data values(56, 24,  'Nvidia',          'Nvidia',           'ai_provider_type',    '',   'info',    'N', '0', 'admin', sysdate(), '', null, 'Nvidia');
insert into sys_dict_data values(57, 25,  'Ollama',          'Ollama',           'ai_provider_type',    '',   'info',    'N', '0', 'admin', sysdate(), '', null, 'Ollama');
insert into sys_dict_data values(58, 26,  'OpenAI',          'OpenAI',           'ai_provider_type',    '',   'info',    'N', '0', 'admin', sysdate(), '', null, 'OpenAI');
insert into sys_dict_data values(59, 27,  'OpenAIResponses', 'OpenAIResponses',  'ai_provider_type',    '',   'info',    'N', '0', 'admin', sysdate(), '', null, 'OpenAIResponses');
insert into sys_dict_data values(60, 28,  'OpenRouter',      'OpenRouter',       'ai_provider_type',    '',   'info',    'N', '0', 'admin', sysdate(), '', null, 'OpenRouter');
insert into sys_dict_data values(61, 29,  'Perplexity',      'Perplexity',       'ai_provider_type',    '',   'info',    'N', '0', 'admin', sysdate(), '', null, 'Perplexity');
insert into sys_dict_data values(62, 30,  'Portkey',         'Portkey',          'ai_provider_type',    '',   'info',    'N', '0', 'admin', sysdate(), '', null, 'Portkey');
insert into sys_dict_data values(63, 31,  'Requesty',        'Requesty',         'ai_provider_type',    '',   'info',    'N', '0', 'admin', sysdate(), '', null, 'Requesty');
insert into sys_dict_data values(64, 32,  'Sambanova',       'Sambanova',        'ai_provider_type',    '',   'info',    'N', '0', 'admin', sysdate(), '', null, 'Sambanova');
insert into sys_dict_data values(65, 33,  'SiliconFlow',     'SiliconFlow',      'ai_provider_type',    '',   'info',    'N', '0', 'admin', sysdate(), '', null, 'SiliconFlow');
insert into sys_dict_data values(66, 34,  'Together',        'Together',         'ai_provider_type',    '',   'info',    'N', '0', 'admin', sysdate(), '', null, 'Together');
insert into sys_dict_data values(67, 35,  'Vercel',          'Vercel',           'ai_provider_type',    '',   'info',    'N', '0', 'admin', sysdate(), '', null, 'Vercel');
insert into sys_dict_data values(68, 36,  'VLLM',            'VLLM',             'ai_provider_type',    '',   'info',    'N', '0', 'admin', sysdate(), '', null, 'VLLM');
insert into sys_dict_data values(69, 37,  'xAI',             'xAI',              'ai_provider_type',    '',   'info',    'N', '0', 'admin', sysdate(), '', null, 'xAI');
insert into sys_dict_data values(70, 1,   'default',         'default',          'task_run_queue',      '',   'primary', 'Y', '0', 'admin', sysdate(), '', null, 'й»ҳи®ӨйҳҹеҲ—');


-- ----------------------------
-- 13гҖҒеҸӮж•°й…ҚзҪ®иЎЁ
-- ----------------------------
drop table if exists sys_config;
create table sys_config (
  config_id         int(5)          not null auto_increment    comment 'еҸӮж•°дё»й”®',
  config_name       varchar(100)    default ''                 comment 'еҸӮж•°еҗҚз§°',
  config_key        varchar(100)    default ''                 comment 'еҸӮж•°й”®еҗҚ',
  config_value      varchar(500)    default ''                 comment 'еҸӮж•°й”®еҖј',
  config_type       char(1)         default 'N'                comment 'зі»з»ҹеҶ…зҪ®пјҲYжҳҜ NеҗҰпјү',
  create_by         varchar(64)     default ''                 comment 'еҲӣе»әиҖ…',
  create_time       datetime                                   comment 'еҲӣе»әж—¶й—ҙ',
  update_by         varchar(64)     default ''                 comment 'жӣҙж–°иҖ…',
  update_time       datetime                                   comment 'жӣҙж–°ж—¶й—ҙ',
  remark            varchar(500)    default null               comment 'еӨҮжіЁ',
  primary key (config_id)
) engine=innodb auto_increment=100 comment = 'еҸӮж•°й…ҚзҪ®иЎЁ';

insert into sys_config values(1, 'дё»жЎҶжһ¶йЎө-й»ҳи®Өзҡ®иӮӨж ·ејҸеҗҚз§°',     'sys.index.skinName',            'skin-blue',     'Y', 'admin', sysdate(), '', null, 'и“қиүІ skin-blueгҖҒз»ҝиүІ skin-greenгҖҒзҙ«иүІ skin-purpleгҖҒзәўиүІ skin-redгҖҒй»„иүІ skin-yellow' );
insert into sys_config values(2, 'з”ЁжҲ·з®ЎзҗҶ-иҙҰеҸ·еҲқе§ӢеҜҶз Ғ',         'sys.user.initPassword',         '123456',        'Y', 'admin', sysdate(), '', null, 'еҲқе§ӢеҢ–еҜҶз Ғ 123456' );
insert into sys_config values(3, 'дё»жЎҶжһ¶йЎө-дҫ§иҫ№ж Ҹдё»йўҳ',           'sys.index.sideTheme',           'theme-dark',    'Y', 'admin', sysdate(), '', null, 'ж·ұиүІдё»йўҳtheme-darkпјҢжө…иүІдё»йўҳtheme-light' );
insert into sys_config values(4, 'иҙҰеҸ·иҮӘеҠ©-йӘҢиҜҒз ҒејҖе…і',           'sys.account.captchaEnabled',    'true',          'Y', 'admin', sysdate(), '', null, 'жҳҜеҗҰејҖеҗҜйӘҢиҜҒз ҒеҠҹиғҪпјҲtrueејҖеҗҜпјҢfalseе…ій—ӯпјү');
insert into sys_config values(5, 'иҙҰеҸ·иҮӘеҠ©-жҳҜеҗҰејҖеҗҜз”ЁжҲ·жіЁеҶҢеҠҹиғҪ', 'sys.account.registerUser',      'false',         'Y', 'admin', sysdate(), '', null, 'жҳҜеҗҰејҖеҗҜжіЁеҶҢз”ЁжҲ·еҠҹиғҪпјҲtrueејҖеҗҜпјҢfalseе…ій—ӯпјү');
insert into sys_config values(6, 'з”ЁжҲ·зҷ»еҪ•-й»‘еҗҚеҚ•еҲ—иЎЁ',           'sys.login.blackIPList',         '',              'Y', 'admin', sysdate(), '', null, 'и®ҫзҪ®зҷ»еҪ•IPй»‘еҗҚеҚ•йҷҗеҲ¶пјҢеӨҡдёӘеҢ№й…ҚйЎ№д»Ҙ;еҲҶйҡ”пјҢж”ҜжҢҒеҢ№й…ҚпјҲ*йҖҡй…ҚгҖҒзҪ‘ж®өпјү');
insert into sys_config values(7, 'з”ЁжҲ·з®ЎзҗҶ-еҲқе§ӢеҜҶз Ғдҝ®ж”№зӯ–з•Ҙ',     'sys.account.initPasswordModify',  '1',             'Y', 'admin', sysdate(), '', null, '0пјҡеҲқе§ӢеҜҶз Ғдҝ®ж”№зӯ–з•Ҙе…ій—ӯпјҢжІЎжңүд»»дҪ•жҸҗзӨәпјҢ1пјҡжҸҗйҶ’з”ЁжҲ·пјҢеҰӮжһңжңӘдҝ®ж”№еҲқе§ӢеҜҶз ҒпјҢеҲҷеңЁзҷ»еҪ•ж—¶е°ұдјҡжҸҗйҶ’дҝ®ж”№еҜҶз ҒеҜ№иҜқжЎҶ');
insert into sys_config values(8, 'з”ЁжҲ·з®ЎзҗҶ-иҙҰеҸ·еҜҶз Ғжӣҙж–°е‘Ёжңҹ',     'sys.account.passwordValidateDays', '0',             'Y', 'admin', sysdate(), '', null, 'еҜҶз Ғжӣҙж–°е‘ЁжңҹпјҲеЎ«еҶҷж•°еӯ—пјҢж•°жҚ®еҲқе§ӢеҢ–еҖјдёә0дёҚйҷҗеҲ¶пјҢиӢҘдҝ®ж”№еҝ…йЎ»дёәеӨ§дәҺ0е°ҸдәҺ365зҡ„жӯЈж•ҙж•°пјүпјҢеҰӮжһңи¶…иҝҮиҝҷдёӘе‘Ёжңҹзҷ»еҪ•зі»з»ҹж—¶пјҢеҲҷеңЁзҷ»еҪ•ж—¶е°ұдјҡжҸҗйҶ’дҝ®ж”№еҜҶз ҒеҜ№иҜқжЎҶ');


-- ----------------------------
-- 14гҖҒзі»з»ҹи®ҝй—®и®°еҪ•
-- ----------------------------
drop table if exists sys_logininfor;
create table sys_logininfor (
  info_id        bigint(20)     not null auto_increment   comment 'и®ҝй—®ID',
  user_name      varchar(50)    default ''                comment 'з”ЁжҲ·иҙҰеҸ·',
  ipaddr         varchar(128)   default ''                comment 'зҷ»еҪ•IPең°еқҖ',
  login_location varchar(255)   default ''                comment 'зҷ»еҪ•ең°зӮ№',
  browser        varchar(50)    default ''                comment 'жөҸи§ҲеҷЁзұ»еһӢ',
  os             varchar(50)    default ''                comment 'ж“ҚдҪңзі»з»ҹ',
  status         char(1)        default '0'               comment 'зҷ»еҪ•зҠ¶жҖҒпјҲ0жҲҗеҠҹ 1еӨұиҙҘпјү',
  msg            varchar(255)   default ''                comment 'жҸҗзӨәж¶ҲжҒҜ',
  login_time     datetime                                 comment 'и®ҝй—®ж—¶й—ҙ',
  primary key (info_id),
  key idx_sys_logininfor_s  (status),
  key idx_sys_logininfor_lt (login_time)
) engine=innodb auto_increment=100 comment = 'зі»з»ҹи®ҝй—®и®°еҪ•';


-- ----------------------------
-- 15гҖҒе®ҡж—¶д»»еҠЎи°ғеәҰиЎЁ
-- ----------------------------
drop table if exists sys_job;
create table sys_job (
  job_id              bigint(20)    not null auto_increment    comment 'д»»еҠЎID',
  job_name            varchar(64)   default ''                 comment 'д»»еҠЎеҗҚз§°',
  job_group           varchar(64)   default 'default'          comment 'д»»еҠЎз»„еҗҚ',
	job_executor 				varchar(64)   default 'default' 				 comment 'д»»еҠЎжү§иЎҢеҷЁ',
  invoke_target       varchar(500)  not null                   comment 'и°ғз”Ёзӣ®ж Үеӯ—з¬ҰдёІ',
  job_args						varchar(255)	default ''								 comment 'дҪҚзҪ®еҸӮж•°',
  job_kwargs					varchar(255)	default ''								 comment 'е…ій”®еӯ—еҸӮж•°',
  cron_expression     varchar(255)  default ''                 comment 'cronжү§иЎҢиЎЁиҫҫејҸ',
  misfire_policy      varchar(20)   default '3'                comment 'и®ЎеҲ’жү§иЎҢй”ҷиҜҜзӯ–з•ҘпјҲ1з«ӢеҚіжү§иЎҢ 2жү§иЎҢдёҖж¬Ў 3ж”ҫејғжү§иЎҢпјү',
  concurrent          char(1)       default '1'                comment 'жҳҜеҗҰе№¶еҸ‘жү§иЎҢпјҲ0е…Ғи®ё 1зҰҒжӯўпјү',
  status              char(1)       default '0'                comment 'зҠ¶жҖҒпјҲ0жӯЈеёё 1жҡӮеҒңпјү',
  create_by           varchar(64)   default ''                 comment 'еҲӣе»әиҖ…',
  create_time         datetime                                 comment 'еҲӣе»әж—¶й—ҙ',
  update_by           varchar(64)   default ''                 comment 'жӣҙж–°иҖ…',
  update_time         datetime                                 comment 'жӣҙж–°ж—¶й—ҙ',
  remark              varchar(500)  default ''                 comment 'еӨҮжіЁдҝЎжҒҜ',
  primary key (job_id, job_name, job_group)
) engine=innodb auto_increment=100 comment = 'е®ҡж—¶д»»еҠЎи°ғеәҰиЎЁ';

insert into sys_job values(1, 'зі»з»ҹй»ҳи®ӨпјҲж— еҸӮпјү', 'default', 'default', 'module_task.scheduler_test.job', NULL,   NULL, '0/10 * * * * ?', '3', '1', '1', 'admin', sysdate(), '', null, '');
insert into sys_job values(2, 'зі»з»ҹй»ҳи®ӨпјҲжңүеҸӮпјү', 'default', 'default', 'module_task.scheduler_test.job', 'test', NULL, '0/15 * * * * ?', '3', '1', '1', 'admin', sysdate(), '', null, '');
insert into sys_job values(3, 'зі»з»ҹй»ҳи®ӨпјҲеӨҡеҸӮпјү', 'default', 'default', 'module_task.scheduler_test.job', 'new',  '{\"test\": 111}', '0/20 * * * * ?', '3', '1', '1', 'admin', sysdate(), '', null, '');


-- ----------------------------
-- 16гҖҒе®ҡж—¶д»»еҠЎи°ғеәҰж—Ҙеҝ—иЎЁ
-- ----------------------------
drop table if exists sys_job_log;
create table sys_job_log (
  job_log_id          bigint(20)     not null auto_increment    comment 'д»»еҠЎж—Ҙеҝ—ID',
  job_name            varchar(64)    not null                   comment 'д»»еҠЎеҗҚз§°',
  job_group           varchar(64)    not null                   comment 'д»»еҠЎз»„еҗҚ',
  job_executor				varchar(64)		 not null										comment 'д»»еҠЎжү§иЎҢеҷЁ',
  invoke_target       varchar(500)   not null                   comment 'и°ғз”Ёзӣ®ж Үеӯ—з¬ҰдёІ',
  job_args						varchar(255)	 default ''									comment 'дҪҚзҪ®еҸӮж•°',
  job_kwargs					varchar(255)	 default ''									comment 'е…ій”®еӯ—еҸӮж•°',
  job_trigger					varchar(255)	 default ''									comment 'д»»еҠЎи§ҰеҸ‘еҷЁ',
  job_message         varchar(500)                              comment 'ж—Ҙеҝ—дҝЎжҒҜ',
  status              char(1)        default '0'                comment 'жү§иЎҢзҠ¶жҖҒпјҲ0жӯЈеёё 1еӨұиҙҘпјү',
  exception_info      varchar(2000)  default ''                 comment 'ејӮеёёдҝЎжҒҜ',
  create_time         datetime                                  comment 'еҲӣе»әж—¶й—ҙ',
  primary key (job_log_id)
) engine=innodb comment = 'е®ҡж—¶д»»еҠЎи°ғеәҰж—Ҙеҝ—иЎЁ';


-- ----------------------------
-- 17гҖҒйҖҡзҹҘе…¬е‘ҠиЎЁ
-- ----------------------------
drop table if exists sys_notice;
create table sys_notice (
  notice_id         int(4)          not null auto_increment    comment 'е…¬е‘ҠID',
  notice_title      varchar(50)     not null                   comment 'е…¬е‘Ҡж Үйўҳ',
  notice_type       char(1)         not null                   comment 'е…¬е‘Ҡзұ»еһӢпјҲ1йҖҡзҹҘ 2е…¬е‘Ҡпјү',
  notice_content    longblob        default null               comment 'е…¬е‘ҠеҶ…е®№',
  status            char(1)         default '0'                comment 'е…¬е‘ҠзҠ¶жҖҒпјҲ0жӯЈеёё 1е…ій—ӯпјү',
  create_by         varchar(64)     default ''                 comment 'еҲӣе»әиҖ…',
  create_time       datetime                                   comment 'еҲӣе»әж—¶й—ҙ',
  update_by         varchar(64)     default ''                 comment 'жӣҙж–°иҖ…',
  update_time       datetime                                   comment 'жӣҙж–°ж—¶й—ҙ',
  remark            varchar(255)    default null               comment 'еӨҮжіЁ',
  primary key (notice_id)
) engine=innodb auto_increment=10 comment = 'йҖҡзҹҘе…¬е‘ҠиЎЁ';

-- ----------------------------
-- еҲқе§ӢеҢ–-е…¬е‘ҠдҝЎжҒҜиЎЁж•°жҚ®
-- ----------------------------
insert into sys_notice values('1', 'жё©йҰЁжҸҗйҶ’пјҡ2018-07-01 vfadminж–°зүҲжң¬еҸ‘еёғе•Ұ', '2', 'ж–°зүҲжң¬еҶ…е®№', '0', 'admin', sysdate(), '', null, 'з®ЎзҗҶе‘ҳ');
insert into sys_notice values('2', 'з»ҙжҠӨйҖҡзҹҘпјҡ2018-07-01 vfadminзі»з»ҹеҮҢжҷЁз»ҙжҠӨ', '1', 'з»ҙжҠӨеҶ…е®№',   '0', 'admin', sysdate(), '', null, 'з®ЎзҗҶе‘ҳ');


-- ----------------------------
-- 18гҖҒд»Јз Ғз”ҹжҲҗдёҡеҠЎиЎЁ
-- ----------------------------
drop table if exists gen_table;
create table gen_table (
  table_id          bigint(20)      not null auto_increment    comment 'зј–еҸ·',
  table_name        varchar(200)    default ''                 comment 'иЎЁеҗҚз§°',
  table_comment     varchar(500)    default ''                 comment 'иЎЁжҸҸиҝ°',
  sub_table_name    varchar(64)     default null               comment 'е…іиҒ”еӯҗиЎЁзҡ„иЎЁеҗҚ',
  sub_table_fk_name varchar(64)     default null               comment 'еӯҗиЎЁе…іиҒ”зҡ„еӨ–й”®еҗҚ',
  class_name        varchar(100)    default ''                 comment 'е®һдҪ“зұ»еҗҚз§°',
  tpl_category      varchar(200)    default 'crud'             comment 'дҪҝз”Ёзҡ„жЁЎжқҝпјҲcrudеҚ•иЎЁж“ҚдҪң treeж ‘иЎЁж“ҚдҪңпјү',
  tpl_web_type      varchar(30)     default ''                 comment 'еүҚз«ҜжЁЎжқҝзұ»еһӢпјҲelement-uiжЁЎзүҲ element-plusжЁЎзүҲпјү',
  package_name      varchar(100)                               comment 'з”ҹжҲҗеҢ…и·Ҝеҫ„',
  module_name       varchar(30)                                comment 'з”ҹжҲҗжЁЎеқ—еҗҚ',
  business_name     varchar(30)                                comment 'з”ҹжҲҗдёҡеҠЎеҗҚ',
  function_name     varchar(50)                                comment 'з”ҹжҲҗеҠҹиғҪеҗҚ',
  function_author   varchar(50)                                comment 'з”ҹжҲҗеҠҹиғҪдҪңиҖ…',
  gen_type          char(1)         default '0'                comment 'з”ҹжҲҗд»Јз Ғж–№ејҸпјҲ0zipеҺӢзј©еҢ… 1иҮӘе®ҡд№үи·Ҝеҫ„пјү',
  gen_path          varchar(200)    default '/'                comment 'з”ҹжҲҗи·Ҝеҫ„пјҲдёҚеЎ«й»ҳи®ӨйЎ№зӣ®и·Ҝеҫ„пјү',
  options           varchar(1000)                              comment 'е…¶е®ғз”ҹжҲҗйҖүйЎ№',
  create_by         varchar(64)     default ''                 comment 'еҲӣе»әиҖ…',
  create_time 	    datetime                                   comment 'еҲӣе»әж—¶й—ҙ',
  update_by         varchar(64)     default ''                 comment 'жӣҙж–°иҖ…',
  update_time       datetime                                   comment 'жӣҙж–°ж—¶й—ҙ',
  remark            varchar(500)    default null               comment 'еӨҮжіЁ',
  primary key (table_id)
) engine=innodb auto_increment=1 comment = 'д»Јз Ғз”ҹжҲҗдёҡеҠЎиЎЁ';


-- ----------------------------
-- 19гҖҒд»Јз Ғз”ҹжҲҗдёҡеҠЎиЎЁеӯ—ж®ө
-- ----------------------------
drop table if exists gen_table_column;
create table gen_table_column (
  column_id         bigint(20)      not null auto_increment    comment 'зј–еҸ·',
  table_id          bigint(20)                                 comment 'еҪ’еұһиЎЁзј–еҸ·',
  column_name       varchar(200)                               comment 'еҲ—еҗҚз§°',
  column_comment    varchar(500)                               comment 'еҲ—жҸҸиҝ°',
  column_type       varchar(100)                               comment 'еҲ—зұ»еһӢ',
  python_type         varchar(500)                               comment 'PYTHONзұ»еһӢ',
  python_field        varchar(200)                               comment 'PYTHONеӯ—ж®өеҗҚ',
  is_pk             char(1)                                    comment 'жҳҜеҗҰдё»й”®пјҲ1жҳҜпјү',
  is_increment      char(1)                                    comment 'жҳҜеҗҰиҮӘеўһпјҲ1жҳҜпјү',
  is_required       char(1)                                    comment 'жҳҜеҗҰеҝ…еЎ«пјҲ1жҳҜпјү',
  is_unique         char(1)                                    comment 'жҳҜеҗҰе”ҜдёҖпјҲ1жҳҜпјү',
  is_insert         char(1)                                    comment 'жҳҜеҗҰдёәжҸ’е…Ҙеӯ—ж®өпјҲ1жҳҜпјү',
  is_edit           char(1)                                    comment 'жҳҜеҗҰзј–иҫ‘еӯ—ж®өпјҲ1жҳҜпјү',
  is_list           char(1)                                    comment 'жҳҜеҗҰеҲ—иЎЁеӯ—ж®өпјҲ1жҳҜпјү',
  is_query          char(1)                                    comment 'жҳҜеҗҰжҹҘиҜўеӯ—ж®өпјҲ1жҳҜпјү',
  query_type        varchar(200)    default 'EQ'               comment 'жҹҘиҜўж–№ејҸпјҲзӯүдәҺгҖҒдёҚзӯүдәҺгҖҒеӨ§дәҺгҖҒе°ҸдәҺгҖҒиҢғеӣҙпјү',
  html_type         varchar(200)                               comment 'жҳҫзӨәзұ»еһӢпјҲж–Үжң¬жЎҶгҖҒж–Үжң¬еҹҹгҖҒдёӢжӢүжЎҶгҖҒеӨҚйҖүжЎҶгҖҒеҚ•йҖүжЎҶгҖҒж—ҘжңҹжҺ§д»¶пјү',
  dict_type         varchar(200)    default ''                 comment 'еӯ—е…ёзұ»еһӢ',
  sort              int                                        comment 'жҺ’еәҸ',
  create_by         varchar(64)     default ''                 comment 'еҲӣе»әиҖ…',
  create_time 	    datetime                                   comment 'еҲӣе»әж—¶й—ҙ',
  update_by         varchar(64)     default ''                 comment 'жӣҙж–°иҖ…',
  update_time       datetime                                   comment 'жӣҙж–°ж—¶й—ҙ',
  primary key (column_id)
) engine=innodb auto_increment=1 comment = 'д»Јз Ғз”ҹжҲҗдёҡеҠЎиЎЁеӯ—ж®ө';


-- ----------------------------
-- 20гҖҒAIжЁЎеһӢиЎЁ
-- ----------------------------
drop table if exists ai_models;
create table ai_models (
  model_id          bigint(20)      not null auto_increment    comment 'жЁЎеһӢдё»й”®',
  model_code        varchar(100)    not null                   comment 'жЁЎеһӢзј–з Ғ',
  model_name        varchar(100)    default null               comment 'жЁЎеһӢеҗҚз§°',
  provider          varchar(50)     not null                   comment 'жҸҗдҫӣе•Ҷ',
  model_sort        int(4)          not null                   comment 'жҳҫзӨәйЎәеәҸ',
  api_key           varchar(255)    default null               comment 'API Key',
  base_url          varchar(255)    default null               comment 'Base URL',
  model_type        varchar(50)     default null               comment 'жЁЎеһӢзұ»еһӢ',
  max_tokens        int(11)         default null               comment 'жңҖеӨ§иҫ“еҮәtoken',
  temperature       float           default null               comment 'й»ҳи®Өжё©еәҰ',
  support_reasoning char(1)         default 'N'                comment 'жҳҜеҗҰж”ҜжҢҒжҺЁзҗҶ',
  support_images    char(1)         default 'N'                comment 'жҳҜеҗҰж”ҜжҢҒеӣҫзүҮ',
  status            char(1)         default '0'                comment 'жЁЎеһӢзҠ¶жҖҒ',
  user_id           bigint(20)                                 comment 'з”ЁжҲ·ID',
  dept_id           bigint(20)                                 comment 'йғЁй—ЁID',
  create_by         varchar(64)     default ''                 comment 'еҲӣе»әиҖ…',
  create_time       datetime                                   comment 'еҲӣе»әж—¶й—ҙ',
  update_by         varchar(64)     default ''                 comment 'жӣҙж–°иҖ…',
  update_time       datetime                                   comment 'жӣҙж–°ж—¶й—ҙ',
  remark            varchar(500)    default null               comment 'еӨҮжіЁ',
  primary key (model_id)
) engine=innodb auto_increment=1 comment = 'AIжЁЎеһӢиЎЁ';


-- ----------------------------
-- AIе·Ҙе…·иЎЁ(MCP еӨ–йғЁе·Ҙе…· + еҶ…зҪ®е·Ҙе…·)
-- ----------------------------
drop table if exists ai_tool;
create table ai_tool (
  tool_id           bigint(20)      not null auto_increment    comment 'е·Ҙе…·дё»й”®',
  name              varchar(100)    not null                   comment 'е·Ҙе…·еҗҚз§°',
  code              varchar(100)    not null                   comment 'е·Ҙе…·д»Јз Ғ(е”ҜдёҖж ҮиҜҶ)',
  tool_type         varchar(50)     not null default 'mcp'     comment 'е·Ҙе…·зұ»еһӢ: mcp/builtin',
  description       text                                       comment 'е·Ҙе…·жҸҸиҝ°',
  args              text                                       comment 'е·Ҙе…·й…ҚзҪ®JSON',
  status            char(1)         default '0'                comment 'зҠ¶жҖҒ: 0еҗҜз”Ё 1еҒңз”Ё',
  built_in          char(1)         default '0'                comment 'жҳҜеҗҰеҶ…зҪ®: 1жҳҜ(дёҚеҸҜеҲ /ж”№code) 0еҗҰ',
  user_id           bigint(20)                                 comment 'з”ЁжҲ·ID',
  dept_id           bigint(20)                                 comment 'йғЁй—ЁID',
  create_by         varchar(64)     default ''                 comment 'еҲӣе»әиҖ…',
  create_time       datetime                                   comment 'еҲӣе»әж—¶й—ҙ',
  update_by         varchar(64)     default ''                 comment 'жӣҙж–°иҖ…',
  update_time       datetime                                   comment 'жӣҙж–°ж—¶й—ҙ',
  remark            varchar(500)    default null               comment 'еӨҮжіЁ',
  tenant_id         bigint(20)                                 comment 'з§ҹжҲ·ID(йЎ¶зә§йғЁй—Ё)',
  primary key (tool_id),
  key ix_ai_tool_tenant_id (tenant_id)
) engine=innodb auto_increment=1 comment = 'AIе·Ҙе…·иЎЁ';

-- еҶ…зҪ®е·Ҙе…·з§Қеӯҗ(жҢүе·Ҙе…·йӣҶзІ’еәҰ,built_in=1 дёҚеҸҜеҲ /ж”№code)
insert into ai_tool (name,code,tool_type,description,args,status,built_in,create_by,create_time,update_by,update_time) values
('ж•°жҚ®жҺўзҙў','data_explore','builtin','еҸ‘зҺ°ж•°жҚ®жәҗгҖҒжҹҘиЎЁз»“жһ„гҖҒжЈҖзҙўж•°жҚ®жәҗзҹҘиҜҶеә“(еҗ«ж”¶и—Ҹзҡ„еҸ–ж•°и§Јжі•)','{}','0','1','admin',sysdate(),'admin',sysdate()),
('жІҷз®ұжү§иЎҢ','sandbox_code','builtin','еңЁйҡ”зҰ»жІҷз®ұйҮҢи·‘ Python и®Ўз®— / еҜ№ж•°жҚ®жәҗеҸ–ж•°,дә§еҮәз»“и®ә/иЎЁж ј/еӣҫиЎЁ','{}','0','1','admin',sysdate(),'admin',sysdate()),
('д»»еҠЎжҸҗи®®','task_propose','builtin','еҗ‘з”ЁжҲ·еј№еҮәйў„еЎ«зҡ„д»»еҠЎзЎ®и®ӨиЎЁеҚ•(ж•°жҚ®йӣҶжҲҗ/Python/Shell)','{}','0','1','admin',sysdate(),'admin',sysdate()),
('зҷҫеәҰжҗңзҙў','baidu_search','builtin','з”ЁзҷҫеәҰжЈҖзҙўзҪ‘йЎө(е…ҚйүҙжқғгҖҒеӣҪеҶ…еҸҜиҫҫ);дёәеҜ№иҜқ/еә”з”ЁиЎҘе……е®һж—¶иҒ”зҪ‘дҝЎжҒҜ','{}','0','1','admin',sysdate(),'admin',sysdate());

-- ----------------------------
-- AIжҠҖиғҪиЎЁ(Agent Skills:иғҪеҠӣеҢ… = еҗҚз§° + жҸҸиҝ° + SKILL.md жӯЈж–Ү + еҸҜйҖүжү“еҢ…иө„жәҗ;жёҗиҝӣејҸжҠ«йңІ)
-- ----------------------------
drop table if exists ai_skill;
create table ai_skill (
  skill_id          bigint(20)      not null auto_increment    comment 'жҠҖиғҪдё»й”®',
  name              varchar(100)    not null                   comment 'жҠҖиғҪеҗҚз§°',
  code              varchar(100)    not null                   comment 'жҠҖиғҪд»Јз Ғ(е”ҜдёҖж ҮиҜҶ,дҫӣ load_skill еј•з”Ё)',
  description       text                                       comment 'жҠҖиғҪжҸҸиҝ°(еёёй©»дёҠдёӢж–Ү,еҶіе®ҡдҪ•ж—¶иў«йҖүз”Ё)',
  content           text                                       comment 'жҠҖиғҪжӯЈж–Ү(SKILL.md,жҢүйңҖ load_skill жӢүеҸ–)',
  resources         text                                       comment 'йҷ„еҠ ж–Үд»¶JSON([{name,content}];name еҸҜеҗ« / иЎЁзӣ®еҪ•)',
  ref_skills        varchar(500)    default null               comment 'еј•з”Ёзҡ„жҠҖиғҪcode(йҖ—еҸ·еҲҶйҡ”,иҪҜеј•з”Ё)',
  skill_type        varchar(20)     default 'process'          comment 'зұ»еһӢ: processжөҒзЁӢеһӢ(е…ЁеұҖ) knowledgeзҹҘиҜҶеһӢ(жҢүжәҗжө®зҺ°)',
  datasource_codes  varchar(500)    default null               comment 'зҹҘиҜҶеһӢз»‘е®ҡзҡ„ж•°жҚ®жәҗcode(йҖ—еҸ·еҲҶйҡ”)',
  status            char(1)         default '0'                comment 'зҠ¶жҖҒ: 0еҗҜз”Ё 1еҒңз”Ё',
  built_in          char(1)         default '0'                comment 'жҳҜеҗҰеҶ…зҪ®: 1жҳҜ(дёҚеҸҜеҲ /ж”№code) 0еҗҰ',
  user_id           bigint(20)                                 comment 'з”ЁжҲ·ID',
  dept_id           bigint(20)                                 comment 'йғЁй—ЁID',
  create_by         varchar(64)     default ''                 comment 'еҲӣе»әиҖ…',
  create_time       datetime                                   comment 'еҲӣе»әж—¶й—ҙ',
  update_by         varchar(64)     default ''                 comment 'жӣҙж–°иҖ…',
  update_time       datetime                                   comment 'жӣҙж–°ж—¶й—ҙ',
  remark            varchar(500)    default null               comment 'еӨҮжіЁ',
  tenant_id         bigint(20)                                 comment 'з§ҹжҲ·ID(йЎ¶зә§йғЁй—Ё)',
  primary key (skill_id),
  key ix_ai_skill_tenant_id (tenant_id)
) engine=innodb auto_increment=1 comment = 'AIжҠҖиғҪиЎЁ(Agent Skills иғҪеҠӣеҢ…)';

-- зӨәдҫӢжҠҖиғҪ(йқһеҶ…зҪ®,еҸҜзј–иҫ‘/еҲ йҷӨ):иӮЎзҘЁд»Јз Ғи§„иҢғеҢ–,жј”зӨәгҖҢжёҗиҝӣејҸжҠ«йңІгҖҚвҖ”вҖ”е№іж—¶еҸӘи§ҒжҸҸиҝ°,д»»еҠЎеҢ№й…Қж—¶ load_skill жӢүжӯЈж–Ү
insert into ai_skill (name,code,description,content,status,built_in,create_by,create_time,update_by,tenant_id) values
('иӮЎзҘЁд»Јз Ғи§„иҢғеҢ–','stock_code_norm',
 'жҠҠиӮЎзҘЁдёӯж–ҮеҗҚжҲ–6дҪҚд»Јз Ғи§„иҢғжҲҗеёҰдәӨжҳ“жүҖеүҚзјҖ(sh/sz/bj)зҡ„ж ҮеҮҶд»Јз Ғ,жҹҘиЎҢжғ…/ж—ҘзәҝеүҚз»ҹдёҖдҪҝз”ЁгҖӮеҪ“з”ЁжҲ·жҸҗеҲ°е…·дҪ“иӮЎзҘЁе№¶иҰҒжҹҘиҜўж—¶йҖӮз”ЁгҖӮ',
 'еҪ“з”ЁжҲ·жҸҗеҲ°жҹҗеҸӘиӮЎзҘЁ(дёӯж–ҮеҗҚжҲ–6дҪҚд»Јз Ғ)гҖҒйңҖиҰҒжҹҘиЎҢжғ…/ж—Ҙзәҝж—¶,е…ҲжҢүдёӢиҝ°и§„еҲҷжҠҠе®ғи§„иҢғжҲҗеёҰдәӨжҳ“жүҖеүҚзјҖзҡ„ж ҮеҮҶд»Јз Ғ,еҶҚеҺ»жҹҘиҜўгҖӮ

## еүҚзјҖи§„еҲҷ(AиӮЎ)
- 6 жҲ– 9 ејҖеӨҙ вҶ’ дёҠдәӨжүҖ,еүҚзјҖ sh(еҰӮ 600519 вҶ’ sh600519;з§‘еҲӣжқҝ 688 ејҖеӨҙд№ҹжҳҜ sh)
- 0 жҲ– 3 ејҖеӨҙ вҶ’ ж·ұдәӨжүҖ,еүҚзјҖ sz(еҰӮ 000001 вҶ’ sz000001;еҲӣдёҡжқҝ 300 ејҖеӨҙд№ҹжҳҜ sz)
- 4 жҲ– 8 ејҖеӨҙ вҶ’ еҢ—дәӨжүҖ,еүҚзјҖ bj(ж–°жөӘж—ҘзәҝжҺҘеҸЈдёҚж”ҜжҢҒеҢ—дәӨжүҖ)

## жӯҘйӘӨ
1. з”ЁжҲ·з»ҷдёӯж–ҮеҗҚж—¶,е…Ҳз”Ёж•°жҚ®жҺўзҙў/еҝ«з…§(fin_stock_spot жҢү name еҢ№й…Қ)жӢҝеҲ°6дҪҚд»Јз Ғ;
2. жҢүдёҠйқўи§„еҲҷеҠ еүҚзјҖеҫ—еҲ°ж ҮеҮҶд»Јз Ғ;
3. з”Ёж ҮеҮҶд»Јз ҒеҺ»жҹҘиҜў(stock_zh_a_daily зҡ„ symbolгҖҒжҲ– ES зҙўеј• code еӯ—ж®ө)гҖӮ

## зӨәдҫӢ
- иҙөе·һиҢ…еҸ° вҶ’ 600519 вҶ’ sh600519
- е®Ғеҫ·ж—¶д»Ј вҶ’ 300750 вҶ’ sz300750
- з”ЁжҲ·зӣҙжҺҘз»ҷ 000651 вҶ’ sz000651',
 '0','0','admin',sysdate(),'admin',100);

-- еҶ…зҪ®жөҒзЁӢеһӢжҠҖиғҪ(built_in=1):жүҝжҺҘд»Һж•°жҚ® agent еёёй©»жҢҮд»Өжҗ¬еҮәзҡ„жқЎд»¶жҖ§дё“йўҳ,жЁЎеһӢжҢүйңҖ load_skill жӢүеҸ–
insert into ai_skill (name,code,description,content,skill_type,status,built_in,create_by,create_time,update_by,tenant_id) values
('еҮәеӣҫжһ„е»ә','chart_building',
 'еҮәеӣҫ/з”»еӣҫж“ҚдҪңжүӢеҶҢ:plot_chart(з®ҖеҚ•еӣҫ) vs д»Јз Ғ(еӨҚжқӮеӣҫ)зҡ„еҲҶжөҒи§„еҲҷгҖҒnative зӣҙжҺҘиҝ”еӣһжңҖз»ҲеҖјзҡ„еҶҷжі•гҖӮиҰҒз”»д»»дҪ•еӣҫеүҚе…ҲеҠ иҪҪгҖӮ',
'# еҮәеӣҫе·Ҙе…·жҖҺд№ҲйҖү(жҢүиҒҡеҗҲеӨҚжқӮеәҰеҲҶжөҒ)

## з®ҖеҚ•еӣҫ:дјҳе…Ҳ plot_chart(datasource_code, native=еҚ•жқЎеҸӘиҜ»жҹҘиҜў, chart_type, x, ys, ...)
йҖӮз”ЁгҖҢеҚ•иЎЁ + еҚ•дёҖз»ҙеәҰ + еҚ•дёҖ/ж— иҒҡеҗҲгҖҚзҡ„й«ҳйў‘еӣҫвҖ”вҖ”Top-N жҹұ/жқЎгҖҒеҚ жҜ”йҘјгҖҒж—¶й—ҙи¶ӢеҠҝзәҝгҖҒK зәҝгҖӮ
е…ій”®:и®© native зӣҙжҺҘиҝ”еӣһиҰҒз”»зҡ„жңҖз»ҲеҖј(SQL еҶҷ GROUP BY / ORDER BY / LIMIT,еәҰйҮҸ agg еЎ« none),
дёҚиҰҒдҫқиө–еүҚз«ҜдәҢж¬ЎиҒҡеҗҲ(еҸ–ж•°жңүиЎҢж•°дёҠйҷҗ,дјҡжҠҠжҖ»е’Ң/жһҒеҖјз®—й”ҷ)гҖӮиҝҷзұ»еӣҫеҸҜгҖҢеӯҳдёәзңӢжқҝгҖҚ,иғҪз”Ёе°ұз”Ёе®ғгҖӮ

## еӨҚжқӮеӣҫ:ж”№з”Ё run_datasource_query еҶҷд»Јз Ғ
еӨҡйҮҚ/еӨҡеұӮиҒҡеҗҲгҖҒи·ЁеӨҡж¬ЎжҹҘиҜўгҖҒpandas е…іиҒ”/йҖҸи§Ҷ/еӨҡжӯҘи®Ўз®—,жҲ– ES еҸӘжңүжҢҮж Үж— еҲҶжЎ¶зҡ„еҚ•еҖј KPI
вҶ’ жІҷз®ұйҮҢз”Ёд»Јз Ғз®—еҮҶгҖҒеҶҚз”Ё pyecharts еҮәеӣҫгҖӮ

## жӢҝдёҚеҮҶ
дёҖжқЎжҹҘиҜўиғҪз®—жё…иҰҒз”»зҡ„еҖј вҶ’ plot_chart;иҰҒеӨҡжӯҘ/еӨҡиҒҡеҗҲ вҶ’ д»Јз ҒгҖӮ',
 'process','0','1','admin',sysdate(),'admin',100),

('ESжҹҘиҜўжіЁж„Ҹ','es_query',
 'Elasticsearch ж•°жҚ®жәҗжҹҘиҜўжіЁж„ҸдәӢйЎ№:.keyword еӯҗеӯ—ж®өгҖҒsize еҶҷи¶ігҖҒTop-N жҺ’еәҸеҲҮзүҮгҖӮзӣ®ж Үж•°жҚ®жәҗжҳҜ ES ж—¶е…ҲеҠ иҪҪгҖӮ',
'# Elasticsearch ж•°жҚ®жәҗжҹҘиҜўжіЁж„ҸдәӢйЎ№

1. ж–Үжң¬еӯ—ж®өеҒҡ terms иҒҡеҗҲ/зІҫзЎ®еҢ№й…Қ/жҺ’еәҸ,еҠЎеҝ…з”ЁеёҰ .keyword зҡ„еӯҗеӯ—ж®ө(еҰӮ industry.keyword);еҲ«еҜ№ text дё»еӯ—ж®өиҒҡеҗҲгҖӮ
2. еҸ–ж—¶й—ҙеәҸеҲ—/жҳҺз»ҶеҠЎеҝ…жҳҫејҸеҶҷи¶і size(еҰӮ size:300),ES й»ҳи®ӨеҸӘеӣһ 10 жқЎгҖӮ
3. Top-N еңЁжІҷз®ұд»Јз ҒйҮҢжҺ’еәҸеҲҮзүҮ(sorted(...)[:N])еҗҺеҶҚдә§еҮә,еҲ«йқ з»“жһңж‘ҳиҰҒзӣ®жөӢгҖӮ',
 'process','0','1','admin',sysdate(),'admin',100),

('д»»еҠЎдёҺе®ҡж—¶','task_scheduling',
 'е®ҡж—¶д»»еҠЎзҡ„ж–°е»ә/дҝ®ж”№/еӨҚеҲ¶жөҒзЁӢ + 7ж®ө Quartz cron и§„еҲҷ(еҢ—дә¬ж—¶еҢә)гҖӮз”ЁжҲ·иҰҒе»ә/ж”№/еӨҚеҲ¶д»»еҠЎ(еҗ«и®ҫе®ҡж—¶)еүҚе…ҲеҠ иҪҪгҖӮ',
'# д»»еҠЎз®ЎзҗҶдёҺе®ҡж—¶ cron

## жҸҗи®®д»»еҠЎ(еҸӘеј№иЎЁеҚ•дәӨз”ЁжҲ·зЎ®и®Ө,дёҚж“…иҮӘиҗҪеә“)
- ж”№е·Іжңүд»»еҠЎ(и°ғйў‘зҺҮгҖҒеҗҜз”Ё/еҒңз”ЁгҖҒж”№еҗҚ)вҶ’ find_tasks вҶ’ propose_task_updateгҖӮ
- еҺҹж ·еӨҚеҲ¶ вҶ’ find_tasks вҶ’ propose_task_copyгҖӮ
- з…§жҹҗд»»еҠЎж”№еҠЁеҗҺж–°е»ә вҶ’ find_tasks вҶ’ get_task_detail вҶ’ еҜ№еә” propose_*(д»Јз ҒеҸ–ж•°з”Ё propose_code_extract_task)гҖӮ
- е…Ёж–°д»»еҠЎ:зӣҙжҺҘ propose_data_integration_task / propose_code_extract_task / propose_python_task / propose_shell_taskгҖӮ

## е®ҡж—¶ cron:7 ж®ө Quartz(з§’ еҲҶ ж—¶ ж—Ҙ жңҲ е‘Ё е№ҙ),еҢ—дә¬ж—¶еҢә Asia/Shanghai,дёҺеүҚз«Ҝ cron з»„д»¶дёҖиҮҙ
1. жӯҘиҝӣз”Ё `0/N`,дёҚиҰҒз”Ё `*/N`(дјҡи§ЈжһҗжҲҗ NaN)гҖӮ
2. жҳҹжңҹеҸӘз”Ёж•°еӯ—,е‘Ёж—Ҙ=1..е‘Ёе…ӯ=7(е‘ЁдёҖеҲ°е‘Ёдә”=2-6),еҲ«з”Ё MON-FRIгҖҒеҲ«з”Ё 0гҖӮ
3. е№ҙеӣәе®ҡеҶҷ `*`гҖӮ4. ж—ҘдёҺжҳҹжңҹдәҢйҖүдёҖ,е®ҡдәҶжҳҹжңҹеҲҷж—ҘеҶҷ ?гҖӮ
дҫӢ:жҜҸ20еҲҶй’ҹ `0 0/20 * * * ? *`;жҜҸеӨ©8зӮ№ `0 0 8 * * ? *`;дәӨжҳ“ж—¶ж®ө(е‘ЁдёҖеҲ°е‘Ёдә”9-15зӮ№)жҜҸ5еҲҶй’ҹ `0 0/5 9-15 ? * 2-6 *`гҖӮ',
 'process','0','1','admin',sysdate(),'admin',100);


-- ----------------------------
-- AIеә”з”ЁиЎЁ(жү“еҢ…зҡ„еҠ©жүӢй…ҚзҪ®)
-- ----------------------------
drop table if exists ai_app;
create table ai_app (
  app_id            bigint(20)      not null auto_increment    comment 'еә”з”Ёдё»й”®',
  name              varchar(100)    not null                   comment 'еә”з”ЁеҗҚз§°',
  icon              varchar(500)    default null               comment 'еә”з”Ёеӣҫж Ү',
  description       varchar(500)    default null               comment 'еә”з”ЁжҸҸиҝ°',
  app_type          varchar(50)     default null               comment 'еә”з”Ёзұ»еһӢ/еҲҶзұ»',
  status            char(1)         default '0'                comment 'зҠ¶жҖҒ: 0еҸ‘еёғ 1иҚүзЁҝ',
  config            text                                       comment 'еә”з”Ёй…ҚзҪ®JSON(prompt/з»‘е®ҡе·Ҙе…·зҹҘиҜҶеә“/еҸӮж•°зӯү)',
  user_id           bigint(20)                                 comment 'з”ЁжҲ·ID',
  dept_id           bigint(20)                                 comment 'йғЁй—ЁID',
  create_by         varchar(64)     default ''                 comment 'еҲӣе»әиҖ…',
  create_time       datetime                                   comment 'еҲӣе»әж—¶й—ҙ',
  update_by         varchar(64)     default ''                 comment 'жӣҙж–°иҖ…',
  update_time       datetime                                   comment 'жӣҙж–°ж—¶й—ҙ',
  remark            varchar(500)    default null               comment 'еӨҮжіЁ',
  tenant_id         bigint(20)                                 comment 'з§ҹжҲ·ID(йЎ¶зә§йғЁй—Ё)',
  primary key (app_id),
  key ix_ai_app_tenant_id (tenant_id)
) engine=innodb auto_increment=1 comment = 'AIеә”з”ЁиЎЁ';

-- (еә”з”ЁеҜ№еӨ– APIKey еӨҚз”ЁйҖҡз”Ё api_token иЎЁ:token_type='ai_app', ref_id=еә”з”ЁID)


-- ----------------------------
-- 21гҖҒAIеҜ№иҜқй…ҚзҪ®иЎЁ
-- ----------------------------
drop table if exists ai_chat_config;
create table ai_chat_config (
  chat_config_id          bigint(20)      not null auto_increment    comment 'й…ҚзҪ®дё»й”®',
  user_id                 bigint(20)      not null unique            comment 'з”ЁжҲ·ID',
  temperature             float           default null               comment 'й»ҳи®Өжё©еәҰ',
  add_history_to_context  char(1)         default '0'                comment 'жҳҜеҗҰж·»еҠ еҺҶеҸІи®°еҪ•(0жҳҜ, 1еҗҰ)',
  num_history_runs        int(4)          default null               comment 'еҺҶеҸІи®°еҪ•жқЎж•°',
  system_prompt           text            default null               comment 'зі»з»ҹжҸҗзӨәиҜҚ',
  metrics_default_visible char(1)         default '0'                comment 'й»ҳи®ӨжҳҫзӨәжҢҮж Ү(0жҳҜ, 1еҗҰ)',
  vision_enabled          char(1)         default '1'                comment 'жҳҜеҗҰејҖеҗҜи§Ҷи§ү(0жҳҜ, 1еҗҰ)',
  image_max_size_mb       int(4)          default null               comment 'еӣҫзүҮжңҖеӨ§еӨ§е°Ҹ(MB)',
  mcp_tool_ids            varchar(500)    default null               comment 'еҗҜз”Ёзҡ„MCPе·Ҙе…·ID(йҖ—еҸ·еҲҶйҡ”)',
  agent_app_ids           varchar(500)    default null               comment 'еј•з”Ёзҡ„еә”з”Ёagent ID(йҖ—еҸ·еҲҶйҡ”,еӨҡagentеҚҸдҪң)',
  enable_memory           char(1)         default '1'                comment 'жҳҜеҗҰејҖеҗҜй•ҝжңҹи®°еҝҶ(0жҳҜ, 1еҗҰ)',
  create_time             datetime                                   comment 'еҲӣе»әж—¶й—ҙ',
  update_time             datetime                                   comment 'жӣҙж–°ж—¶й—ҙ',
  primary key (chat_config_id)
) engine=innodb auto_increment=1 comment = 'AIеҜ№иҜқй…ҚзҪ®иЎЁ';

-- AI й•ҝжңҹи®°еҝҶиЎЁ(agno user-memory;жҢү user_id и·ЁдјҡиҜқжІүж·Җ,schema йЎ»дёҺ agno дёҖиҮҙ)
drop table if exists ai_memories;
create table ai_memories (
  memory_id   varchar(128)    not null                   comment 'и®°еҝҶID',
  memory      json            not null                   comment 'и®°еҝҶеҶ…е®№',
  input       text                                       comment 'жқҘжәҗеҜ№иҜқзүҮж®ө',
  agent_id    varchar(128)                               comment 'agent ID',
  team_id     varchar(128)                               comment 'team ID',
  user_id     varchar(128)                               comment 'з”ЁжҲ·ID',
  topics      json                                       comment 'дё»йўҳж Үзӯҫ',
  feedback    text                                       comment 'еҸҚйҰҲ',
  created_at  bigint          not null                   comment 'еҲӣе»әж—¶й—ҙ(epoch)',
  updated_at  bigint                                     comment 'жӣҙж–°ж—¶й—ҙ(epoch)',
  primary key (memory_id),
  key ix_ai_memories_user_id (user_id),
  key ix_ai_memories_created_at (created_at),
  key ix_ai_memories_updated_at (updated_at)
) engine=innodb comment = 'AIй•ҝжңҹи®°еҝҶиЎЁ(agno)';

-- ----------------------------
-- д»»еҠЎи°ғеәҰжЁЎеқ—пјҲmodule_task_scheduleпјү
-- ----------------------------

-- д»»еҠЎжЁЎжқҝиЎЁ
drop table if exists task_template;
create table task_template (
  id                  varchar(36)     not null                   comment 'дё»й”®',
  name                varchar(200)    default ''                 comment 'жЁЎжқҝеҗҚз§°',
  code                varchar(200)    default ''                 comment 'жЁЎжқҝзј–з Ғ',
  icon                varchar(500)    default ''                 comment 'жЁЎжқҝеӣҫж Ү',
  type                smallint        default 1                  comment 'иЎЁеҚ•зұ»еһӢ,1еҶ…зҪ®з»„д»¶2еҠЁжҖҒй…ҚзҪ®',
  runner_type         smallint        default 1                  comment 'жү§иЎҢеҷЁзұ»еһӢпјҢ1еҶ…зҪ®жү§иЎҢеҷЁ2еҠЁжҖҒд»Јз Ғ',
  runner_code         text                                       comment 'еҠЁжҖҒжү§иЎҢеҷЁд»Јз Ғ',
  component           varchar(500)    default ''                 comment 'еүҚз«Ҝз»„д»¶',
  params              text                                       comment 'жЁЎжқҝеҸӮж•°schema',
  built_in            smallint        default 0                  comment 'жҳҜеҗҰеҶ…зҪ® 1жҳҜ 0дёҚжҳҜ',
  status              smallint        default 1                  comment 'зҠ¶жҖҒ 1еҗҜз”Ё 0зҰҒз”Ё',
  create_by           varchar(64)     default ''                 comment 'еҲӣе»әиҖ…',
  create_time         datetime                                   comment 'еҲӣе»әж—¶й—ҙ',
  update_by           varchar(64)     default ''                 comment 'жӣҙж–°иҖ…',
  update_time         datetime                                   comment 'жӣҙж–°ж—¶й—ҙ',
  remark              varchar(500)    default ''                 comment 'еӨҮжіЁ',
  primary key (id),
  unique key uk_task_template_code (code)
) engine=innodb comment = 'д»»еҠЎжЁЎжқҝиЎЁ';

-- д»»еҠЎиЎЁ
drop table if exists task;
create table task (
  id                  varchar(36)     not null                   comment 'дё»й”®',
  template_code       varchar(200)    default ''                 comment 'д»»еҠЎжЁЎжқҝзј–з Ғ',
  task_type           smallint        default 1                  comment 'д»»еҠЎзұ»еһӢпјҢ1жҷ®йҖҡд»»еҠЎ2dagе·ҘдҪңжөҒд»»еҠЎ',
  run_type            smallint        default 1                  comment 'DAGиҝҗиЎҢжЁЎејҸ 1еҲҶеёғејҸ2еҚ•жңә',
  name                varchar(100)    default ''                 comment 'еҗҚз§°',
  params              text                                       comment 'еҸӮж•°',
  status              smallint        default 0                  comment 'зҠ¶жҖҒ 0еҒңз”Ё 1еҗҜз”Ё',
  built_in            smallint        default 0                  comment 'жҳҜеҗҰеҶ…зҪ® 1жҳҜ 0дёҚжҳҜ',
  trigger_type        smallint        default 1                  comment 'и§ҰеҸ‘ж–№ејҸпјҢ1еҚ•ж¬Ў2е®ҡж—¶',
  crontab             varchar(500)    default ''                 comment 'е®ҡж—¶и®ҫзҪ®',
  priority            int             default 1                  comment 'дјҳе…Ҳзә§',
  retry               int             default 0                  comment 'еӨұиҙҘйҮҚиҜ•ж¬Ўж•°',
  countdown           int             default 0                  comment 'еӨұиҙҘйҮҚиҜ•й—ҙйҡ”(з§’)',
  run_queue           varchar(200)    default 'default'          comment 'иҝҗиЎҢйҳҹеҲ—',
  running_id          varchar(36)     default null               comment 'жӯЈеңЁиҝҗиЎҢд»»еҠЎе®һдҫӢID',
  job_id              int             default null               comment 'е…іиҒ”зҡ„и°ғеәҰд»»еҠЎID(sys_job)',
  published_version_id varchar(36)    default null               comment 'DAGеҪ“еүҚеҸ‘еёғзүҲ(dag_graph.id)',
  create_by           varchar(64)     default ''                 comment 'еҲӣе»әиҖ…',
  create_time         datetime                                   comment 'еҲӣе»әж—¶й—ҙ',
  update_by           varchar(64)     default ''                 comment 'жӣҙж–°иҖ…',
  update_time         datetime                                   comment 'жӣҙж–°ж—¶й—ҙ',
  remark              varchar(500)    default ''                 comment 'еӨҮжіЁ',
  primary key (id)
) engine=innodb comment = 'д»»еҠЎиЎЁ';

-- д»»еҠЎе®һдҫӢ(жү§иЎҢи®°еҪ•)иЎЁ
drop table if exists task_instance;
create table task_instance (
  id                  varchar(36)     not null                   comment 'дё»й”®(celery task uuid)',
  parent_id           varchar(36)     default ''                 comment 'зҲ¶д»»еҠЎid',
  task_id             varchar(36)     default ''                 comment 'д»»еҠЎid',
  node_id             varchar(36)     default ''                 comment 'dagиҠӮзӮ№id',
  name                varchar(100)    default ''                 comment 'д»»еҠЎеҗҚз§°',
  status              varchar(50)     default 'STARTED'          comment 'зҠ¶жҖҒ',
  worker              varchar(200)    default ''                 comment 'worker',
  retry_num           int             default 0                  comment 'йҮҚиҜ•ж¬Ўж•°',
  progress            float           default 0                  comment 'д»»еҠЎиҝӣеәҰ',
  start_time          datetime                                   comment 'ејҖе§Ӣж—¶й—ҙ',
  end_time            datetime                                   comment 'з»“жқҹж—¶й—ҙ',
  closed              smallint        default 0                  comment 'жҳҜеҗҰе·Іе…ій—ӯ',
  result              text                                       comment 'жү§иЎҢз»“жһң',
  dag_version_id      varchar(36)     default null               comment 'DAG run еӣҫзүҲжң¬(dag_graph.id)',
  primary key (id),
  key idx_task_instance_task (task_id),
  key idx_task_instance_status (status)
) engine=innodb comment = 'д»»еҠЎе®һдҫӢиЎЁ';

-- DAG еӣҫзүҲжң¬ж–ҮжЎЈиЎЁ(Dify/n8n иҢғејҸ:draft еҸҜеҸҳ + published дёҚеҸҜеҸҳ)
drop table if exists dag_graph;
create table dag_graph (
  id                  varchar(36)     not null                   comment 'дё»й”®',
  dag_task_id         varchar(36)     default null               comment 'жүҖеұһ DAG д»»еҠЎid',
  version             varchar(64)     default 'draft'            comment "зүҲжң¬:'draft' жҲ– еҸ‘еёғзүҲжң¬еҸ·",
  status              varchar(20)     default 'draft'            comment 'draft/published/archived',
  graph               mediumtext                                 comment 'ж•ҙеј еӣҫ JSON(nodes/edges/viewport)',
  remark              varchar(500)    default ''                 comment 'еҸ‘еёғиҜҙжҳҺ',
  create_by           varchar(64)     default ''                 comment 'еҲӣе»әиҖ…',
  create_time         datetime                                   comment 'еҲӣе»әж—¶й—ҙ',
  tenant_id           bigint          default null               comment 'з§ҹжҲ·ID',
  primary key (id),
  key ix_dag_graph_dag_task_id (dag_task_id)
) engine=innodb comment = 'DAGеӣҫзүҲжң¬ж–ҮжЎЈиЎЁ';

-- д»»еҠЎжү§иЎҢжҳҺз»Ҷж—Ҙеҝ—иЎЁ(д»… TASK_LOG_TYPE=db ж—¶еҶҷе…Ҙ)
drop table if exists task_log;
create table task_log (
  id                  bigint(20)      not null auto_increment    comment 'ж—Ҙеҝ—ID',
  task_uuid           varchar(36)     default ''                 comment 'д»»еҠЎе®һдҫӢID',
  level               varchar(20)     default 'INFO'             comment 'ж—Ҙеҝ—зә§еҲ«',
  content             text                                       comment 'ж—Ҙеҝ—еҶ…е®№',
  create_time         datetime                                   comment 'еҲӣе»әж—¶й—ҙ',
  primary key (id),
  key idx_task_log_uuid (task_uuid)
) engine=innodb comment = 'д»»еҠЎжү§иЎҢжҳҺз»Ҷж—Ҙеҝ—иЎЁ';

-- еҶ…зҪ®д»»еҠЎжЁЎжқҝ
insert into task_template values ('1', 'Pythonи„ҡжң¬д»»еҠЎ', 'PythonTask', '', 1, 1, null, 'PythonTask', '', 1, 1, 'admin', sysdate(), '', null, 'еҶ…зҪ®з»„д»¶: Python д»»еҠЎ(д»Јз Ғ/ж–Үд»¶жЁЎејҸ)');
insert into task_template values ('2', 'Shellи„ҡжң¬д»»еҠЎ', 'ShellTask', '', 1, 1, null, 'ShellTask', '', 1, 1, 'admin', sysdate(), '', null, 'еҶ…зҪ®з»„д»¶: Shell д»»еҠЎ(д»Јз Ғ/ж–Үд»¶жЁЎејҸ)');
insert into task_template values ('3', 'еҠЁжҖҒд»Јз Ғд»»еҠЎ', 'DynamicTask', '', 2, 2, 'def run(params, logger):
    logger.info("еҠЁжҖҒд»»еҠЎеҸӮж•°: " + str(params))
    return "жү§иЎҢжҲҗеҠҹ"', '', '[{"field":"message","label":"ж¶ҲжҒҜеҶ…е®№","component":"text","required":false,"default":"hello dynamic"}]', 1, 1, 'admin', sysdate(), '', null, 'еҠЁжҖҒд»Јз ҒжЁЎжқҝпјҡrun(params, logger) еңЁжЁЎжқҝдёҠз»ҙжҠӨпјҢд»»еҠЎеҸӘеЎ«еҸӮж•°');
insert into task_template values ('4', 'ж•°жҚ®йӣҶжҲҗд»»еҠЎ', 'DataIntegrationTask', '', 1, 1, null, 'DataIntegrationTask', '', 1, 1, 'admin', sysdate(), '', null, 'еҶ…зҪ®з»„д»¶: ж•°жҚ®йӣҶжҲҗ ETL(жҠҪеҸ–-иҪ¬жҚў-иЈ…иҪҪ),ж”ҜжҢҒжҠҪеҸ–йў„и§Ҳи°ғиҜ•');

-- ----------------------------
-- д»»еҠЎи°ғеәҰжЁЎеқ—иҸңеҚ•/жқғйҷҗ
-- ----------------------------
insert into sys_menu values('2100', 'д»»еҠЎи°ғеәҰ', '0',    '2', 'task',     null,                  '', '', 1, 0, 'M', '0', '0', '',                       'job',  'admin', sysdate(), '', null, 'д»»еҠЎи°ғеәҰзӣ®еҪ•');
insert into sys_menu values('2101', 'жҷ®йҖҡд»»еҠЎи°ғеәҰ', '2100', '1', 'info',     'task/info/index',     '', '', 1, 0, 'C', '0', '0', 'task:info:list',         'list', 'admin', sysdate(), '', null, 'д»»еҠЎз®ЎзҗҶиҸңеҚ•');
insert into sys_menu values('2102', 'д»»еҠЎжЁЎжқҝ', '2100', '3', 'template', 'task/template/index', '', '', 1, 0, 'C', '0', '0', 'task:template:list',     'form', 'admin', sysdate(), '', null, 'д»»еҠЎжЁЎжқҝиҸңеҚ•');
insert into sys_menu values('2103', 'д»»еҠЎе·ҘдҪңжөҒ', '2100', '2', 'dag',     'task/dag/index',      '', '', 1, 0, 'C', '0', '0', 'task:dag:list',          'share', 'admin', sysdate(), '', null, 'DAGе·ҘдҪңжөҒиҸңеҚ•');
-- DAG е·ҘдҪңжөҒ жҢүй’®
insert into sys_menu values('2140', 'DAGжҹҘиҜў', '2103', '1', '#', '', '', '', 1, 0, 'F', '0', '0', 'task:dag:list',    '#', 'admin', sysdate(), '', null, '');
insert into sys_menu values('2141', 'DAGзј–иҫ‘', '2103', '2', '#', '', '', '', 1, 0, 'F', '0', '0', 'task:dag:edit',    '#', 'admin', sysdate(), '', null, '');
insert into sys_menu values('2142', 'DAGеҸ‘еёғ', '2103', '3', '#', '', '', '', 1, 0, 'F', '0', '0', 'task:dag:publish', '#', 'admin', sysdate(), '', null, '');
insert into sys_menu values('2143', 'DAGиҝҗиЎҢ', '2103', '4', '#', '', '', '', 1, 0, 'F', '0', '0', 'task:dag:run',     '#', 'admin', sysdate(), '', null, '');
-- д»»еҠЎз®ЎзҗҶ жҢүй’®
insert into sys_menu values('2110', 'д»»еҠЎжҹҘиҜў', '2101', '1', '#', '', '', '', 1, 0, 'F', '0', '0', 'task:info:query',        '#', 'admin', sysdate(), '', null, '');
insert into sys_menu values('2111', 'д»»еҠЎж–°еўһ', '2101', '2', '#', '', '', '', 1, 0, 'F', '0', '0', 'task:info:add',          '#', 'admin', sysdate(), '', null, '');
insert into sys_menu values('2112', 'д»»еҠЎдҝ®ж”№', '2101', '3', '#', '', '', '', 1, 0, 'F', '0', '0', 'task:info:edit',         '#', 'admin', sysdate(), '', null, '');
insert into sys_menu values('2113', 'д»»еҠЎеҲ йҷӨ', '2101', '4', '#', '', '', '', 1, 0, 'F', '0', '0', 'task:info:remove',       '#', 'admin', sysdate(), '', null, '');
insert into sys_menu values('2114', 'зҠ¶жҖҒдҝ®ж”№', '2101', '5', '#', '', '', '', 1, 0, 'F', '0', '0', 'task:info:changeStatus', '#', 'admin', sysdate(), '', null, '');
insert into sys_menu values('2115', 'жүӢеҠЁжү§иЎҢ', '2101', '6', '#', '', '', '', 1, 0, 'F', '0', '0', 'task:info:run',          '#', 'admin', sysdate(), '', null, '');
-- д»»еҠЎжЁЎжқҝ жҢүй’®
insert into sys_menu values('2120', 'жЁЎжқҝжҹҘиҜў', '2102', '1', '#', '', '', '', 1, 0, 'F', '0', '0', 'task:template:query',  '#', 'admin', sysdate(), '', null, '');
insert into sys_menu values('2121', 'жЁЎжқҝж–°еўһ', '2102', '2', '#', '', '', '', 1, 0, 'F', '0', '0', 'task:template:add',    '#', 'admin', sysdate(), '', null, '');
insert into sys_menu values('2122', 'жЁЎжқҝдҝ®ж”№', '2102', '3', '#', '', '', '', 1, 0, 'F', '0', '0', 'task:template:edit',   '#', 'admin', sysdate(), '', null, '');
insert into sys_menu values('2123', 'жЁЎжқҝеҲ йҷӨ', '2102', '4', '#', '', '', '', 1, 0, 'F', '0', '0', 'task:template:remove', '#', 'admin', sysdate(), '', null, '');
-- жү§иЎҢи®°еҪ• жҢүй’®
insert into sys_menu values('2130', 'и®°еҪ•жҹҘиҜў', '2101', '1', '#', '', '', '', 1, 0, 'F', '0', '0', 'task:instance:query',  '#', 'admin', sysdate(), '', null, '');
insert into sys_menu values('2131', 'и®°еҪ•еҲ йҷӨ', '2101', '2', '#', '', '', '', 1, 0, 'F', '0', '0', 'task:instance:remove', '#', 'admin', sysdate(), '', null, '');
insert into sys_menu values('2132', 'з»Ҳжӯўд»»еҠЎ', '2101', '3', '#', '', '', '', 1, 0, 'F', '0', '0', 'task:instance:stop',   '#', 'admin', sysdate(), '', null, '');
-- Worker з®ЎзҗҶ
insert into sys_menu values('2104', 'Workerз®ЎзҗҶ', '2100', '4', 'worker', 'task/worker/index', '', '', 1, 0, 'C', '0', '0', 'task:worker:list', 'server', 'admin', sysdate(), '', null, 'Worker з®ЎзҗҶиҸңеҚ•');
insert into sys_menu values('2150', 'WorkerжҹҘиҜў', '2104', '1', '#', '', '', '', 1, 0, 'F', '0', '0', 'task:worker:list',     '#', 'admin', sysdate(), '', null, '');
insert into sys_menu values('2151', 'йҳҹеҲ—з®ЎзҗҶ',   '2104', '2', '#', '', '', '', 1, 0, 'F', '0', '0', 'task:worker:consumer', '#', 'admin', sysdate(), '', null, '');
insert into sys_menu values('2152', 'е№¶еҸ‘дјёзј©',   '2104', '3', '#', '', '', '', 1, 0, 'F', '0', '0', 'task:worker:scale',    '#', 'admin', sysdate(), '', null, '');

-- ----------------------------
-- е‘ҠиӯҰдёӯеҝғжЁЎеқ—пјҲmodule_alertпјү
-- ----------------------------

-- е‘ҠиӯҰзӯ–з•ҘиЎЁ
drop table if exists alert_strategy;
create table alert_strategy (
  strategy_id         bigint(20)      not null auto_increment    comment 'зӯ–з•Ҙдё»й”®',
  strategy_name       varchar(200)    not null                   comment 'зӯ–з•ҘеҗҚз§°',
  biz                 varchar(50)     default 'scheduler'        comment 'дёҡеҠЎзұ»еһӢ(schedulerзӯү)',
  trigger_conf        text                                       comment 'и§ҰеҸ‘жқЎд»¶(JSON,еҗ«е‘ҠиӯҰзӯүзә§levelзӯү)',
  forward_conf        text                                       comment 'иҪ¬еҸ‘жё йҒ“й…ҚзҪ®(JSONж•°з»„)',
  status              smallint        default 1                  comment 'зҠ¶жҖҒ(1еҗҜз”Ё 0еҒңз”Ё)',
  create_by           varchar(64)     default ''                 comment 'еҲӣе»әиҖ…',
  create_time         datetime                                   comment 'еҲӣе»әж—¶й—ҙ',
  update_by           varchar(64)     default ''                 comment 'жӣҙж–°иҖ…',
  update_time         datetime                                   comment 'жӣҙж–°ж—¶й—ҙ',
  remark              varchar(500)    default ''                 comment 'еӨҮжіЁдҝЎжҒҜ',
  primary key (strategy_id)
) engine=innodb auto_increment=100 comment = 'е‘ҠиӯҰзӯ–з•ҘиЎЁ';

-- е‘ҠиӯҰи®°еҪ•иЎЁ
drop table if exists alert_record;
create table alert_record (
  alert_id            bigint(20)      not null auto_increment    comment 'е‘ҠиӯҰдё»й”®',
  strategy_id         bigint(20)                                 comment 'е‘ҠиӯҰзӯ–з•Ҙid',
  title               varchar(500)                               comment 'е‘ҠиӯҰж Үйўҳ',
  content             text                                       comment 'е‘ҠиӯҰеҶ…е®№',
  level               int             default 0                  comment 'е‘ҠиӯҰзӯүзә§',
  status              smallint        default 0                  comment 'е‘ҠиӯҰзҠ¶жҖҒ(0жңӘеӨ„зҗҶ 1е·ІеӨ„зҗҶ)',
  biz                 varchar(50)                                comment 'е‘ҠиӯҰдёҡеҠЎ(schedulerзӯү)',
  source              varchar(200)                               comment 'е‘ҠиӯҰеҜ№иұЎ(д»»еҠЎеҗҚ/е®һдҫӢзӯү)',
  metric              varchar(100)                               comment 'е‘ҠиӯҰжҢҮж Ү(task_fail/task_timeoutзӯү)',
  tags                text                                       comment 'е‘ҠиӯҰж Үзӯҫ(JSON)',
  ext_params          text                                       comment 'йўқеӨ–еҸӮж•°(JSON)',
  recover_time        datetime                                   comment 'жҒўеӨҚж—¶й—ҙ',
  create_time         datetime                                   comment 'еҲӣе»әж—¶й—ҙ',
  primary key (alert_id),
  key idx_alert_record_strategy (strategy_id),
  key idx_alert_record_status (status)
) engine=innodb comment = 'е‘ҠиӯҰи®°еҪ•иЎЁ';

-- еҶ…зҪ®зӨәдҫӢе‘ҠиӯҰзӯ–з•Ҙ(webhook еҲ°жң¬ең°еҚ дҪҚең°еқҖпјӣlevel=2 й”ҷиҜҜ)
insert into alert_strategy (strategy_id, strategy_name, biz, trigger_conf, forward_conf, status, create_by, create_time, remark)
values (1, 'й»ҳи®Өд»»еҠЎеӨұиҙҘе‘ҠиӯҰ', 'scheduler', '{"level":2}', '[{"type":"webhook","webhook_url":"http://ezdata-backend-dev:9099/dev-api/alert/test-sink"}]', 1, 'admin', sysdate(), 'д»»еҠЎйҮҚиҜ•иҖ—е°ҪеӨұиҙҘж—¶йҖҡиҝҮ webhook йҖҡзҹҘ');

-- д»»еҠЎиЎЁеўһеҠ е‘ҠиӯҰзӯ–з•Ҙз»‘е®ҡеӯ—ж®ө
alter table task add column alert_strategy_ids varchar(500) default '' comment 'з»‘е®ҡзҡ„е‘ҠиӯҰзӯ–з•ҘID(йҖ—еҸ·еҲҶйҡ”)';

-- ----------------------------
-- е‘ҠиӯҰдёӯеҝғиҸңеҚ•/жқғйҷҗ
-- ----------------------------
insert into sys_menu values('2200', 'е‘ҠиӯҰдёӯеҝғ', '0',    '3', 'alert',          null,                  '', '', 1, 0, 'M', '0', '0', '',                     'message', 'admin', sysdate(), '', null, 'е‘ҠиӯҰдёӯеҝғзӣ®еҪ•');
insert into sys_menu values('2201', 'е‘ҠиӯҰзӯ–з•Ҙ', '2200', '1', 'strategy',       'alert/strategy/index', '', '', 1, 0, 'C', '0', '0', 'alert:strategy:list',  'tool',    'admin', sysdate(), '', null, 'е‘ҠиӯҰзӯ–з•ҘиҸңеҚ•');
insert into sys_menu values('2202', 'е‘ҠиӯҰи®°еҪ•', '2200', '2', 'record',         'alert/record/index',   '', '', 1, 0, 'C', '0', '0', 'alert:record:list',    'log',     'admin', sysdate(), '', null, 'е‘ҠиӯҰи®°еҪ•иҸңеҚ•');
-- е‘ҠиӯҰзӯ–з•Ҙ жҢүй’®
insert into sys_menu values('2210', 'зӯ–з•ҘжҹҘиҜў', '2201', '1', '#', '', '', '', 1, 0, 'F', '0', '0', 'alert:strategy:query',  '#', 'admin', sysdate(), '', null, '');
insert into sys_menu values('2211', 'зӯ–з•Ҙж–°еўһ', '2201', '2', '#', '', '', '', 1, 0, 'F', '0', '0', 'alert:strategy:add',    '#', 'admin', sysdate(), '', null, '');
insert into sys_menu values('2212', 'зӯ–з•Ҙдҝ®ж”№', '2201', '3', '#', '', '', '', 1, 0, 'F', '0', '0', 'alert:strategy:edit',   '#', 'admin', sysdate(), '', null, '');
insert into sys_menu values('2213', 'зӯ–з•ҘеҲ йҷӨ', '2201', '4', '#', '', '', '', 1, 0, 'F', '0', '0', 'alert:strategy:remove', '#', 'admin', sysdate(), '', null, '');
-- е‘ҠиӯҰи®°еҪ• жҢүй’®
insert into sys_menu values('2220', 'и®°еҪ•жҹҘиҜў', '2202', '1', '#', '', '', '', 1, 0, 'F', '0', '0', 'alert:record:list',    '#', 'admin', sysdate(), '', null, '');
insert into sys_menu values('2221', 'и®°еҪ•еӨ„зҗҶ', '2202', '2', '#', '', '', '', 1, 0, 'F', '0', '0', 'alert:record:edit',    '#', 'admin', sysdate(), '', null, '');
insert into sys_menu values('2222', 'и®°еҪ•еҲ йҷӨ', '2202', '3', '#', '', '', '', 1, 0, 'F', '0', '0', 'alert:record:remove',  '#', 'admin', sysdate(), '', null, '');

-- ----------------------------
-- ж•°жҚ®з®ЎзҗҶжЁЎеқ—иҸңеҚ•/жқғйҷҗ(module_data + module_apitoken)
-- ----------------------------
insert into sys_menu values('2300', 'ж•°жҚ®з®ЎзҗҶ', '0',    '0', 'data',   null,               '', '', 1, 0, 'M', '0', '0', '',                  'database', 'admin', sysdate(), '', null, 'ж•°жҚ®з®ЎзҗҶзӣ®еҪ•(зҪ®йЎ¶)');
insert into sys_menu values('2301', 'ж•°жҚ®з®ЎзҗҶ', '2300', '1', 'manage', 'dataManage/index', '', '', 1, 0, 'C', '0', '0', 'data:source:list',  'database', 'admin', sysdate(), '', null, 'ж•°жҚ®з®ЎзҗҶиҸңеҚ•');
insert into sys_menu values('2302', 'ж•°жҚ®зңӢжқҝ', '2300', '2', 'dashboard-list', 'dataManage/dashboard/index', '', '', 1, 0, 'C', '0', '0', 'data:query',        'chart',    'admin', sysdate(), '', null, 'зңӢжқҝ/еӨ§еұҸз»ҹдёҖз®ЎзҗҶ(еҚ•еӣҫ/еӨҡеӣҫ/еӨ§еұҸ)');
insert into sys_menu values('2310', 'ж•°жҚ®жәҗжҹҘиҜў', '2301', '1',  '#', '', '', '', 1, 0, 'F', '0', '0', 'data:source:list',   '#', 'admin', sysdate(), '', null, '');
insert into sys_menu values('2311', 'ж•°жҚ®жәҗж–°еўһ', '2301', '2',  '#', '', '', '', 1, 0, 'F', '0', '0', 'data:source:add',    '#', 'admin', sysdate(), '', null, '');
insert into sys_menu values('2312', 'ж•°жҚ®жәҗдҝ®ж”№', '2301', '3',  '#', '', '', '', 1, 0, 'F', '0', '0', 'data:source:edit',   '#', 'admin', sysdate(), '', null, '');
insert into sys_menu values('2313', 'ж•°жҚ®жәҗеҲ йҷӨ', '2301', '4',  '#', '', '', '', 1, 0, 'F', '0', '0', 'data:source:remove', '#', 'admin', sysdate(), '', null, '');
insert into sys_menu values('2314', 'жЁЎеһӢжҹҘиҜў',   '2301', '5',  '#', '', '', '', 1, 0, 'F', '0', '0', 'data:model:list',    '#', 'admin', sysdate(), '', null, '');
insert into sys_menu values('2315', 'жЁЎеһӢж–°еўһ',   '2301', '6',  '#', '', '', '', 1, 0, 'F', '0', '0', 'data:model:add',     '#', 'admin', sysdate(), '', null, '');
insert into sys_menu values('2316', 'жЁЎеһӢдҝ®ж”№',   '2301', '7',  '#', '', '', '', 1, 0, 'F', '0', '0', 'data:model:edit',    '#', 'admin', sysdate(), '', null, '');
insert into sys_menu values('2317', 'жЁЎеһӢеҲ йҷӨ',   '2301', '8',  '#', '', '', '', 1, 0, 'F', '0', '0', 'data:model:remove',  '#', 'admin', sysdate(), '', null, '');
insert into sys_menu values('2318', 'ж•°жҚ®жҹҘиҜў',   '2301', '9',  '#', '', '', '', 1, 0, 'F', '0', '0', 'data:query',         '#', 'admin', sysdate(), '', null, 'еҺҹз”ҹ/AI еҸ–ж•°');
insert into sys_menu values('2319', 'ж•°жҚ®жҺҘеҸЈ',   '2301', '10', '#', '', '', '', 1, 0, 'F', '0', '0', 'data:api',           '#', 'admin', sysdate(), '', null, 'еҲҶйЎөжҺҘеҸЈйў„и§Ҳ');
insert into sys_menu values('2320', 'ж•°жҚ®йӣҶжҲҗ',   '2301', '11', '#', '', '', '', 1, 0, 'F', '0', '0', 'data:etl',           '#', 'admin', sysdate(), '', null, 'ETL йў„и§Ҳ/жөӢиҜ•/AIз”ҹжҲҗ');
insert into sys_menu values('2321', 'д»ӨзүҢжҹҘиҜў',   '2301', '12', '#', '', '', '', 1, 0, 'F', '0', '0', 'apitoken:list',      '#', 'admin', sysdate(), '', null, '');
insert into sys_menu values('2322', 'д»ӨзүҢз”ҹжҲҗ',   '2301', '13', '#', '', '', '', 1, 0, 'F', '0', '0', 'apitoken:add',       '#', 'admin', sysdate(), '', null, '');
insert into sys_menu values('2323', 'д»ӨзүҢеҲ йҷӨ',   '2301', '14', '#', '', '', '', 1, 0, 'F', '0', '0', 'apitoken:remove',    '#', 'admin', sysdate(), '', null, '');

-- ж•°жҚ®з®ЎзҗҶе‘ҳи§’иүІ(role_id=3)еҲҶй…Қж•°жҚ®з®ЎзҗҶе…ЁйғЁиҸңеҚ•/жқғйҷҗ
insert into sys_role_menu values('3', '2300');
insert into sys_role_menu values('3', '2301');
insert into sys_role_menu values('3', '2302');
insert into sys_role_menu values('3', '2310');
insert into sys_role_menu values('3', '2311');
insert into sys_role_menu values('3', '2312');
insert into sys_role_menu values('3', '2313');
insert into sys_role_menu values('3', '2314');
insert into sys_role_menu values('3', '2315');
insert into sys_role_menu values('3', '2316');
insert into sys_role_menu values('3', '2317');
insert into sys_role_menu values('3', '2318');
insert into sys_role_menu values('3', '2319');
insert into sys_role_menu values('3', '2320');
insert into sys_role_menu values('3', '2321');
insert into sys_role_menu values('3', '2322');
insert into sys_role_menu values('3', '2323');

-- ----------------------------
-- зҹҘиҜҶеә“жЁЎеқ—иҸңеҚ•/жқғйҷҗ(module_rag),дёҖзә§иҸңеҚ•
-- ----------------------------
insert into sys_menu values('2400', 'зҹҘиҜҶеә“',   '0',    '1', 'rag',       null,                 '', '', 1, 0, 'M', '0', '0', '',               'documentation', 'admin', sysdate(), '', null, 'зҹҘиҜҶеә“зӣ®еҪ•');
insert into sys_menu values('2401', 'зҹҘиҜҶеә“з®ЎзҗҶ', '2400', '1', 'dataset',   'rag/dataset/index',  '', '', 1, 0, 'C', '0', '0', 'rag:dataset:list', 'documentation', 'admin', sysdate(), '', null, 'зҹҘиҜҶеә“/ж–ҮжЎЈ/еҲҶж®өз®ЎзҗҶ');
insert into sys_menu values('2402', 'еҸ¬еӣһжөӢиҜ•',   '2400', '2', 'retrieval', 'rag/retrieval/index','', '', 1, 0, 'C', '0', '0', 'rag:retrieval',    'search', 'admin', sysdate(), '', null, 'зҹҘиҜҶеә“еҸ¬еӣһжөӢиҜ•');
insert into sys_menu values('2410', 'зҹҘиҜҶеә“жҹҘиҜў', '2401', '1', '#', '', '', '', 1, 0, 'F', '0', '0', 'rag:dataset:list', '#', 'admin', sysdate(), '', null, '');
insert into sys_menu values('2411', 'зҹҘиҜҶеә“зј–иҫ‘', '2401', '2', '#', '', '', '', 1, 0, 'F', '0', '0', 'rag:dataset:edit', '#', 'admin', sysdate(), '', null, '');
insert into sys_menu values('2412', 'еҸ¬еӣһжү§иЎҢ',   '2402', '1', '#', '', '', '', 1, 0, 'F', '0', '0', 'rag:retrieval',    '#', 'admin', sysdate(), '', null, '');

-- ж•°жҚ®з®ЎзҗҶе‘ҳи§’иүІ(role_id=3)еҲҶй…ҚзҹҘиҜҶеә“иҸңеҚ•/жқғйҷҗ
insert into sys_role_menu values('3', '2400');
insert into sys_role_menu values('3', '2401');
insert into sys_role_menu values('3', '2402');
insert into sys_role_menu values('3', '2410');
insert into sys_role_menu values('3', '2411');
insert into sys_role_menu values('3', '2412');

-- ============================================================================
-- зҹҘиҜҶеә“жЁЎеқ—(module_rag):зҹҘиҜҶеә“ / ж–ҮжЎЈ / еҲҶж®ө / embedding зј“еӯҳ
-- ============================================================================
drop table if exists rag_dataset;
create table rag_dataset (
  id                 varchar(36)  not null comment 'зҹҘиҜҶеә“ID',
  name               varchar(200) not null comment 'еҗҚз§°',
  description        varchar(500) default null comment 'жҸҸиҝ°',
  source_id          varchar(36)  default null comment 'дё“еұһж•°жҚ®жәҗID(з©ә=жҷ®йҖҡзҹҘиҜҶеә“)',
  embedding_provider varchar(50)  default null comment 'embedding жҸҗдҫӣе•Ҷ',
  embedding_model    varchar(100) default null comment 'embedding жЁЎеһӢзј–з Ғ',
  embedding_dims     int          default null comment 'еҗ‘йҮҸз»ҙеәҰ',
  vector_backend     varchar(50)  default 'elasticsearch' comment 'еҗ‘йҮҸеҗҺз«Ҝ',
  vector_source_id   varchar(36)  default null comment 'еҗ‘йҮҸеә“ data_source(з©ә=зі»з»ҹй»ҳи®ӨES)',
  index_name         varchar(200) default null comment 'еҗ‘йҮҸзҙўеј•/йӣҶеҗҲеҗҚ',
  retrieval_config   text         default null comment 'й»ҳи®ӨжЈҖзҙўеҸӮж•°(JSON)',
  built_in           tinyint      default 0 comment 'жҳҜеҗҰеҶ…зҪ®',
  status             tinyint      default 1 comment 'зҠ¶жҖҒ 1еҗҜз”Ё0зҰҒз”Ё',
  tenant_id          bigint       default null comment 'з§ҹжҲ·ID',
  create_by          varchar(64)  default '' comment 'еҲӣе»әиҖ…',
  create_time        datetime     default null comment 'еҲӣе»әж—¶й—ҙ',
  update_by          varchar(64)  default '' comment 'жӣҙж–°иҖ…',
  update_time        datetime     default null comment 'жӣҙж–°ж—¶й—ҙ',
  remark             varchar(500) default null comment 'еӨҮжіЁ',
  primary key (id),
  key idx_rag_dataset_tenant (tenant_id)
) engine=innodb default charset=utf8mb4 comment='RAG зҹҘиҜҶеә“';

drop table if exists rag_document;
create table rag_document (
  id             varchar(36)   not null comment 'ж–ҮжЎЈID',
  dataset_id     varchar(36)   not null comment 'жүҖеұһзҹҘиҜҶеә“',
  name           varchar(300)  not null comment 'ж–ҮжЎЈеҗҚ',
  document_type  varchar(30)   default 'upload_file' comment 'жқҘжәҗзұ»еһӢ',
  file_key       varchar(500)  default null comment 'ж–Үд»¶еӯҳеӮЁkey',
  source         varchar(1000) default null comment 'жқҘжәҗ(URL/datamodel_idзӯү)',
  meta_data      text          default null comment 'е…ғж•°жҚ®(JSON)',
  chunk_strategy text          default null comment 'еҲҮеҲҶ/жё…жҙ—зӯ–з•Ҙ(JSON)',
  content_hash   varchar(64)   default null comment 'еҺҹж–Үhash(еўһйҮҸ,жңӘеҸҳи·іиҝҮйҮҚи®ӯ)',
  status         tinyint       default 1 comment 'зҠ¶жҖҒ 1еҫ…и®ӯз»ғ2и®ӯз»ғдёӯ3жҲҗеҠҹ4еӨұиҙҘ',
  chunk_count    int           default 0 comment 'еҲҶж®өж•°',
  error          varchar(1000) default null comment 'еӨұиҙҘеҺҹеӣ ',
  tenant_id      bigint        default null comment 'з§ҹжҲ·ID',
  create_by      varchar(64)   default '' comment 'еҲӣе»әиҖ…',
  create_time    datetime      default null comment 'еҲӣе»әж—¶й—ҙ',
  update_by      varchar(64)   default '' comment 'жӣҙж–°иҖ…',
  update_time    datetime      default null comment 'жӣҙж–°ж—¶й—ҙ',
  primary key (id),
  key idx_rag_document_dataset (dataset_id),
  key idx_rag_document_tenant (tenant_id)
) engine=innodb default charset=utf8mb4 comment='RAG ж–ҮжЎЈ';

drop table if exists rag_chunk;
create table rag_chunk (
  id            varchar(36) not null comment 'еҲҶж®өID(=еҗ‘йҮҸеә“_id)',
  dataset_id    varchar(36) not null comment 'жүҖеұһзҹҘиҜҶеә“',
  document_id   varchar(36) not null comment 'жүҖеұһж–ҮжЎЈ',
  chunk_type    varchar(10) default 'chunk' comment 'зұ»еһӢ chunk/qa',
  content       text        default null comment 'жӯЈж–Ү',
  question      text        default null comment 'й—®йўҳ(QA)',
  question_hash varchar(64) default null comment 'й—®йўҳhash',
  answer        text        default null comment 'зӯ”жЎҲ(QA)',
  hash          varchar(64) default null comment 'жӯЈж–Үhash',
  position      int         default 0 comment 'еәҸеҸ·',
  status        tinyint     default 1 comment 'зҠ¶жҖҒ 1е·Ізҙўеј•0жңӘзҙўеј•',
  star_flag     tinyint     default 0 comment 'ж Үжҳҹ',
  tenant_id     bigint      default null comment 'з§ҹжҲ·ID',
  create_by     varchar(64) default '' comment 'еҲӣе»әиҖ…',
  create_time   datetime    default null comment 'еҲӣе»әж—¶й—ҙ',
  primary key (id),
  key idx_rag_chunk_dataset (dataset_id),
  key idx_rag_chunk_document (document_id),
  key idx_rag_chunk_qhash (question_hash),
  key idx_rag_chunk_tenant (tenant_id)
) engine=innodb default charset=utf8mb4 comment='RAG еҲҶж®ө';

drop table if exists rag_embedding;
create table rag_embedding (
  id          bigint      not null auto_increment comment 'дё»й”®',
  hash        varchar(64) not null comment 'ж–Үжң¬hash(md5)',
  model_id    varchar(150) not null comment 'provider:model',
  dim         int         default null comment 'з»ҙеәҰ',
  vector      mediumtext  default null comment 'еҗ‘йҮҸ(JSONж•°з»„)',
  create_time datetime    default null comment 'еҲӣе»әж—¶й—ҙ',
  primary key (id),
  unique key uk_rag_embedding (hash, model_id)
) engine=innodb default charset=utf8mb4 comment='RAG embedding зј“еӯҳ';

-- ============================================================================
-- ж•°жҚ®з®ЎзҗҶжЁЎеқ—(module_data)пјҡж•°жҚ®жәҗ / ж•°жҚ®жЁЎеһӢ
-- ============================================================================
drop table if exists data_source;
create table data_source (
  id           varchar(36)  not null comment 'дё»й”®',
  name         varchar(200) default '' comment 'еҗҚз§°',
  code         varchar(200) default '' comment 'зј–з Ғ(зЁіе®ҡеј•з”Ё)',
  source_type  varchar(50)  default null comment 'жәҗзұ»еһӢ,еҰӮ mysql/elasticsearch',
  family       varchar(50)  default null comment 'жәҗж—Ҹ,еҰӮ rdbms/search/vector',
  config       json         default null comment 'йқһеҜҶй’ҘиҝһжҺҘеҸӮж•°(JSON)',
  secrets      text         default null comment 'еҜҶй’Ҙ(AES еҠ еҜҶ)',
  status       varchar(20)  default 'untested' comment 'зҠ¶жҖҒ untested/ok/failed',
  last_test_at datetime     default null comment 'жңҖеҗҺжөӢиҜ•ж—¶й—ҙ',
  remark       varchar(500) default '' comment 'еӨҮжіЁ',
  create_by    varchar(64)  default '' comment 'еҲӣе»әиҖ…',
  create_time  datetime     default null comment 'еҲӣе»әж—¶й—ҙ',
  update_by    varchar(64)  default '' comment 'жӣҙж–°иҖ…',
  update_time  datetime     default null comment 'жӣҙж–°ж—¶й—ҙ',
  tenant_id    bigint       default null comment 'з§ҹжҲ·ID(йЎ¶зә§йғЁй—Ё)',
  primary key (id),
  key ix_data_source_tenant_id (tenant_id),
  key ix_data_source_code (code)
) engine=innodb default charset=utf8mb4 comment='ж•°жҚ®жәҗиЎЁ';

drop table if exists data_model;
create table data_model (
  id              varchar(36)  not null comment 'дё»й”®',
  name            varchar(200) default '' comment 'еҗҚз§°',
  code            varchar(200) default '' comment 'зј–з Ғ',
  datasource_code varchar(200) default null comment 'еј•з”Ёзҡ„ж•°жҚ®жәҗзј–з Ғ',
  kind            varchar(50)  default 'table' comment 'table/collection/index/topic/custom_query',
  object_name     varchar(200) default null comment 'иЎЁ/зҙўеј•/йӣҶеҗҲеҗҚ',
  db_schema       varchar(200) default '' comment 'schema/еә“еҗҚ',
  fields          json         default null comment 'еӯ—ж®өз»“жһ„(introspect зј“еӯҳ)',
  default_filters json         default null comment 'й»ҳи®ӨиҝҮж»ӨжқЎд»¶',
  auth            varchar(200) default 'query,extract' comment 'жҺҲжқғдҪҚ query/extract/api/write(йҖ—еҸ·)',
  status          smallint     default 1 comment 'зҠ¶жҖҒ 1еҗҜз”Ё 0еҒңз”Ё',
  remark          varchar(500) default '' comment 'еӨҮжіЁ',
  create_by       varchar(64)  default '' comment 'еҲӣе»әиҖ…',
  create_time     datetime     default null comment 'еҲӣе»әж—¶й—ҙ',
  update_by       varchar(64)  default '' comment 'жӣҙж–°иҖ…',
  update_time     datetime     default null comment 'жӣҙж–°ж—¶й—ҙ',
  tenant_id       bigint       default null comment 'з§ҹжҲ·ID(йЎ¶зә§йғЁй—Ё)',
  primary key (id),
  key ix_data_model_tenant_id (tenant_id),
  key ix_data_model_code (code)
) engine=innodb default charset=utf8mb4 comment='ж•°жҚ®жЁЎеһӢиЎЁ';

-- ----------------------------
-- йҖҡз”Ё API Token жЁЎеқ—(module_apitoken)пјҡapikey ж ЎйӘҢ,data_api/agent зӯүз”ЁйҖ”еӨҚз”Ё
-- ----------------------------
drop table if exists api_token;
create table api_token (
  id          varchar(36)  not null comment 'дё»й”®',
  name        varchar(200) default '' comment 'еҗҚз§°',
  token       varchar(80)  default null comment 'apikey',
  token_type  varchar(50)  default 'data_api' comment 'з”ЁйҖ” data_api/agent/...',
  ref_id      varchar(200) default null comment 'з»‘е®ҡзҡ„иө„жәҗ(еҰӮж•°жҚ®жЁЎеһӢ code);з©ә=иҜҘ type е…ЁйғЁ',
  status      smallint     default 1 comment '1еҗҜз”Ё 0еҒңз”Ё',
  expire_time datetime     default null comment 'иҝҮжңҹж—¶й—ҙ(з©ә=ж°ёдёҚ)',
  remark      varchar(500) default '' comment 'еӨҮжіЁ',
  create_by   varchar(64)  default '' comment 'еҲӣе»әиҖ…',
  create_time datetime     default null comment 'еҲӣе»әж—¶й—ҙ',
  update_by   varchar(64)  default '' comment 'жӣҙж–°иҖ…',
  update_time datetime     default null comment 'жӣҙж–°ж—¶й—ҙ',
  tenant_id   bigint       default null comment 'з§ҹжҲ·ID(йЎ¶зә§йғЁй—Ё)',
  primary key (id),
  key ix_api_token_token (token),
  key ix_api_token_tenant_id (tenant_id)
) engine=innodb default charset=utf8mb4 comment='йҖҡз”Ё API Token иЎЁ(data_api/agent еӨҚз”Ё)';

-- ============================================================================
-- еӨҡз§ҹжҲ·(иЎҢзә§)пјҡдёҡеҠЎ/з»„з»ҮиЎЁеўһеҠ  tenant_id еҲ—(еҖј=йЎ¶зә§йғЁй—ЁID)пјҢе№¶еӣһеЎ«е·Іжңүз§ҚеӯҗеҲ°й»ҳи®Өз§ҹжҲ·(йӣҶеӣўжҖ»е…¬еҸё=100)
-- з§ҹжҲ·=йЎ¶зә§йғЁй—Ё(sys_dept parent_id=0)гҖӮе№іеҸ°и¶…з®Ў(admin)з»•иҝҮиҝҮж»ӨеҸҜи§Ғе…ЁйғЁгҖӮ
-- е…ЁеұҖе…ұдә«(дёҚеҠ  tenant_id)пјҡsys_menu/sys_dict_*/sys_config/sys_role/sys_post/task_template/sys_job_logгҖӮ
-- ============================================================================
alter table task           add column tenant_id bigint null comment 'з§ҹжҲ·ID(йЎ¶зә§йғЁй—Ё)', add index idx_task_tenant (tenant_id);
alter table task           add column timeout int null default 0 comment 'д»»еҠЎи¶…ж—¶(з§’):0=з”Ёе…ЁеұҖй»ҳи®Ө,-1=дёҚйҷҗ(жөҒејҸ/и¶…й•ҝ),>0=иҮӘе®ҡд№ү';
alter table data_source    modify column remark text comment 'еӨҮжіЁ/дёҡеҠЎдёҠдёӢж–Ү(дҫӣеҸ–ж•° AI иҜ»еҸ–)';
alter table task_instance  add column tenant_id bigint null comment 'з§ҹжҲ·ID(йЎ¶зә§йғЁй—Ё)', add index idx_task_instance_tenant (tenant_id);
alter table task_log       add column tenant_id bigint null comment 'з§ҹжҲ·ID(йЎ¶зә§йғЁй—Ё)', add index idx_task_log_tenant (tenant_id);
alter table alert_strategy add column tenant_id bigint null comment 'з§ҹжҲ·ID(йЎ¶зә§йғЁй—Ё)', add index idx_alert_strategy_tenant (tenant_id);
alter table alert_record   add column tenant_id bigint null comment 'з§ҹжҲ·ID(йЎ¶зә§йғЁй—Ё)', add index idx_alert_record_tenant (tenant_id);
alter table ai_models      add column tenant_id bigint null comment 'з§ҹжҲ·ID(йЎ¶зә§йғЁй—Ё)', add index idx_ai_models_tenant (tenant_id);
alter table ai_chat_config add column tenant_id bigint null comment 'з§ҹжҲ·ID(йЎ¶зә§йғЁй—Ё)', add index idx_ai_chat_config_tenant (tenant_id);
alter table sys_user       add column tenant_id bigint null comment 'з§ҹжҲ·ID(йЎ¶зә§йғЁй—Ё)', add index idx_sys_user_tenant (tenant_id);
alter table sys_dept       add column tenant_id bigint null comment 'з§ҹжҲ·ID(йЎ¶зә§йғЁй—Ё)', add index idx_sys_dept_tenant (tenant_id);
alter table sys_notice     add column tenant_id bigint null comment 'з§ҹжҲ·ID(йЎ¶зә§йғЁй—Ё)', add index idx_sys_notice_tenant (tenant_id);
alter table sys_job        add column tenant_id bigint null comment 'з§ҹжҲ·ID(йЎ¶зә§йғЁй—Ё)', add index idx_sys_job_tenant (tenant_id);
-- еӣһеЎ«й»ҳи®Өз§ҹжҲ·(зҺ°жңүз§Қеӯҗж•°жҚ®еқҮеҪ’йӣҶеӣўжҖ»е…¬еҸё=100)
update task set tenant_id=100;           update task_instance set tenant_id=100;  update task_log set tenant_id=100;
update alert_strategy set tenant_id=100; update alert_record set tenant_id=100;
update ai_models set tenant_id=100;      update ai_chat_config set tenant_id=100;
update sys_user set tenant_id=100;       update sys_dept set tenant_id=100;       update sys_notice set tenant_id=100;  update sys_job set tenant_id=100;

-- ----------------------------
-- жј”зӨәж•°жҚ®е·ІжҠҪзҰ»:й»ҳи®Өз©әйЎ№зӣ®гҖӮйңҖиҰҒиҙўз»Ҹ demo(ж•°жҚ®жәҗ/д»»еҠЎ/жЁЎеһӢ/AIеә”з”Ё + еЎ«е…… ES)ж—¶,жңҚеҠЎеҗҜеҠЁеҗҺжүӢеҠЁи·‘:
--   docker exec -i ezdata-backend-my python - < api/demo_seed.py
-- ----------------------------

